Player,AB,R,HR,RBI,SB,AVG,OBP,H,2B,3B,BB,SO,SLG,OPS,Rost,Yahoo,ESPN,PlayerId,Team
Juan Soto ,522,115,35,107,12,0.31,0.453,162,29,3,137,102,0.578,1.031,0.99,0.99,1.0,6906,WSH 
Trea Turner ,605,107,27,90,30,0.304,0.356,184,35,4,48,114,0.509,0.864,0.99,0.99,1.0,5828,LAD 
Vladimir Guerrero Jr. ,572,109,41,113,3,0.303,0.385,173,31,2,77,106,0.584,0.97,0.99,0.99,1.0,6050,TOR 
Jose Ramirez ,561,102,35,105,24,0.271,0.356,152,36,4,75,94,0.54,0.897,0.99,0.99,1.0,5288,CLE 
Bryce Harper ,535,105,37,102,14,0.281,0.403,150,35,2,109,149,0.562,0.964,0.99,0.99,1.0,4293,PHI 
Bo Bichette ,605,105,28,94,20,0.29,0.337,176,34,2,43,130,0.496,0.834,0.99,0.99,1.0,6808,TOR 
Ronald Acuna Jr. ,481,105,35,83,23,0.28,0.375,135,26,2,73,139,0.568,0.943,0.99,0.99,1.0,6966,ATL 
Freddie Freeman ,574,108,31,98,6,0.296,0.386,170,33,2,84,109,0.526,0.913,0.99,0.99,1.0,3365,LAD 
Matt Olson ,559,99,42,115,3,0.266,0.36,149,29,1,82,135,0.546,0.906,0.99,0.98,1.0,5718,ATL 
Rafael Devers ,593,101,36,107,5,0.279,0.343,166,38,2,57,137,0.536,0.879,0.99,0.99,1.0,5175,BOS 
Mookie Betts ,574,115,29,84,16,0.278,0.366,159,35,3,80,104,0.507,0.873,0.99,0.99,1.0,4921,LAD 
Mike Trout ,497,100,36,95,8,0.283,0.403,141,27,3,100,146,0.57,0.973,0.99,0.99,1.0,3785,LAA 
Kyle Tucker ,553,89,31,97,17,0.28,0.347,155,35,4,56,111,0.531,0.878,0.99,0.99,1.0,6006,HOU 
Aaron Judge ,550,98,38,99,5,0.276,0.366,152,25,1,78,166,0.536,0.902,0.99,0.99,1.0,4955,NYY 
Manny Machado ,583,92,32,104,11,0.277,0.349,161,30,2,64,109,0.504,0.853,0.99,0.99,1.0,3778,SD 
Yordan Alvarez ,544,91,36,109,2,0.279,0.352,152,32,2,61,146,0.548,0.9,0.99,0.99,1.0,6461,HOU 
Ozzie Albies ,606,101,28,91,17,0.27,0.323,164,37,6,47,120,0.49,0.813,0.99,0.99,1.0,5980,ATL 
Luis Robert ,562,89,29,86,16,0.286,0.335,161,34,3,41,146,0.512,0.847,0.99,0.99,0.98,6935,CWS 
Pete Alonso ,565,90,40,109,2,0.259,0.337,146,27,2,67,141,0.529,0.866,0.99,0.99,1.0,6960,NYM 
Nick Castellanos ,581,93,32,98,3,0.282,0.333,164,37,2,45,139,0.516,0.85,0.99,0.98,0.99,4631,PHI 
Teoscar Hernandez ,566,87,33,101,11,0.267,0.322,151,29,2,46,168,0.498,0.82,0.9,0.94,0.87,4846,TOR 
Tim Anderson ,604,99,21,69,19,0.295,0.326,178,33,2,28,136,0.46,0.786,0.98,0.99,0.97,4956,CWS 
Tyler O'Neill ,530,88,34,90,14,0.26,0.318,138,25,2,45,177,0.509,0.827,0.79,0.85,0.73,5050,STL 
Xander Bogaerts ,576,93,26,92,7,0.285,0.358,164,36,1,65,121,0.491,0.849,0.99,0.99,1.0,4347,BOS 
Paul Goldschmidt ,579,94,30,88,7,0.277,0.358,160,31,2,73,141,0.487,0.845,0.99,0.99,0.99,4403,STL 
Trevor Story ,571,91,27,83,21,0.261,0.328,149,36,4,57,157,0.485,0.813,0.98,0.99,0.97,4747,BOS 
Byron Buxton ,499,86,31,79,16,0.272,0.316,136,34,3,32,135,0.538,0.855,0.98,0.98,0.98,4672,MIN 
Starling Marte ,544,89,17,65,34,0.277,0.326,151,29,3,40,112,0.432,0.759,0.98,0.99,0.98,4377,NYM 
George Springer ,533,98,34,86,6,0.263,0.344,140,26,2,66,135,0.51,0.855,0.99,0.99,1.0,4614,TOR 
Austin Riley ,571,86,32,99,1,0.276,0.335,158,31,2,51,161,0.506,0.841,0.98,0.98,0.99,6022,ATL 
Kris Bryant ,551,94,27,85,8,0.277,0.353,153,35,3,64,139,0.497,0.85,0.94,0.94,0.95,4934,COL 
Jose Abreu ,578,86,30,107,1,0.267,0.326,154,32,2,50,141,0.484,0.809,0.96,0.96,0.97,4594,CWS 
Franmil Reyes ,548,79,37,104,3,0.256,0.326,140,24,2,57,183,0.511,0.837,0.62,0.61,0.62,6005,CLE 
Marcus Semien ,596,96,30,82,12,0.257,0.331,153,32,2,66,129,0.471,0.802,0.93,0.93,0.92,4544,TEX 
Jorge Polanco ,582,91,26,86,10,0.271,0.326,157,33,3,48,113,0.47,0.796,0.94,0.93,0.94,5354,MIN 
Jose Altuve ,578,102,26,76,7,0.273,0.339,158,30,2,58,96,0.465,0.805,0.99,0.98,1.0,4334,HOU 
Bryan Reynolds ,567,90,24,85,5,0.283,0.363,161,34,6,70,132,0.493,0.856,0.9,0.88,0.91,6818,PIT 
J.D. Martinez ,567,85,29,97,1,0.273,0.342,155,35,2,60,150,0.495,0.837,0.99,0.98,0.99,4339,BOS 
Corey Seager ,528,86,26,86,3,0.288,0.358,152,33,3,58,101,0.506,0.864,0.98,0.97,0.99,4805,TEX 
Francisco Lindor ,574,90,27,86,14,0.256,0.33,147,28,3,63,111,0.453,0.783,0.99,0.99,1.0,4569,NYM 
Cedric Mullins II ,586,88,24,64,25,0.265,0.327,156,31,5,54,125,0.459,0.787,0.98,0.98,0.99,7400,BAL 
Brandon Lowe ,533,90,34,90,7,0.248,0.328,132,28,2,63,166,0.5,0.828,0.88,0.9,0.85,7236,TB 
Ketel Marte ,564,85,23,78,6,0.294,0.352,166,37,4,51,98,0.492,0.844,0.94,0.93,0.96,5179,ARI 
Nolan Arenado ,587,82,31,100,2,0.262,0.324,154,31,2,54,97,0.478,0.802,0.99,0.99,1.0,4350,STL 
Salvador Perez ,546,74,36,97,1,0.265,0.299,145,24,1,26,143,0.509,0.808,0.97,0.97,0.97,4147,KC 
Wander Franco ,575,92,18,82,9,0.285,0.341,164,34,8,49,85,0.466,0.807,0.99,0.98,1.0,7147,TB 
Max Muncy ,487,90,33,95,3,0.249,0.359,121,23,1,83,129,0.506,0.865,0.89,0.84,0.94,5207,LAD 
Whit Merrifield ,611,88,12,64,29,0.279,0.322,170,36,4,39,98,0.41,0.732,0.96,0.97,0.95,6338,KC 
Kyle Schwarber ,505,90,37,87,3,0.246,0.346,124,22,1,78,160,0.516,0.863,0.95,0.94,0.96,5686,PHI 
Giancarlo Stanton ,514,77,34,97,1,0.262,0.344,135,23,0,64,160,0.51,0.854,0.98,0.98,0.98,3783,NYY 
Jared Walsh ,541,80,31,98,2,0.263,0.328,142,30,2,52,154,0.5,0.828,0.91,0.93,0.89,8473,LAA 
Javier Baez ,562,80,28,85,15,0.254,0.292,143,26,3,30,183,0.461,0.753,0.84,0.91,0.77,4606,DET 
Christian Yelich ,515,90,23,78,14,0.263,0.367,136,26,3,85,145,0.463,0.83,0.98,0.97,0.98,4596,MIL 
Rhys Hoskins ,512,86,34,93,4,0.241,0.342,124,30,1,79,147,0.508,0.85,0.89,0.88,0.9,6744,PHI 
Eloy Jimenez ,545,74,31,94,1,0.27,0.319,147,29,1,39,143,0.499,0.818,0.88,0.9,0.85,5141,CWS 
Carlos Correa ,546,88,25,88,1,0.272,0.351,149,32,1,67,122,0.476,0.827,0.96,0.95,0.97,4673,MIN 
Randy Arozarena ,538,87,23,73,18,0.258,0.326,139,29,3,54,161,0.452,0.778,0.93,0.97,0.89,6962,TB 
Josh Bell ,533,81,29,95,1,0.263,0.348,140,26,2,70,120,0.485,0.833,0.96,0.93,0.98,4664,WSH 
Nelson Cruz ,496,75,32,90,2,0.265,0.334,132,21,1,51,131,0.499,0.832,0.73,0.73,0.73,3796,WSH 
Jonathan India ,554,98,22,71,11,0.262,0.346,145,33,2,71,146,0.45,0.796,0.82,0.86,0.77,6895,CIN 
Alex Bregman ,530,87,24,88,3,0.268,0.364,142,32,1,80,86,0.47,0.833,0.98,0.97,1.0,5973,HOU 
C.J. Cron ,493,73,30,91,1,0.269,0.34,133,28,1,54,124,0.512,0.852,0.96,0.96,0.96,4688,COL 
Ryan Mountcastle ,564,78,30,87,4,0.26,0.311,147,27,2,42,161,0.473,0.784,0.75,0.81,0.7,7239,BAL 
Mitch Haniger ,550,88,31,86,3,0.25,0.317,137,25,2,54,150,0.47,0.787,0.79,0.8,0.78,6481,SEA 
Joey Gallo ,497,89,39,93,5,0.212,0.343,105,18,1,99,206,0.487,0.83,0.51,0.45,0.56,4711,NYY 
Joey Votto ,517,80,30,91,2,0.253,0.356,131,25,1,83,140,0.48,0.836,0.58,0.51,0.64,3535,CIN 
Adalberto Mondesi ,485,66,17,60,41,0.246,0.287,119,24,5,27,148,0.425,0.712,0.24,0.35,0.12,5860,KC 
Dansby Swanson ,570,81,25,80,10,0.253,0.315,144,31,2,52,156,0.441,0.756,0.85,0.89,0.8,5965,ATL 
Lourdes Gurriel Jr. ,532,72,24,85,4,0.273,0.316,145,30,2,34,119,0.469,0.785,0.72,0.64,0.8,6931,TOR 
Justin Turner ,498,79,23,81,2,0.274,0.344,137,24,1,53,94,0.463,0.807,0.87,0.83,0.92,4261,LAD 
Bobby Witt Jr. ,521,74,21,73,18,0.258,0.312,135,29,4,41,134,0.442,0.754,0.92,0.94,0.91,6810,KC 
Avisail Garcia ,534,73,24,81,8,0.265,0.317,141,24,1,41,139,0.448,0.765,0.39,0.35,0.44,4140,MIA 
Hunter Renfroe ,508,76,32,88,3,0.241,0.306,123,26,1,48,141,0.48,0.787,0.77,0.76,0.77,4959,MIL 
Anthony Rendon ,505,77,22,86,2,0.271,0.358,137,31,2,69,94,0.47,0.828,0.96,0.94,0.98,4291,LAA 
Marcell Ozuna ,506,73,26,85,3,0.265,0.338,134,22,1,56,127,0.47,0.808,0.88,0.84,0.91,4726,ATL 
Jake Cronenworth ,554,85,18,74,7,0.273,0.338,151,33,6,54,95,0.45,0.787,0.88,0.83,0.93,7868,SD 
Anthony Rizzo ,510,79,26,79,6,0.257,0.336,131,24,2,61,93,0.464,0.799,0.97,0.95,0.99,4307,NYY 
Seiya Suzuki ,484,73,24,74,9,0.27,0.348,130,25,2,58,111,0.479,0.827,0.89,0.87,0.91,6973,CHC 
Miguel Sano ,515,80,35,89,2,0.228,0.314,118,26,1,65,201,0.479,0.794,0.11,0.11,0.11,4634,MIN 
Fernando Tatis Jr. ,309,64,25,62,15,0.286,0.366,88,17,2,39,89,0.599,0.965,0.98,0.97,0.98,6853,SD 
Willy Adames ,547,82,25,76,6,0.255,0.328,140,30,2,60,168,0.455,0.783,0.86,0.87,0.85,5988,MIL 
Charlie Blackmon ,528,82,18,73,4,0.279,0.341,148,28,4,49,100,0.452,0.793,0.71,0.55,0.87,4418,COL 
Ryan McMahon ,529,77,24,83,5,0.255,0.329,135,29,2,59,156,0.457,0.786,0.75,0.79,0.71,5009,COL 
Jesse Winker ,482,79,24,71,2,0.274,0.356,132,28,1,61,99,0.479,0.835,0.81,0.73,0.89,5719,SEA 
Matt Chapman ,539,84,31,86,2,0.233,0.319,125,25,3,68,180,0.466,0.785,0.79,0.76,0.82,6315,TOR 
Jazz Chisholm Jr. ,517,77,22,63,23,0.242,0.301,125,22,5,43,161,0.432,0.733,0.97,0.98,0.96,8449,MIA 
Austin Meadows ,499,75,26,83,6,0.248,0.321,124,27,3,54,121,0.47,0.791,0.74,0.7,0.77,4936,DET 
J.T. Realmuto ,509,76,21,76,10,0.26,0.323,132,26,3,47,133,0.449,0.771,0.98,0.98,0.99,5371,PHI 
Eddie Rosario ,483,67,23,77,9,0.266,0.313,129,24,2,33,79,0.468,0.781,0.36,0.23,0.48,4556,ATL 
Will Smith ,430,73,27,81,3,0.257,0.345,110,22,2,58,104,0.503,0.848,0.99,0.98,1.0,7671,LAD 
Ty France ,542,77,20,79,1,0.276,0.331,149,30,1,45,109,0.447,0.778,0.96,0.95,0.98,8163,SEA 
Trey Mancini ,558,78,24,79,1,0.263,0.326,147,30,2,52,139,0.451,0.777,0.65,0.64,0.66,5976,BAL 
Trent Grisham ,522,82,21,67,15,0.247,0.333,129,28,4,68,136,0.435,0.768,0.43,0.37,0.48,7502,SD 
Tommy Edman ,547,79,12,57,22,0.269,0.313,147,31,4,35,91,0.406,0.72,0.97,0.96,0.98,7752,STL 
Alex Verdugo ,529,78,15,66,7,0.286,0.347,151,34,2,49,97,0.445,0.791,0.73,0.61,0.85,5983,BOS 
Randal Grichuk ,512,70,25,81,2,0.263,0.306,135,29,3,31,116,0.48,0.785,0.62,0.6,0.63,5423,COL 
Frank Schwindel ,495,70,24,77,3,0.266,0.312,132,28,1,33,99,0.469,0.781,0.39,0.25,0.53,7532,CHC 
Dylan Carlson ,558,81,21,72,6,0.257,0.328,144,32,4,58,149,0.439,0.766,0.52,0.47,0.58,6407,STL 
Adolis Garcia ,537,70,27,81,12,0.233,0.274,125,25,2,31,174,0.437,0.711,0.64,0.75,0.52,6901,TEX 
Yoan Moncada ,542,80,20,74,5,0.26,0.347,141,31,3,72,161,0.435,0.782,0.67,0.7,0.65,5679,CWS 
Adam Duvall ,482,67,32,89,3,0.229,0.284,111,19,2,37,154,0.479,0.763,0.32,0.36,0.27,5317,ATL 
Jean Segura ,536,76,15,64,9,0.281,0.33,150,28,3,39,87,0.424,0.754,0.88,0.84,0.91,4179,PHI 
Cody Bellinger ,482,75,25,77,9,0.238,0.323,115,22,3,60,123,0.456,0.779,0.93,0.9,0.95,6045,LAD 
Gleyber Torres ,522,70,19,72,11,0.263,0.335,137,26,1,57,116,0.43,0.765,0.75,0.72,0.78,5133,NYY 
Chris Taylor ,499,78,19,73,10,0.252,0.33,126,28,4,58,156,0.436,0.766,0.87,0.91,0.83,4888,LAD 
Austin Hays ,522,73,23,74,6,0.257,0.3,134,27,3,33,120,0.451,0.752,0.6,0.51,0.68,7238,BAL 
Jorge Soler ,530,77,31,80,1,0.237,0.323,125,26,1,68,158,0.46,0.783,0.7,0.66,0.75,4495,MIA 
Julio Rodriguez ,475,68,18,64,13,0.271,0.334,129,25,2,45,125,0.443,0.776,0.82,0.88,0.76,43685,SEA 
Nathaniel Lowe ,514,74,21,74,6,0.258,0.348,133,24,2,71,149,0.438,0.787,0.29,0.22,0.36,7914,TEX 
Ian Happ ,488,72,26,76,8,0.24,0.333,117,23,2,68,157,0.453,0.786,0.74,0.71,0.77,6008,CHC 
Josh Donaldson ,468,77,27,75,1,0.247,0.352,116,22,1,76,124,0.471,0.823,0.75,0.69,0.8,3594,NYY 
Jonathan Schoop ,556,73,22,75,2,0.264,0.304,147,26,2,31,122,0.435,0.739,0.32,0.2,0.44,4487,DET 
Andrew Benintendi ,501,68,17,71,10,0.269,0.333,135,29,3,48,109,0.443,0.776,0.83,0.78,0.88,5972,KC 
Brandon Belt ,454,74,26,71,4,0.252,0.348,114,23,2,67,132,0.486,0.834,0.43,0.42,0.44,3107,SF 
Kolten Wong ,519,79,14,57,15,0.267,0.325,139,30,3,44,96,0.418,0.743,0.65,0.56,0.74,4486,MIL 
Yuli Gurriel ,523,72,16,74,2,0.28,0.337,146,29,1,45,73,0.43,0.767,0.7,0.63,0.77,6438,HOU 
Amed Rosario ,544,74,13,61,12,0.276,0.315,150,26,6,31,116,0.418,0.733,0.36,0.31,0.4,5994,CLE 
Kike Hernandez ,526,84,22,69,2,0.253,0.323,133,32,3,54,114,0.451,0.773,0.49,0.28,0.71,5522,BOS 
Brandon Crawford ,501,70,19,74,7,0.259,0.328,130,28,2,51,114,0.437,0.764,0.55,0.55,0.55,4461,SF 
AJ Pollock ,434,61,22,71,7,0.269,0.32,116,25,1,33,100,0.481,0.801,0.26,0.3,0.22,4637,CWS 
Spencer Torkelson ,463,70,25,75,4,0.247,0.328,114,24,2,56,124,0.464,0.792,0.45,0.35,0.55,43877,DET 
Brendan Rodgers ,508,68,19,68,2,0.277,0.317,141,29,3,30,113,0.46,0.777,0.49,0.57,0.41,5966,COL 
Luke Voit ,463,68,26,77,1,0.248,0.325,115,20,1,52,144,0.462,0.787,0.29,0.3,0.29,7230,SD 
Michael Brantley ,495,71,13,61,3,0.294,0.348,146,30,2,41,67,0.44,0.788,0.83,0.74,0.93,3748,HOU 
Tommy Pham ,450,72,18,59,13,0.258,0.354,116,23,2,67,117,0.442,0.796,0.39,0.38,0.41,5584,CIN 
Wil Myers ,500,67,22,71,10,0.246,0.322,123,27,2,56,161,0.437,0.76,0.1,0.12,0.08,3471,SD 
Anthony Santander ,514,68,25,75,2,0.251,0.295,129,30,1,32,119,0.458,0.753,0.45,0.25,0.65,4903,BAL 
Jesus Aguilar ,477,61,23,82,1,0.258,0.331,123,23,1,53,107,0.45,0.781,0.36,0.33,0.39,5287,MIA 
Max Kepler ,491,75,24,72,8,0.233,0.317,114,26,3,60,109,0.445,0.762,0.63,0.5,0.76,5357,MIN 
Mike Yastrzemski ,492,75,24,71,4,0.241,0.318,119,28,4,55,138,0.459,0.777,0.62,0.55,0.7,8467,SF 
Ke'Bryan Hayes ,538,72,15,64,11,0.261,0.325,140,32,4,51,129,0.417,0.742,0.79,0.77,0.82,6910,PIT 
Eduardo Escobar ,527,69,24,78,2,0.245,0.305,129,24,4,45,120,0.445,0.75,0.54,0.46,0.62,4117,NYM 
Bobby Dalbec ,455,63,28,77,3,0.238,0.3,108,22,3,41,163,0.483,0.783,0.12,0.15,0.09,8355,BOS 
Jeimer Candelario ,543,73,19,71,2,0.258,0.335,140,33,3,63,137,0.433,0.768,0.29,0.1,0.48,5920,DET 
Daulton Varsho ,449,66,20,63,10,0.254,0.32,114,24,4,44,108,0.455,0.775,0.96,0.96,0.96,7551,ARI 
Jesus Sanchez ,487,63,24,72,3,0.253,0.313,123,20,4,42,144,0.462,0.775,0.2,0.22,0.17,6890,MIA 
Akil Baddoo ,474,68,16,57,19,0.246,0.32,117,22,7,51,137,0.425,0.745,0.1,0.09,0.1,7862,DET 
Luis Urias ,479,71,19,67,6,0.252,0.331,121,24,2,56,112,0.434,0.765,0.69,0.64,0.75,6936,MIL 
Shohei Ohtani ,526,100,38,93,22,0.259,0.359,136,26,5,82,172,0.547,0.906,0.5,0.0,1.0,7354,LAA 
Willson Contreras ,465,69,22,70,5,0.243,0.322,113,22,1,54,143,0.44,0.762,0.96,0.97,0.95,5919,CHC 
Ramon Laureano ,451,66,20,59,12,0.249,0.31,112,25,2,40,130,0.449,0.758,0.18,0.28,0.07,6740,OAK 
Jo Adell ,486,63,21,71,8,0.243,0.293,118,23,4,34,149,0.433,0.726,0.11,0.18,0.05,6899,LAA 
DJ LeMahieu ,485,73,12,56,4,0.282,0.348,137,22,2,48,73,0.406,0.754,0.95,0.92,0.98,4417,NYY 
Harrison Bader ,478,66,19,61,12,0.246,0.311,118,25,2,45,129,0.429,0.74,0.51,0.6,0.42,6480,STL 
Yasmani Grandal ,412,68,25,71,1,0.237,0.368,98,17,1,86,121,0.463,0.831,0.81,0.8,0.82,4445,CWS 
Oneil Cruz ,412,57,18,58,12,0.264,0.32,109,22,4,33,115,0.467,0.786,0.16,0.26,0.06,39199,PIT 
Mike Moustakas ,479,63,24,76,2,0.241,0.31,115,26,1,48,111,0.453,0.762,0.1,0.09,0.11,3779,CIN 
Andrew McCutchen ,456,69,21,67,6,0.238,0.336,109,22,1,68,119,0.43,0.766,0.25,0.16,0.33,3052,MIL 
Myles Straw ,504,73,4,42,26,0.263,0.338,133,24,2,57,110,0.344,0.682,0.61,0.64,0.58,7628,CLE 
Mark Canha ,478,77,18,63,8,0.237,0.332,113,22,3,68,124,0.406,0.738,0.52,0.41,0.63,5670,NYM 
Michael Conforto ,447,67,19,68,3,0.253,0.345,113,23,1,63,115,0.441,0.786,0.28,0.17,0.39,5812,RF) FA 
Robbie Grossman ,477,70,17,56,14,0.241,0.342,115,22,3,73,120,0.404,0.747,0.35,0.3,0.4,4795,DET 
Jarred Kelenic ,477,65,22,66,11,0.229,0.299,109,23,2,48,136,0.425,0.724,0.29,0.28,0.31,6884,SEA 
Alex Kirilloff ,456,58,19,65,4,0.266,0.315,121,24,2,33,111,0.456,0.771,0.19,0.17,0.21,6414,MIN 
Tyler Naquin ,446,60,18,65,5,0.262,0.312,117,25,2,33,119,0.448,0.76,0.18,0.23,0.13,5902,CIN 
Patrick Wisdom ,425,61,27,69,5,0.223,0.293,95,17,1,42,168,0.451,0.744,0.51,0.66,0.36,6255,CHC 
Brandon Nimmo ,462,76,14,51,7,0.261,0.366,120,24,4,76,119,0.426,0.792,0.7,0.59,0.81,4685,NYM 
Jeff McNeil ,486,64,13,58,4,0.275,0.329,134,28,2,39,74,0.418,0.747,0.85,0.8,0.89,8027,NYM 
Garrett Cooper ,433,60,18,62,2,0.265,0.338,115,20,1,48,127,0.44,0.779,0.02,0.03,0.02,7279,MIA 
Christian Walker ,474,65,18,66,2,0.251,0.318,119,26,2,47,127,0.43,0.747,0.29,0.33,0.25,4905,ARI 
Eugenio Suarez ,473,64,27,75,1,0.218,0.299,103,19,1,55,153,0.429,0.727,0.64,0.75,0.54,5332,SEA 
J.P. Crawford ,568,76,10,57,7,0.257,0.326,146,31,2,58,110,0.373,0.699,0.7,0.58,0.82,4950,SEA 
Eric Hosmer ,468,56,15,66,4,0.265,0.324,124,23,1,41,99,0.416,0.74,0.79,0.76,0.83,3329,SD 
Manuel Margot ,433,58,12,53,16,0.256,0.318,111,21,3,39,83,0.405,0.723,0.62,0.72,0.51,5888,TB 
Jeremy Pena ,452,58,17,55,10,0.252,0.301,114,19,3,32,121,0.415,0.717,0.74,0.8,0.69,43642,HOU 
Lorenzo Cain ,430,59,11,49,15,0.264,0.329,113,21,1,42,90,0.394,0.723,0.02,0.02,0.01,3672,MIL 
Jose Iglesias ,466,57,9,53,5,0.29,0.32,135,29,2,21,70,0.419,0.739,0.06,0.07,0.05,3581,COL 
Miguel Rojas ,493,63,9,51,12,0.266,0.318,131,27,2,37,74,0.386,0.703,0.03,0.02,0.05,5504,MIA 
David Peralta ,481,58,13,66,2,0.266,0.326,128,26,5,43,101,0.419,0.745,0.12,0.07,0.17,5497,ARI 
Yandy Diaz ,457,63,14,61,1,0.265,0.355,121,22,1,64,86,0.405,0.76,0.21,0.1,0.32,6677,TB 
David Fletcher ,559,69,5,47,11,0.273,0.318,152,28,3,37,62,0.357,0.675,0.23,0.05,0.42,7075,LAA 
Seth Brown ,455,59,23,67,5,0.225,0.282,102,23,3,36,143,0.439,0.72,0.04,0.04,0.04,30700,OAK 
Cesar Hernandez ,496,71,14,54,3,0.255,0.325,127,23,2,52,110,0.393,0.718,0.11,0.11,0.1,4279,WSH 
Rowdy Tellez ,389,54,21,61,1,0.256,0.318,99,20,1,36,93,0.473,0.792,0.71,0.75,0.66,5030,MIL 
Andres Gimenez ,430,56,13,48,18,0.246,0.288,106,22,3,25,109,0.401,0.688,0.34,0.44,0.24,7049,CLE 
Nick Senzel ,417,58,12,48,12,0.261,0.324,109,24,3,39,94,0.42,0.744,0.03,0.04,0.01,6475,CIN 
Gavin Lux ,412,61,14,56,6,0.254,0.328,105,19,4,45,102,0.419,0.747,0.51,0.5,0.51,7421,LAD 
Isiah Kiner-Falefa ,491,60,8,46,14,0.266,0.307,131,21,3,29,76,0.367,0.674,0.17,0.2,0.13,7662,NYY 
Luis Arraez ,472,65,5,47,3,0.295,0.358,139,24,4,46,57,0.396,0.754,0.73,0.69,0.77,8162,MIN 
Nick Madrigal ,451,57,6,45,10,0.289,0.332,130,22,5,29,47,0.394,0.726,0.17,0.04,0.3,6954,CHC 
Josh Rojas ,444,64,12,47,11,0.252,0.33,112,26,3,51,116,0.401,0.731,0.29,0.32,0.26,26964,ARI 
Paul DeJong ,438,59,21,61,5,0.228,0.298,100,19,1,43,123,0.416,0.714,0.02,0.02,0.01,7111,STL 
Joc Pederson ,430,60,20,62,2,0.235,0.303,101,20,3,43,114,0.434,0.737,0.58,0.64,0.51,4769,SF 
Adam Frazier ,498,67,8,46,7,0.27,0.324,134,27,3,40,72,0.382,0.706,0.51,0.38,0.64,6243,SEA 
Mitch Garver ,387,56,21,58,2,0.24,0.323,93,19,1,47,125,0.46,0.783,0.37,0.54,0.2,6239,TEX 
Lane Thomas ,414,60,15,54,10,0.238,0.317,98,22,3,48,123,0.415,0.732,0.01,0.01,0.01,8293,WSH 
Kole Calhoun ,421,59,21,58,3,0.232,0.308,98,19,1,47,110,0.43,0.738,0.26,0.36,0.15,4554,TEX 
LaMonte Wade Jr. ,400,58,17,54,7,0.241,0.322,96,19,3,48,101,0.422,0.744,0.03,0.03,0.03,7573,SF 
Cavan Biggio ,434,64,16,55,8,0.23,0.335,100,21,2,68,131,0.397,0.732,0.05,0.05,0.05,4988,TOR 
Tyler Stephenson ,411,58,13,55,1,0.267,0.341,110,23,1,46,94,0.422,0.763,0.9,0.91,0.89,6024,CIN 
Jonathan Villar ,392,53,13,43,16,0.251,0.317,98,16,2,38,107,0.399,0.717,0.18,0.3,0.06,4771,CHC 
Nicky Lopez ,484,64,4,43,14,0.267,0.329,129,22,4,45,75,0.353,0.682,0.07,0.07,0.07,7530,KC 
Brian Anderson ,430,54,17,57,5,0.247,0.319,106,20,1,45,118,0.413,0.732,0.03,0.03,0.02,6730,MIA 
Bobby Bradley ,409,56,24,66,1,0.217,0.287,89,18,1,40,151,0.446,0.734,0.01,0.01,0.0,6002,CLE 
Pavin Smith ,448,59,13,52,2,0.264,0.328,119,24,4,43,93,0.419,0.747,0.06,0.06,0.06,6959,ARI 
Didi Gregorius ,420,52,17,61,4,0.244,0.294,102,20,3,30,74,0.421,0.715,0.04,0.04,0.04,4317,PHI 
Keibert Ruiz ,382,49,16,57,1,0.265,0.321,101,20,1,32,59,0.447,0.768,0.83,0.82,0.84,6912,WSH 
Sam Hilliard ,362,52,19,52,9,0.23,0.296,83,16,3,34,127,0.447,0.744,0.01,0.01,0.0,7679,COL 
Wilmer Flores ,377,51,16,53,1,0.267,0.325,100,19,1,33,58,0.448,0.773,0.5,0.4,0.61,4257,SF 
Joey Wendle ,438,58,9,47,10,0.258,0.302,113,25,3,28,98,0.394,0.696,0.24,0.28,0.21,5169,MIA 
Gio Urshela ,414,51,14,55,1,0.267,0.309,110,23,1,25,96,0.428,0.737,0.21,0.27,0.16,5595,MIN 
Raimel Tapia ,416,55,6,41,15,0.263,0.314,110,23,3,31,78,0.373,0.688,0.06,0.1,0.03,5240,TOR 
Aaron Hicks ,401,60,17,56,4,0.23,0.334,92,18,2,63,107,0.406,0.74,0.03,0.02,0.05,4483,NYY 
Willie Calhoun ,420,53,16,53,2,0.254,0.313,107,20,2,36,73,0.43,0.743,0.01,0.01,0.02,7005,TEX 
Carlos Santana ,446,59,18,59,2,0.231,0.337,103,17,1,71,84,0.392,0.728,0.24,0.05,0.43,3162,KC 
Josh Naylor ,390,50,15,51,3,0.263,0.319,102,21,1,32,85,0.439,0.757,0.57,0.63,0.5,6054,CLE 
Ji-Man Choi ,404,55,17,61,1,0.234,0.337,95,21,1,63,125,0.413,0.75,0.07,0.07,0.08,5302,TB 
Michael A. Taylor ,454,53,13,50,12,0.237,0.29,108,22,2,33,138,0.382,0.671,0.01,0.01,0.01,5442,KC 
Yoshi Tsutsugo ,423,57,18,60,1,0.23,0.319,97,21,1,55,121,0.411,0.73,0.01,0.01,0.02,41015,PIT 
Hunter Dozier ,426,54,17,54,5,0.236,0.304,100,22,4,42,127,0.423,0.727,0.24,0.27,0.21,4977,KC 
Brandon Marsh ,438,56,11,47,10,0.245,0.315,108,22,4,45,149,0.385,0.7,0.37,0.5,0.25,7393,LAA 
Alec Bohm ,390,51,12,51,4,0.262,0.323,102,19,1,35,98,0.411,0.734,0.44,0.53,0.36,7921,PHI 
Miguel Cabrera ,448,48,15,62,1,0.251,0.311,112,16,1,39,113,0.389,0.701,0.07,0.07,0.08,3759,DET 
Alejandro Kirk ,339,47,15,52,1,0.266,0.337,90,19,1,37,60,0.459,0.796,0.24,0.32,0.16,43675,TOR 
Darin Ruf ,339,48,17,52,2,0.251,0.341,85,17,1,46,99,0.454,0.796,0.1,0.11,0.09,4616,SF 
Tony Kemp ,429,59,9,44,9,0.252,0.337,108,21,3,55,74,0.371,0.707,0.04,0.03,0.04,5979,OAK 
Aristides Aquino ,324,47,20,53,5,0.226,0.302,73,14,1,35,109,0.463,0.765,0.01,0.01,0.01,6544,CIN 
Dominic Smith ,382,48,14,56,2,0.254,0.308,97,21,1,30,95,0.426,0.734,0.02,0.02,0.02,4946,NYM 
Colin Moran ,351,44,15,56,1,0.255,0.324,90,16,0,35,93,0.435,0.758,0.02,0.02,0.01,4937,CIN 
Riley Greene ,338,48,13,44,6,0.256,0.324,87,15,4,34,99,0.428,0.751,0.11,0.18,0.05,19457,DET 
Bryson Stott ,385,51,12,46,7,0.251,0.323,96,20,2,41,106,0.404,0.727,0.02,0.02,0.02,22308,PHI 
Brad Miller ,347,50,18,50,3,0.235,0.321,81,14,2,44,112,0.443,0.764,0.08,0.1,0.07,4684,TEX 
Rafael Ortega ,355,50,11,40,11,0.249,0.319,89,17,2,36,81,0.396,0.716,0.01,0.01,0.01,5424,CHC 
Gary Sanchez ,377,53,22,58,1,0.21,0.294,79,15,1,45,116,0.43,0.725,0.58,0.67,0.5,4670,MIN 
Andy Ibanez ,391,50,13,47,2,0.261,0.313,102,21,2,30,71,0.426,0.739,0.01,0.01,0.01,6676,TEX 
Tommy La Stella ,392,54,11,46,1,0.264,0.327,104,19,2,36,50,0.411,0.738,0.02,0.02,0.02,5248,SF 
Josh Harrison ,400,49,9,46,6,0.266,0.31,106,22,2,26,66,0.396,0.707,0.05,0.05,0.04,4372,CWS 
Evan Longoria ,353,47,15,52,2,0.249,0.314,88,17,1,33,89,0.431,0.744,0.02,0.03,0.01,3342,SF 
Seth Beer ,348,48,15,50,1,0.254,0.315,88,19,1,31,89,0.443,0.758,0.02,0.02,0.01,6974,ARI 
Chad Pinder ,413,52,15,53,2,0.24,0.294,99,23,1,32,113,0.409,0.704,0.02,0.02,0.01,4980,OAK 
Victor Robles ,406,53,10,41,15,0.235,0.295,95,23,2,34,113,0.373,0.667,0.01,0.02,0.01,5978,WSH 
Andrew Vaughn ,370,50,15,49,1,0.249,0.318,92,20,1,37,87,0.439,0.757,0.44,0.53,0.35,22216,CWS 
Jurickson Profar ,394,53,10,46,10,0.239,0.318,94,20,2,46,71,0.378,0.696,0.64,0.53,0.76,4581,SD 
Gavin Sheets ,317,43,16,51,1,0.251,0.315,80,15,0,30,84,0.452,0.767,0.01,0.01,0.02,43643,CWS 
Kevin Kiermaier ,413,54,9,46,12,0.236,0.297,97,19,6,36,114,0.373,0.67,0.11,0.16,0.06,5131,TB 
Josh Lowe ,327,45,13,43,11,0.239,0.314,78,17,2,36,116,0.42,0.734,0.06,0.08,0.03,10142,TB 
Connor Joe ,312,46,13,46,2,0.263,0.348,82,17,1,41,75,0.452,0.801,0.76,0.68,0.84,7302,COL 
Kyle Farmer ,395,47,12,49,3,0.257,0.296,101,20,2,22,86,0.405,0.701,0.05,0.06,0.04,5706,CIN 
Steven Kwan ,335,47,9,40,5,0.274,0.336,92,17,3,31,51,0.423,0.758,0.4,0.27,0.53,44349,CLE 
Jake Meyers ,337,45,13,45,7,0.245,0.299,83,17,1,26,97,0.415,0.714,0.0,0.0,0.0,10160,HOU 
Sean Murphy ,389,50,18,54,1,0.226,0.301,88,20,1,42,113,0.418,0.718,0.65,0.59,0.72,6609,OAK 
Ben Gamel ,423,55,11,44,5,0.245,0.333,104,24,3,56,129,0.392,0.725,0.09,0.09,0.08,5459,PIT 
Kevin Smith ,367,45,16,48,8,0.225,0.286,83,19,2,31,107,0.414,0.7,0.01,0.01,0.01,9985,OAK 
Carson Kelly ,369,47,16,52,0,0.242,0.326,89,17,1,46,91,0.421,0.747,0.09,0.07,0.1,6253,ARI 
Elias Diaz ,338,45,14,45,1,0.26,0.318,88,17,1,28,67,0.439,0.757,0.12,0.15,0.09,5591,COL 
Ramon Urias ,401,49,12,48,3,0.249,0.313,100,22,1,38,111,0.395,0.709,0.01,0.0,0.01,8377,BAL 
Robinson Cano ,364,44,12,47,1,0.263,0.311,96,20,1,25,67,0.417,0.728,0.01,0.01,0.02,3865,SD 
Jorge Mateo ,379,45,10,39,14,0.24,0.279,91,20,4,21,106,0.383,0.662,0.22,0.31,0.14,5971,BAL 
Ha-Seong Kim ,343,45,12,45,8,0.239,0.302,82,17,2,31,81,0.403,0.705,0.17,0.17,0.18,6866,SD 
Christian Vazquez ,395,46,9,45,6,0.255,0.307,101,19,1,29,79,0.38,0.686,0.45,0.49,0.42,5391,BOS 
Cristian Pache ,442,52,13,47,7,0.228,0.28,101,22,2,32,133,0.367,0.648,0.01,0.01,0.01,7653,OAK 
Adley Rutschman ,329,46,13,44,2,0.253,0.334,83,16,1,40,74,0.428,0.761,0.72,0.81,0.63,8022,BAL 
Elvis Andrus ,456,52,7,40,11,0.247,0.292,112,23,2,29,76,0.35,0.642,0.02,0.02,0.03,3324,OAK 
Nick Ahmed ,435,51,10,48,6,0.239,0.297,104,25,3,36,101,0.378,0.675,0.01,0.01,0.01,5521,ARI 
Austin Slater ,293,41,11,35,12,0.249,0.325,73,14,2,33,88,0.417,0.742,0.01,0.01,0.0,7070,SF 
Kyle Lewis ,318,43,14,42,4,0.248,0.324,79,13,1,36,102,0.423,0.747,0.21,0.28,0.14,6397,SEA 
Omar Narvaez ,363,47,12,46,0,0.256,0.33,93,16,0,40,81,0.396,0.725,0.2,0.11,0.3,6155,MIL 
Travis d'Arnaud ,352,43,14,49,1,0.248,0.308,87,17,1,30,93,0.417,0.725,0.74,0.79,0.69,4099,ATL 
Danny Jansen ,318,47,16,47,1,0.233,0.308,74,16,1,34,79,0.44,0.748,0.15,0.21,0.09,7237,TOR 
Mike Zunino ,325,47,22,52,0,0.203,0.27,66,13,1,30,125,0.451,0.721,0.1,0.15,0.05,4663,TB 
Kevin Newman ,440,48,6,42,7,0.258,0.3,114,21,3,26,49,0.361,0.661,0.01,0.01,0.0,6044,PIT 
Yadier Molina ,402,42,11,52,2,0.249,0.288,100,17,0,22,72,0.371,0.659,0.13,0.13,0.13,4020,STL 
Clint Frazier ,328,45,14,44,4,0.235,0.32,77,18,1,41,101,0.421,0.741,0.01,0.01,0.01,4935,CHC 
Rougned Odor ,340,44,18,50,3,0.215,0.275,73,15,1,28,102,0.42,0.695,0.02,0.02,0.02,4776,BAL 
Jake Fraley ,264,39,12,40,9,0.238,0.329,63,13,1,36,82,0.428,0.757,0.01,0.01,0.0,8083,CIN 
Nick Solak ,335,44,10,40,5,0.255,0.313,85,15,1,28,74,0.396,0.709,0.01,0.02,0.01,7470,TEX 
Garrett Hampson ,303,43,8,30,13,0.249,0.306,76,14,4,25,79,0.401,0.706,0.01,0.02,0.01,7545,COL 
Alcides Escobar ,413,50,7,42,4,0.251,0.291,104,21,2,24,83,0.357,0.648,0.01,0.01,0.0,3031,WSH 
Austin Nola ,343,41,10,45,1,0.258,0.323,89,18,1,33,66,0.401,0.724,0.16,0.19,0.14,6548,SD 
Stephen Piscotty ,388,43,14,48,3,0.232,0.287,90,18,1,30,109,0.386,0.674,0.0,0.0,0.0,5702,OAK 
Taylor Ward ,284,42,11,39,4,0.248,0.325,71,16,1,32,82,0.429,0.754,0.92,0.92,0.93,6071,LAA 
Tyrone Taylor ,280,38,12,42,5,0.244,0.298,68,13,2,21,69,0.434,0.731,0.05,0.06,0.04,7578,MIL 
Max Stassi ,343,45,15,46,0,0.229,0.299,79,13,1,34,116,0.403,0.702,0.02,0.03,0.02,5251,LAA 
J.D. Davis ,291,39,12,39,2,0.258,0.337,75,15,1,34,85,0.43,0.767,0.01,0.01,0.01,6148,NYM 
Odubel Herrera ,298,39,10,37,4,0.261,0.311,78,17,1,21,56,0.423,0.733,0.02,0.02,0.01,5663,PHI 
Nick Pratto ,259,38,13,40,5,0.237,0.317,61,14,2,30,86,0.452,0.769,0.01,0.02,0.01,7154,KC 
Jed Lowrie ,369,43,11,49,1,0.239,0.311,88,21,1,38,93,0.39,0.701,0.01,0.01,0.01,3479,OAK 
Daniel Vogelbach ,291,43,14,42,1,0.23,0.349,67,12,0,53,79,0.419,0.769,0.04,0.05,0.04,4697,PIT 
Anthony Alford ,300,39,10,37,11,0.228,0.299,68,14,2,30,111,0.386,0.685,0.0,0.0,0.0,5693,"LF,CF) FA "
Luis Garcia ,299,39,10,36,2,0.264,0.304,79,16,2,17,55,0.424,0.728,0.01,0.01,0.01,7507,WSH 
Jordan Luplow ,280,40,13,41,3,0.233,0.326,65,15,1,39,82,0.435,0.761,0.01,0.01,0.0,7287,ARI 
Jake McCarthy ,283,37,8,32,15,0.229,0.293,65,13,4,26,88,0.386,0.679,0.0,0.0,0.0,8273,ARI 
Chas McCormick ,276,39,11,38,5,0.24,0.31,66,11,1,28,82,0.404,0.713,0.02,0.02,0.01,10177,HOU 
Nico Hoerner ,299,37,5,32,8,0.272,0.331,81,15,2,27,58,0.375,0.707,0.06,0.08,0.05,7934,CHC 
James McCann ,362,40,12,44,2,0.236,0.292,86,14,1,29,108,0.376,0.668,0.03,0.05,0.02,5563,NYM 
Jason Heyward ,318,42,10,38,4,0.242,0.317,77,14,2,35,68,0.391,0.707,0.0,0.0,0.01,3459,CHC 
Alex Dickerson ,247,35,12,37,1,0.254,0.314,63,12,1,22,63,0.459,0.773,0.0,0.0,0.0,5655,ATL 
Jacob Stallings ,370,41,10,43,0,0.245,0.319,91,18,1,40,89,0.375,0.694,0.03,0.04,0.03,6310,MIA 
Leury Garcia ,315,40,6,34,5,0.26,0.31,82,15,2,23,74,0.371,0.682,0.01,0.02,0.01,4539,CWS 
Santiago Espinal ,301,39,5,32,6,0.267,0.325,80,16,1,26,52,0.377,0.703,0.25,0.29,0.21,8474,TOR 
Jackie Bradley Jr. ,370,47,10,40,7,0.216,0.281,80,19,2,33,110,0.362,0.643,0.01,0.01,0.01,4567,BOS 
Taylor Walls ,309,40,8,35,10,0.227,0.312,70,16,2,38,90,0.362,0.674,0.01,0.01,0.0,43756,TB 
Yadiel Hernandez ,258,35,10,36,2,0.255,0.319,66,11,1,24,67,0.42,0.739,0.26,0.32,0.2,10179,WSH 
Michael Chavis ,285,37,11,38,3,0.24,0.287,68,13,2,19,88,0.418,0.705,0.04,0.05,0.04,6946,PIT 
Keston Hiura ,265,36,12,37,4,0.229,0.294,61,13,1,24,95,0.424,0.718,0.01,0.01,0.01,7180,MIL 
Andrelton Simmons ,407,43,5,38,4,0.251,0.3,102,16,1,29,59,0.333,0.633,0.0,0.0,0.0,4583,CHC 
Kyle Isbel ,265,35,8,30,8,0.248,0.306,66,13,2,22,69,0.4,0.706,0.0,0.0,0.0,8285,KC 
Corey Dickerson ,290,35,8,33,3,0.262,0.309,76,16,2,20,56,0.414,0.723,0.01,0.01,0.01,4072,STL 
Joey Bart ,337,40,10,38,2,0.237,0.284,80,15,1,22,108,0.378,0.662,0.1,0.13,0.06,7956,SF 
Ryan Jeffers ,310,37,15,40,1,0.219,0.287,68,13,1,29,105,0.406,0.693,0.02,0.03,0.02,8660,MIN 
Carter Kieboom ,305,41,10,37,1,0.237,0.317,72,13,1,36,78,0.379,0.696,0.01,0.01,0.01,6823,WSH 
Steven Duggar ,296,39,7,33,7,0.238,0.304,70,15,3,28,94,0.378,0.683,0.0,0.0,0.0,7065,SF 
Jose Miranda ,224,31,9,31,1,0.277,0.32,62,13,1,14,36,0.445,0.765,0.03,0.04,0.01,44244,MIN 
Tyler Wade ,256,36,4,23,16,0.234,0.303,60,12,2,25,69,0.34,0.643,0.03,0.03,0.02,5990,LAA 
Matt Vierling ,265,33,8,31,6,0.249,0.304,66,12,1,21,64,0.394,0.698,0.0,0.0,0.0,10043,PHI 
Jose Barrero ,228,31,8,30,6,0.253,0.305,58,13,1,17,62,0.423,0.728,0.01,0.02,0.01,7218,CIN 
Jorge Alfaro ,291,31,9,35,5,0.243,0.281,71,13,1,15,94,0.383,0.664,0.02,0.02,0.01,4714,SD 
Yan Gomes ,255,33,10,36,1,0.249,0.299,63,12,1,18,62,0.422,0.72,0.02,0.03,0.01,4522,CHC 
Yu Chang ,267,34,10,37,2,0.235,0.289,63,14,2,20,83,0.417,0.705,0.0,0.0,0.0,5034,CLE 
Eric Haase ,263,33,13,38,2,0.219,0.278,58,10,1,21,93,0.421,0.698,0.02,0.03,0.02,7567,DET 
Edmundo Sosa ,262,34,7,29,4,0.26,0.299,68,11,2,15,56,0.393,0.693,0.0,0.0,0.0,6587,STL 
Kyle Higashioka ,271,33,14,40,1,0.214,0.272,58,12,0,21,80,0.414,0.686,0.02,0.02,0.02,6168,NYY 
Matt Beaty ,231,32,7,33,3,0.255,0.314,59,11,1,20,48,0.4,0.714,0.0,0.0,0.0,7673,SD 
Bryan De La Cruz ,259,32,7,30,2,0.265,0.319,69,12,2,21,65,0.407,0.726,0.0,0.0,0.0,44192,MIA 
Thairo Estrada ,217,31,8,28,4,0.259,0.308,56,10,1,15,49,0.42,0.728,0.63,0.7,0.55,7544,SF 
Triston Casas ,190,29,8,33,2,0.258,0.338,49,11,1,23,52,0.443,0.781,0.04,0.07,0.02,6997,BOS 
C.J. Abrams ,229,31,5,26,9,0.249,0.299,57,13,1,17,54,0.377,0.677,0.05,0.08,0.03,19879,SD 
Lars Nootbaar ,242,32,8,30,4,0.246,0.318,59,9,1,26,60,0.393,0.712,0.0,0.0,0.0,44339,STL 
Oscar Mercado ,235,32,7,26,8,0.239,0.302,56,12,1,21,49,0.386,0.688,0.02,0.02,0.03,4967,CLE 
Kevin Pillar ,207,28,8,30,4,0.25,0.279,52,11,1,9,39,0.431,0.71,0.0,0.0,0.0,5274,LAD 
Francisco Mejia ,264,32,9,34,1,0.244,0.292,64,14,2,18,58,0.41,0.702,0.05,0.07,0.04,5998,TB 
Justin Upton ,218,31,11,33,2,0.226,0.307,49,9,0,25,73,0.425,0.732,0.01,0.01,0.0,3622,SEA 
Dylan Moore ,209,28,8,26,12,0.213,0.288,45,9,1,22,63,0.378,0.665,0.01,0.01,0.0,6484,SEA 
Maikel Franco ,263,29,10,36,1,0.237,0.288,62,14,0,19,47,0.404,0.692,0.07,0.08,0.07,4725,WSH 
Cole Tucker ,292,36,6,30,6,0.231,0.303,68,14,3,30,72,0.358,0.662,0.0,0.0,0.0,5985,PIT 
Jarren Duran ,211,30,5,24,8,0.25,0.303,53,11,2,16,63,0.401,0.704,0.05,0.08,0.01,10054,BOS 
Matt Duffy ,238,31,4,26,4,0.268,0.331,64,10,1,22,51,0.363,0.694,0.0,0.0,0.0,5032,LAA 
Aledmys Diaz ,231,29,8,32,1,0.253,0.302,58,13,0,16,47,0.413,0.714,0.02,0.02,0.01,5460,HOU 
Austin Hedges ,331,36,13,40,2,0.199,0.251,66,11,0,23,104,0.351,0.602,0.0,0.0,0.0,4680,CLE 
Jose Siri ,199,26,8,26,8,0.233,0.282,46,9,1,13,65,0.403,0.685,0.01,0.01,0.01,5727,HOU 
Kelvin Gutierrez ,310,33,7,32,3,0.239,0.292,74,12,2,23,84,0.357,0.649,0.0,0.0,0.0,7666,BAL 
Tucker Barnhart ,340,36,8,38,1,0.228,0.297,77,16,1,33,91,0.347,0.644,0.02,0.03,0.01,4847,DET 
Roberto Perez ,356,37,12,41,2,0.203,0.285,72,11,1,41,122,0.34,0.625,0.0,0.0,0.0,5529,PIT 
Bradley Zimmer ,219,30,7,24,9,0.222,0.294,49,9,1,22,76,0.359,0.653,0.0,0.0,0.0,5967,TOR 
Alek Thomas ,185,27,5,23,5,0.27,0.331,50,10,3,17,45,0.432,0.763,0.27,0.32,0.22,8265,ARI 
Abraham Toro ,203,29,7,28,3,0.247,0.313,50,10,1,20,41,0.408,0.72,0.02,0.02,0.02,8427,SEA 
Luis Torrens ,238,28,10,32,0,0.238,0.3,57,12,1,21,63,0.414,0.714,0.01,0.01,0.01,6629,SEA 
Vidal Brujan ,186,26,4,21,12,0.242,0.305,45,10,1,17,36,0.375,0.679,0.03,0.04,0.01,10035,TB 
Donovan Solano ,227,27,5,27,1,0.28,0.327,63,13,1,16,49,0.413,0.74,0.0,0.0,0.0,4591,CIN 
Martin Maldonado ,367,42,12,40,1,0.195,0.276,72,13,1,41,119,0.331,0.607,0.01,0.01,0.01,4351,HOU 
Mitch Moreland ,203,27,10,31,0,0.235,0.303,48,10,1,20,49,0.433,0.736,0.0,0.0,0.0,3788,"1B,DH) FA "
MJ Melendez ,168,25,9,27,2,0.244,0.321,41,9,1,19,48,0.458,0.779,0.24,0.37,0.1,10031,KC 
Brett Gardner ,245,33,7,28,3,0.227,0.317,56,10,3,32,62,0.372,0.689,0.0,0.0,0.0,3124,"LF,CF) FA "
Christian Arroyo ,204,27,7,27,2,0.249,0.295,51,11,1,13,54,0.423,0.718,0.0,0.0,0.0,5036,BOS 
Manny Pina ,206,26,10,30,0,0.23,0.298,48,9,0,20,53,0.412,0.709,0.0,0.0,0.0,4148,ATL 
Tom Murphy ,250,30,11,32,1,0.213,0.291,53,10,1,27,82,0.389,0.68,0.01,0.01,0.01,5850,SEA 
Sheldon Neuse ,240,28,7,27,3,0.235,0.286,56,11,1,17,73,0.376,0.662,0.17,0.26,0.07,7488,OAK 
Edwin Rios ,159,24,9,27,1,0.229,0.295,37,8,0,15,52,0.452,0.747,0.02,0.03,0.01,7414,LAD 
Asdrubal Cabrera ,210,27,7,30,1,0.234,0.308,49,11,0,22,47,0.397,0.704,0.0,0.0,0.0,3070,"1B,3B) FA "
Victor Reyes ,196,25,4,20,5,0.265,0.303,52,9,2,11,44,0.401,0.704,0.0,0.0,0.0,7369,DET 
DJ Stewart ,185,27,9,27,1,0.222,0.319,41,8,1,26,51,0.416,0.735,0.0,0.0,0.0,7406,BAL 
Dom Nunez ,224,30,10,30,1,0.207,0.298,46,11,2,29,81,0.401,0.699,0.0,0.0,0.0,5020,COL 
Cal Raleigh ,224,25,9,29,2,0.224,0.275,50,13,0,16,66,0.405,0.68,0.0,0.0,0.0,8457,SEA 
Mike Brosseau ,186,26,7,25,2,0.235,0.3,44,9,1,17,52,0.404,0.704,0.0,0.0,0.0,8485,MIL 
Jace Peterson ,185,26,5,23,5,0.238,0.328,44,9,1,24,46,0.378,0.705,0.04,0.06,0.02,5478,MIL 
Niko Goodrum ,189,26,6,23,6,0.224,0.295,42,9,1,19,64,0.381,0.675,0.0,0.0,0.0,6751,HOU 
Adam Engel ,181,24,6,22,5,0.24,0.288,43,9,1,12,49,0.4,0.688,0.0,0.0,0.0,6234,CWS 
Nolan Gorman ,167,22,7,23,2,0.25,0.299,42,9,1,12,43,0.425,0.723,0.46,0.62,0.3,7471,STL 
Kevin Plawecki ,197,23,5,24,1,0.262,0.319,52,11,1,17,40,0.398,0.717,0.0,0.0,0.0,5684,BOS 
Trevor Larnach ,218,28,7,26,1,0.23,0.306,50,10,0,24,67,0.385,0.69,0.01,0.02,0.01,7176,MIN 
Albert Pujols ,171,19,8,27,1,0.238,0.282,41,6,0,11,31,0.409,0.691,0.03,0.02,0.03,3027,STL 
Mauricio Dubon ,180,23,5,21,3,0.255,0.307,46,8,1,14,36,0.395,0.702,0.01,0.01,0.01,6615,HOU 
D.J. Stewart ,215,28,9,29,1,0.205,0.306,44,9,1,32,69,0.365,0.671,0.0,0.0,0.0,45969,1B) 
Eric Thames ,203,26,8,26,2,0.217,0.293,44,10,1,22,55,0.392,0.685,0.0,0.0,0.0,3334,"1B,RF) FA "
Curt Casali ,230,26,8,28,1,0.222,0.302,51,11,1,26,71,0.371,0.673,0.01,0.02,0.01,5533,SF 
Riley Adams ,209,27,7,26,1,0.223,0.3,47,10,1,23,79,0.387,0.687,0.0,0.0,0.0,43678,WSH 
Johan Camargo ,163,23,6,22,1,0.251,0.312,41,9,1,15,38,0.428,0.74,0.01,0.01,0.01,6533,PHI 
Greg Allen ,158,23,3,16,8,0.247,0.305,39,8,1,13,38,0.371,0.676,0.0,0.0,0.0,6777,PIT 
Leody Taveras ,167,23,5,19,7,0.224,0.291,38,8,1,16,47,0.372,0.664,0.0,0.0,0.0,39153,TEX 
Hanser Alberto ,175,23,3,20,2,0.273,0.297,48,10,1,6,25,0.396,0.694,0.0,0.0,0.0,5644,LAD 
Austin Barnes ,194,27,6,24,2,0.221,0.3,43,8,0,22,52,0.353,0.652,0.02,0.02,0.02,5633,LAD 
Lewin Diaz ,153,20,8,23,1,0.236,0.285,36,7,1,11,39,0.448,0.734,0.0,0.0,0.0,26308,MIA 
Edward Olivares ,144,20,5,18,4,0.258,0.309,37,6,1,11,29,0.423,0.732,0.02,0.03,0.01,7536,KC 
Brent Rooker ,165,23,8,23,1,0.222,0.296,37,8,0,17,59,0.429,0.725,0.0,0.0,0.0,7318,SD 
Colton Welker ,158,21,5,22,1,0.259,0.316,41,9,1,13,41,0.425,0.741,0.0,0.0,0.0,7250,COL 
Nick Gordon ,152,19,4,18,6,0.25,0.298,38,8,1,10,40,0.391,0.689,0.01,0.01,0.0,5960,MIN 
Brian Goodwin ,178,24,6,22,2,0.23,0.306,41,9,1,19,49,0.392,0.698,0.0,0.0,0.0,4686,"CF,RF) FA "
Brett Phillips ,151,23,6,19,7,0.198,0.294,30,5,2,20,60,0.374,0.668,0.02,0.03,0.01,5969,TB 
Michael Hermosillo ,143,21,6,20,3,0.229,0.297,33,6,1,14,53,0.419,0.716,0.0,0.0,0.0,7078,CHC 
Jonah Heim ,188,21,6,23,2,0.234,0.287,44,9,0,14,40,0.385,0.672,0.49,0.44,0.53,6457,TEX 
Robinson Chirinos ,194,23,8,24,1,0.215,0.288,42,9,1,20,66,0.384,0.673,0.0,0.0,0.0,3866,BAL 
Starlin Castro ,158,18,4,20,1,0.27,0.318,43,8,1,11,29,0.407,0.725,0.0,0.0,0.0,3939,3B) FA 
Ehire Adrianza ,175,24,4,20,1,0.245,0.313,43,9,1,17,41,0.381,0.694,0.0,0.0,0.0,5316,WSH 
Orlando Arcia ,143,19,5,19,2,0.249,0.307,36,6,0,12,26,0.4,0.707,0.0,0.0,0.0,4860,ATL 
Ben Rortvedt ,195,23,7,23,1,0.22,0.283,43,7,0,17,56,0.368,0.651,0.0,0.0,0.0,8534,NYY 
Victor Caratini ,171,21,5,22,1,0.241,0.315,41,7,0,19,46,0.367,0.683,0.0,0.0,0.0,5080,MIL 
Isaac Paredes ,146,21,5,19,1,0.25,0.336,36,7,1,19,27,0.408,0.744,0.01,0.01,0.01,10050,TB 
Jose Trevino ,186,20,5,22,1,0.239,0.277,45,9,0,10,40,0.362,0.64,0.01,0.01,0.01,7023,NYY 
Brennen Davis ,131,20,5,17,2,0.242,0.314,32,7,1,14,47,0.42,0.734,0.03,0.05,0.01,43673,CHC 
Jon Berti ,143,21,3,14,6,0.24,0.323,34,6,1,18,37,0.351,0.674,0.01,0.02,0.0,6776,MIA 
Sergio Alcantara ,194,24,4,18,3,0.232,0.316,45,7,2,24,54,0.346,0.662,0.0,0.0,0.0,5710,SD 
Cooper Hummel ,131,20,5,18,1,0.245,0.341,32,6,1,19,36,0.414,0.755,0.0,0.0,0.0,44594,ARI 
Yonathan Daza ,155,18,2,16,2,0.276,0.322,43,8,1,10,31,0.383,0.705,0.02,0.03,0.01,7667,COL 
Harold Castro ,172,18,3,18,1,0.266,0.3,46,7,1,9,36,0.36,0.66,0.01,0.01,0.0,5033,DET 
Stephen Vogt ,220,24,7,25,1,0.206,0.28,45,10,1,23,62,0.352,0.632,0.0,0.0,0.0,4087,OAK 
Juan Yepez ,114,16,6,18,1,0.248,0.318,28,6,0,12,29,0.447,0.765,0.38,0.5,0.25,44924,STL 
Geraldo Perdomo ,156,20,3,16,4,0.241,0.319,37,7,2,18,35,0.354,0.674,0.01,0.01,0.0,43732,ARI 
Andrew Knizner ,178,21,5,19,1,0.232,0.296,41,8,0,16,40,0.353,0.649,0.01,0.01,0.01,7107,STL 
Andrew Stevenson ,132,18,3,16,2,0.258,0.311,34,6,1,10,30,0.384,0.694,0.0,0.0,0.0,7098,WSH 
Kurt Suzuki ,171,19,5,21,0,0.236,0.285,40,7,0,12,35,0.37,0.655,0.0,0.0,0.0,3650,LAA 
Owen Miller ,160,19,4,18,1,0.245,0.294,39,8,1,11,40,0.383,0.677,0.6,0.55,0.66,10063,CLE 
Tomas Nido ,190,20,5,21,1,0.225,0.263,43,8,1,10,54,0.353,0.616,0.0,0.0,0.0,6539,NYM 
Travis Swaggerty ,119,16,4,14,4,0.242,0.313,29,6,1,12,35,0.388,0.701,0.0,0.0,0.0,7500,PIT 
Mickey Moniak ,141,18,5,18,2,0.225,0.28,32,6,2,11,47,0.4,0.68,0.02,0.02,0.01,8368,PHI 
Jack Mayfield ,130,16,5,18,2,0.233,0.283,30,7,0,9,31,0.411,0.694,0.0,0.0,0.0,7625,LAA 
Jason Castro ,147,20,6,19,0,0.218,0.315,32,7,0,21,52,0.389,0.704,0.0,0.0,0.0,3454,HOU 
David Bote ,128,17,5,18,1,0.229,0.306,29,5,1,14,32,0.4,0.706,0.0,0.0,0.0,7663,CHC 
Khris Davis ,113,15,6,18,0,0.228,0.295,26,5,0,11,33,0.435,0.73,0.0,0.0,0.0,4800,DH) FA 
Pedro Severino ,136,15,5,18,0,0.241,0.307,33,6,0,13,32,0.386,0.692,0.0,0.0,0.0,5844,MIL 
Adam Eaton ,132,19,3,14,2,0.241,0.309,32,6,1,13,29,0.374,0.683,0.0,0.0,0.0,4635,RF) FA 
Max Moroff ,112,16,5,17,1,0.225,0.315,25,5,0,15,36,0.394,0.709,0.0,0.0,0.0,5918,2B) FA 
Josh VanMeter ,127,16,4,16,2,0.229,0.312,29,7,1,15,33,0.4,0.712,0.0,0.0,0.0,6641,PIT 
Guillermo Heredia ,147,21,3,15,1,0.229,0.298,34,9,0,15,38,0.354,0.652,0.0,0.0,0.0,6057,ATL 
Travis Shaw ,112,15,5,17,0,0.228,0.312,26,6,0,14,29,0.41,0.722,0.0,0.0,0.0,5639,"1B,3B) FA "
Nomar Mazara ,125,15,4,16,1,0.238,0.296,30,6,1,10,32,0.394,0.69,0.0,0.0,0.0,5913,SD 
Josh Jung ,88,12,4,13,1,0.275,0.331,24,5,0,7,13,0.464,0.795,0.02,0.03,0.01,23130,TEX 
Nolan Jones ,107,16,4,13,2,0.232,0.325,25,6,0,15,34,0.401,0.725,0.01,0.01,0.0,10128,CLE 
Jose Rojas ,114,16,5,14,1,0.233,0.297,26,6,0,10,31,0.421,0.718,0.0,0.0,0.0,8617,LAA 
Gosuke Katoh ,112,15,3,13,2,0.247,0.315,28,6,0,11,29,0.383,0.697,0.0,0.0,0.0,9966,NYM 
Tim Locastro ,111,16,2,11,5,0.234,0.286,26,5,1,8,25,0.353,0.638,0.0,0.0,0.0,7329,NYY 
Eli White ,146,18,4,15,3,0.215,0.281,31,6,1,13,50,0.345,0.626,0.02,0.03,0.01,8216,TEX 
Willi Castro ,109,15,3,13,2,0.247,0.291,27,5,1,7,23,0.398,0.689,0.02,0.02,0.01,5997,DET 
Gabriel Arias ,110,14,3,13,1,0.263,0.309,29,6,1,7,29,0.408,0.718,0.0,0.0,0.0,10084,CLE 
Aramis Garcia ,138,16,5,17,0,0.223,0.272,31,6,0,9,47,0.386,0.658,0.0,0.0,0.0,6199,CIN 
Mason Martin ,105,14,5,16,1,0.223,0.287,23,5,0,10,43,0.424,0.711,0.0,0.0,0.0,7910,PIT 
Yonny Hernandez ,105,15,1,8,7,0.235,0.334,25,4,0,16,18,0.297,0.631,0.0,0.0,0.0,8614,ARI 
Shed Long Jr. ,111,14,4,13,2,0.231,0.294,26,5,1,10,30,0.398,0.692,0.0,0.0,0.0,8080,BAL 
Austin Allen ,114,13,5,15,0,0.238,0.285,27,6,0,7,31,0.41,0.695,0.0,0.0,0.0,7385,OAK 
Dee Strange-Gordon ,124,14,2,12,3,0.251,0.291,31,5,1,7,23,0.358,0.648,0.0,0.0,0.0,3287,WSH 
Hoy Park ,101,15,2,12,3,0.24,0.341,24,5,1,16,25,0.369,0.71,0.0,0.0,0.0,44226,PIT 
Wilson Ramos ,96,11,4,14,0,0.263,0.314,25,4,0,7,17,0.421,0.735,0.0,0.0,0.0,4013,C) FA 
Heliot Ramos ,103,14,3,12,2,0.241,0.299,25,5,0,9,28,0.388,0.687,0.01,0.02,0.0,10033,SF 
Luis Rengifo ,107,14,3,12,2,0.24,0.302,26,4,1,9,21,0.384,0.686,0.01,0.01,0.0,8153,LAA 
Billy McKinney ,129,16,5,15,1,0.209,0.285,27,6,1,14,37,0.384,0.669,0.0,0.0,0.0,4965,OAK 
Luis Guillorme ,116,15,2,12,1,0.259,0.349,30,5,0,16,24,0.363,0.711,0.01,0.02,0.01,6758,NYM 
Charlie Culberson ,119,13,3,13,2,0.24,0.291,29,6,1,9,32,0.386,0.677,0.0,0.0,0.0,4462,TEX 
Josh Reddick ,125,14,3,14,1,0.243,0.297,30,6,0,10,15,0.358,0.655,0.0,0.0,0.0,3600,RF) FA 
Daz Cameron ,88,12,3,11,3,0.232,0.299,21,5,1,8,20,0.399,0.698,0.0,0.0,0.0,6018,DET 
Nick Allen ,134,15,2,13,3,0.235,0.285,31,7,1,9,32,0.343,0.628,0.0,0.0,0.0,40272,OAK 
Matt Carpenter ,122,17,4,15,1,0.207,0.314,25,6,0,19,38,0.361,0.676,0.01,0.01,0.01,4386,NYY 
Drew Ellis ,113,16,4,14,0,0.223,0.303,25,6,0,13,37,0.388,0.691,0.0,0.0,0.0,7412,ARI 
Jake Marisnick ,107,14,3,13,2,0.227,0.275,24,5,1,7,33,0.383,0.658,0.0,0.0,0.0,4557,PIT 
Miguel Andujar ,82,11,4,12,0,0.259,0.301,21,4,0,5,15,0.447,0.748,0.01,0.02,0.01,6570,NYY 
Danny Mendick ,106,13,3,12,1,0.245,0.307,26,5,0,10,23,0.371,0.678,0.0,0.0,0.0,8443,CWS 
Ryan O'Hearn ,98,12,4,14,0,0.235,0.3,23,4,0,9,29,0.416,0.717,0.0,0.0,0.0,6681,KC 
Reese McGuire ,122,14,3,12,1,0.238,0.296,29,6,0,10,30,0.367,0.663,0.0,0.0,0.0,4941,CWS 
Shogo Akiyama ,122,15,2,11,2,0.236,0.309,29,6,1,13,20,0.355,0.664,0.0,0.0,0.0,42976,SD 
Joe Panik ,142,15,2,13,1,0.241,0.306,34,6,0,13,19,0.337,0.643,0.0,0.0,0.0,4770,"1B,2B,3B) RET "
Juan Lagares ,101,13,2,12,1,0.244,0.281,25,6,1,5,21,0.375,0.656,0.0,0.0,0.0,4263,LAA 
Marwin Gonzalez ,105,13,3,13,1,0.231,0.292,24,5,0,9,26,0.372,0.664,0.0,0.0,0.0,4336,NYY 
Jake Lamb ,100,14,4,14,0,0.213,0.3,21,4,0,12,33,0.38,0.679,0.0,0.0,0.0,5546,LAD 
Alan Trejo ,83,11,3,10,1,0.25,0.295,21,5,0,5,23,0.414,0.709,0.0,0.0,0.0,8563,COL 
Wilmer Difo ,111,14,2,11,1,0.242,0.302,27,4,1,10,26,0.35,0.652,0.0,0.0,0.0,5657,"2B,3B,RF) FA "
Chris Owings ,101,12,3,11,3,0.219,0.281,22,5,1,9,34,0.37,0.651,0.0,0.0,0.0,4258,BAL 
Andrew Velazquez ,79,11,2,9,4,0.228,0.292,18,4,1,7,23,0.361,0.653,0.01,0.01,0.01,6228,LAA 
Seby Zavala ,93,12,4,13,0,0.213,0.273,20,4,0,8,31,0.392,0.664,0.0,0.0,0.0,7878,CWS 
Zack Collins ,87,12,4,12,0,0.219,0.321,19,4,0,13,28,0.389,0.71,0.02,0.02,0.01,5022,TOR 
Derek Hill ,85,11,2,9,3,0.24,0.292,20,3,1,6,23,0.378,0.67,0.0,0.0,0.0,10000,DET 
Eric Sogard ,105,12,2,10,2,0.239,0.297,25,5,0,9,17,0.333,0.63,0.0,0.0,0.0,3333,"2B,3B) FA "
Max Schrock ,83,11,2,10,1,0.254,0.308,21,4,0,6,17,0.392,0.699,0.0,0.0,0.0,6483,CIN 
Luis Campusano ,83,11,3,11,0,0.247,0.312,20,4,0,8,19,0.395,0.707,0.01,0.01,0.0,7455,SD 
Danny Santana ,67,9,3,9,2,0.235,0.287,16,3,0,5,16,0.418,0.705,0.0,0.0,0.0,5355,"1B,CF) FA "
Tyler Nevin ,76,10,3,10,1,0.238,0.302,18,3,0,7,19,0.385,0.687,0.0,0.0,0.0,8294,BAL 
Michael Perez ,128,13,4,15,0,0.202,0.273,26,6,0,12,36,0.349,0.621,0.0,0.0,0.0,8029,PIT 
Luke Maile ,123,14,3,12,1,0.213,0.281,26,6,0,12,42,0.314,0.595,0.0,0.0,0.0,5834,CLE 
Bryan Lavastida ,77,10,2,10,1,0.247,0.312,19,4,0,7,20,0.381,0.692,0.0,0.0,0.0,44355,CLE 
Jarrod Dyson ,82,11,1,7,5,0.214,0.281,18,3,1,8,18,0.302,0.583,0.0,0.0,0.0,3446,"LF,CF,RF) FA "
Willians Astudillo ,80,9,3,10,0,0.256,0.291,20,4,0,4,8,0.416,0.707,0.0,0.0,0.0,7055,MIA 
Cam Gallagher ,112,12,2,11,0,0.242,0.301,27,6,0,9,23,0.357,0.658,0.0,0.0,0.0,6582,KC 
Zach McKinstry ,70,10,2,11,1,0.231,0.292,16,4,0,6,15,0.371,0.664,0.0,0.0,0.0,10153,LAD 
Renato Nunez ,66,9,3,10,0,0.239,0.294,16,3,0,5,18,0.42,0.715,0.01,0.01,0.0,4879,"1B,3B) FA "
Lewis Brinson ,87,10,3,11,1,0.224,0.272,19,4,0,6,21,0.37,0.641,0.0,0.0,0.0,4834,HOU 
Garrett Stubbs ,95,12,2,11,1,0.222,0.299,21,4,0,10,23,0.34,0.638,0.0,0.0,0.0,6761,PHI 
Luke Raley ,71,9,3,10,1,0.227,0.277,16,3,0,5,22,0.398,0.675,0.0,0.0,0.0,8040,TB 
Andrew Knapp ,116,13,3,12,0,0.213,0.295,25,5,0,13,40,0.327,0.622,0.0,0.0,0.0,4996,SEA 
Jordy Mercer ,86,10,2,9,1,0.243,0.296,21,5,0,6,19,0.358,0.654,0.0,0.0,0.0,4373,"2B,3B) FA "
William Contreras ,65,9,3,9,0,0.247,0.31,16,3,0,6,19,0.434,0.745,0.3,0.44,0.15,7659,ATL 
Dustin Garneau ,80,10,4,10,0,0.211,0.275,17,4,0,7,27,0.4,0.675,0.0,0.0,0.0,5824,DET 
Ryan McKenna ,77,10,2,9,2,0.22,0.301,17,3,0,9,23,0.362,0.663,0.0,0.0,0.0,8020,BAL 
Jake Burger ,56,9,3,9,0,0.241,0.301,13,3,0,5,11,0.46,0.761,0.0,0.0,0.0,10074,CWS 
Jose Devers ,66,9,2,7,1,0.262,0.316,17,4,0,5,16,0.387,0.702,0.0,0.0,0.0,7355,MIA 
Emmanuel Rivera ,69,9,2,8,1,0.252,0.298,17,4,0,5,17,0.399,0.697,0.01,0.02,0.01,44159,KC 
Magneuris Sierra ,71,9,1,5,4,0.237,0.283,17,3,0,5,10,0.295,0.578,0.0,0.0,0.0,6048,LAA 
Ernie Clement ,83,10,1,8,1,0.249,0.297,21,4,0,6,15,0.351,0.647,0.0,0.0,0.0,8532,CLE 
Evan White ,68,9,3,10,0,0.224,0.283,15,3,0,6,19,0.401,0.684,0.0,0.0,0.0,7225,SEA 
Richie Martin ,89,10,2,8,2,0.224,0.276,20,3,1,6,25,0.332,0.608,0.0,0.0,0.0,6607,BAL 
Ian Desmond ,62,8,3,8,1,0.221,0.281,14,3,0,5,8,0.388,0.669,0.0,0.0,0.0,3408,"LF,CF) RET "
Alfonso Rivas ,73,10,2,8,0,0.248,0.32,18,3,0,8,22,0.352,0.672,0.01,0.01,0.01,44183,CHC 
Adam Haseley ,68,9,2,8,1,0.238,0.292,16,3,0,5,14,0.372,0.664,0.0,0.0,0.0,7164,CWS 
Payton Henry ,95,10,3,10,0,0.226,0.281,21,4,0,7,34,0.357,0.637,0.0,0.0,0.0,8494,MIA 
Estevan Florial ,57,8,2,7,2,0.222,0.293,13,3,0,6,21,0.389,0.682,0.0,0.0,0.0,6852,NYY 
Jonathan Arauz ,57,9,2,8,0,0.25,0.318,14,3,0,6,11,0.389,0.707,0.0,0.0,0.0,9947,BOS 
Delino DeShields ,65,9,1,6,3,0.225,0.327,15,3,0,10,10,0.322,0.65,0.0,0.0,0.0,4518,ATL 
Matt Thaiss ,60,9,2,9,0,0.227,0.314,14,3,0,8,14,0.389,0.703,0.0,0.0,0.0,6942,LAA 
Brett Sullivan ,70,9,2,8,1,0.23,0.287,16,4,0,6,14,0.378,0.664,0.0,0.0,0.0,7838,SD 
TJ Friedl ,56,8,2,6,1,0.249,0.317,14,2,0,6,12,0.393,0.709,0.0,0.0,0.0,8358,CIN 
Jake Hager ,66,8,2,7,1,0.237,0.296,16,4,0,5,20,0.373,0.669,0.0,0.0,0.0,6671,ARI 
Lucius Fox ,61,8,2,6,2,0.234,0.307,14,3,0,6,16,0.366,0.672,0.0,0.0,0.0,6053,WSH 
Sandy Leon ,131,12,4,13,0,0.195,0.255,25,4,0,11,34,0.319,0.574,0.0,0.0,0.0,4618,CIN 
Dexter Fowler ,62,8,2,8,1,0.222,0.306,14,3,0,8,20,0.347,0.653,0.0,0.0,0.0,3297,RF) FA 
Jose Herrera ,72,8,2,9,1,0.226,0.305,16,3,0,8,20,0.351,0.656,0.0,0.0,0.0,44302,ARI 
Greg Bird ,55,7,3,9,0,0.22,0.303,12,3,0,7,13,0.432,0.736,0.0,0.0,0.0,5721,NYY 
Brock Holt ,89,10,1,8,1,0.232,0.301,21,4,0,9,22,0.321,0.622,0.0,0.0,0.0,4492,3B) FA 
Romy Gonzalez ,52,7,2,6,2,0.234,0.292,12,2,0,4,15,0.38,0.672,0.0,0.0,0.0,44875,CWS 
Matt Joyce ,73,10,2,9,0,0.221,0.322,16,3,0,11,19,0.356,0.678,0.0,0.0,0.0,3729,"LF,RF) FA "
Skye Bolt ,79,10,2,8,1,0.22,0.289,17,4,0,8,25,0.357,0.646,0.0,0.0,0.0,8156,OAK 
Luis Gonzalez ,55,7,2,7,2,0.228,0.305,12,2,0,6,15,0.387,0.692,0.07,0.1,0.04,8338,SF 
Nick Fortes ,62,7,2,7,1,0.238,0.296,15,3,0,5,14,0.372,0.669,0.0,0.0,0.0,8673,MIA 
Ryan Vilade ,58,8,1,6,1,0.255,0.305,15,3,0,4,13,0.362,0.667,0.0,0.0,0.0,7483,COL 
Jake Cave ,56,7,2,7,1,0.236,0.29,13,3,0,4,17,0.371,0.661,0.0,0.0,0.0,5957,MIN 
Austin Romine ,74,8,2,9,0,0.23,0.274,17,3,0,4,22,0.35,0.623,0.0,0.0,0.0,3074,LAA 
Michael Stefanic ,53,7,1,6,1,0.27,0.327,14,2,0,4,10,0.374,0.701,0.0,0.0,0.0,44937,LAA 
Yusniel Diaz ,66,8,2,8,1,0.209,0.27,14,3,0,6,21,0.35,0.621,0.0,0.0,0.0,6031,BAL 
Johneshwy Fargas ,55,6,1,5,4,0.218,0.271,12,2,1,4,16,0.339,0.611,0.0,0.0,0.0,43490,NYM 
Taylor Trammell ,53,8,2,7,1,0.205,0.294,11,2,0,7,13,0.352,0.646,0.0,0.0,0.0,6417,SEA 
Jose Rondon ,52,7,2,6,1,0.227,0.283,12,2,0,4,10,0.377,0.66,0.0,0.0,0.0,5198,RF) FA 
Travis Jankowski ,57,7,1,5,2,0.239,0.327,14,2,0,7,14,0.303,0.63,0.0,0.0,0.0,5825,NYM 
Drew Waters ,52,8,1,5,2,0.241,0.31,12,3,0,5,11,0.373,0.683,0.01,0.01,0.0,7224,ATL 
Daniel Johnson ,46,6,2,6,1,0.235,0.292,11,3,0,4,14,0.381,0.673,0.0,0.0,0.0,8181,NYM 
Tres Barrera ,64,7,2,8,0,0.227,0.3,15,3,0,7,17,0.352,0.653,0.0,0.0,0.0,8516,WSH 
Cody Thomas ,49,6,3,7,0,0.226,0.291,11,3,0,4,17,0.42,0.711,0.0,0.0,0.0,43944,OAK 
David Dahl ,45,7,2,6,0,0.244,0.298,11,3,0,3,8,0.416,0.714,0.0,0.0,0.0,4698,MIL 
Ronald Torreyes ,64,8,1,7,0,0.242,0.285,16,3,0,4,10,0.347,0.632,0.0,0.0,0.0,4811,"2B,3B,SS) FA "
Gregory Polanco ,44,6,2,6,1,0.229,0.302,10,2,0,5,14,0.405,0.707,0.0,0.0,0.0,4705,RF) FA 
Luis Barrera ,64,8,1,6,1,0.235,0.29,15,3,1,5,15,0.349,0.639,0.01,0.01,0.0,8147,OAK 
Jason Vosler ,48,6,2,6,0,0.24,0.305,12,2,0,5,12,0.419,0.724,0.0,0.0,0.0,7623,SF 
Josh Palacios ,54,7,1,6,1,0.239,0.304,13,3,0,5,17,0.362,0.667,0.0,0.0,0.0,43676,WSH 
Jacob Nottingham ,60,7,2,8,1,0.204,0.262,12,2,0,5,22,0.338,0.6,0.0,0.0,0.0,5982,BAL 
Jahmai Jones ,59,7,2,6,1,0.225,0.291,13,2,0,5,16,0.343,0.634,0.0,0.0,0.0,6876,BAL 
Jared Oliva ,50,6,1,5,2,0.237,0.292,12,3,0,4,15,0.353,0.645,0.0,0.0,0.0,10188,PIT 
Jose Peraza ,46,6,1,5,1,0.253,0.293,12,2,0,3,6,0.385,0.677,0.0,0.0,0.0,5186,NYY 
Taylor Jones ,46,6,2,6,0,0.238,0.307,11,2,0,5,14,0.396,0.703,0.0,0.0,0.0,8437,HOU 
Phil Gosselin ,52,7,1,6,0,0.248,0.304,13,2,0,4,12,0.351,0.655,0.0,0.0,0.0,5531,ATL 
Kyle Garlick ,47,6,2,6,0,0.232,0.279,11,3,0,3,14,0.418,0.696,0.0,0.0,0.0,8515,MIN 
Christin Stewart ,37,5,2,6,0,0.231,0.303,9,2,0,4,12,0.428,0.731,0.0,0.0,0.0,6832,BOS 
Rylan Bannon ,48,6,2,6,1,0.218,0.294,10,2,0,5,13,0.367,0.662,0.0,0.0,0.0,8006,BAL 
Luke Williams ,53,6,1,5,2,0.229,0.291,12,3,0,5,13,0.327,0.618,0.0,0.0,0.0,43628,MIA 
Vimael Machin ,63,8,1,6,0,0.231,0.306,15,3,0,7,12,0.334,0.64,0.0,0.0,0.0,40894,OAK 
Rafael Marchan ,52,6,2,6,0,0.236,0.296,12,2,0,5,12,0.369,0.665,0.0,0.0,0.0,43920,PHI 
Mario Feliciano ,42,5,2,6,0,0.238,0.282,10,2,0,3,12,0.41,0.692,0.0,0.0,0.0,43664,MIL 
Anthony Bemboom ,61,7,2,7,0,0.214,0.282,13,2,0,6,19,0.348,0.63,0.0,0.0,0.0,7072,BAL 
Justin Smoak ,45,6,2,6,0,0.222,0.319,10,2,0,6,13,0.39,0.709,0.0,0.0,0.0,3621,1B) FA 
Rodolfo Castro ,43,5,2,6,0,0.236,0.287,10,2,0,3,11,0.425,0.712,0.0,0.0,0.0,8553,PIT 
Dalton Kelly ,29,4,2,4,1,0.241,0.328,7,1,0,4,10,0.407,0.735,0.0,0.0,0.0,6573,OAK 
Richie Palacios ,38,5,1,4,1,0.259,0.333,10,2,0,4,9,0.4,0.734,0.0,0.0,0.0,44377,CLE 
Curtis Terry ,40,5,2,6,0,0.231,0.281,9,3,0,3,9,0.387,0.668,0.0,0.0,0.0,44348,MIN 
Pedro Leon ,32,5,1,4,2,0.23,0.309,7,1,0,4,8,0.403,0.712,0.0,0.0,0.0,44326,HOU 
Jordan Groshans ,37,5,1,5,0,0.267,0.335,10,3,0,4,6,0.41,0.745,0.01,0.01,0.0,7927,TOR 
Travis Demeritte ,31,5,2,5,0,0.24,0.31,7,2,0,3,10,0.471,0.782,0.01,0.02,0.01,4981,ATL 
Nick Maton ,51,6,1,6,1,0.221,0.294,11,3,0,5,15,0.341,0.634,0.0,0.0,0.0,43955,PHI 
Yairo Munoz ,30,4,1,4,1,0.253,0.292,8,1,0,2,7,0.407,0.699,0.0,0.0,0.0,5999,PHI 
Connor Wong ,30,4,1,4,1,0.249,0.289,8,2,0,2,9,0.413,0.702,0.0,0.0,0.0,8335,BOS 
Andy Burns ,35,5,1,5,1,0.214,0.295,8,2,0,4,3,0.308,0.603,0.0,0.0,0.0,5165,LAD 
Dustin Fowler ,35,5,1,5,1,0.229,0.27,8,2,1,2,4,0.386,0.656,0.0,0.0,0.0,6169,CF) FA 
Pablo Reyes ,39,5,1,5,1,0.237,0.298,9,2,0,3,9,0.379,0.677,0.0,0.0,0.0,8074,MIL 
Rob Refsnyder ,41,6,1,5,0,0.249,0.319,10,2,0,4,11,0.394,0.712,0.0,0.0,0.0,5673,BOS 
Jake Bauers ,37,5,1,4,1,0.23,0.309,9,1,0,4,9,0.379,0.688,0.0,0.0,0.0,5090,CIN 
Scott Kingery ,46,6,1,5,1,0.216,0.271,10,2,0,3,12,0.351,0.622,0.0,0.0,0.0,6742,PHI 
Roman Quinn ,38,5,1,4,2,0.215,0.278,8,1,0,3,12,0.313,0.591,0.0,0.0,0.0,4823,PHI 
Tyler Freeman ,40,5,0,4,1,0.27,0.303,11,3,0,2,4,0.368,0.67,0.0,0.0,0.0,10024,CLE 
DJ Peters ,33,5,2,5,0,0.22,0.271,7,2,0,2,12,0.416,0.687,0.0,0.0,0.0,7672,"LF,CF,RF) FA "
Oswald Peraza ,22,3,1,4,1,0.27,0.322,6,1,0,2,5,0.373,0.695,0.01,0.01,0.0,43749,NYY 
Billy Hamilton ,46,6,0,4,3,0.206,0.264,9,2,0,4,12,0.264,0.529,0.0,0.0,0.0,4636,"LF,CF) FA "
Royce Lewis ,27,4,1,3,1,0.251,0.306,7,1,0,2,6,0.405,0.711,0.1,0.17,0.04,6967,MIN 
Khalil Lee ,32,5,1,4,1,0.219,0.312,7,2,0,4,13,0.36,0.673,0.0,0.0,0.0,6915,NYM 
Nelson Velazquez ,27,3,1,4,1,0.259,0.308,7,2,0,2,8,0.421,0.729,0.0,0.0,0.0,45006,CHC 
Kody Clemens ,38,5,1,5,0,0.235,0.295,9,2,0,3,10,0.39,0.685,0.0,0.0,0.0,10049,DET 
Brendon Davis ,38,5,1,5,0,0.236,0.302,9,2,0,4,8,0.416,0.718,0.0,0.0,0.0,44502,DET 
Oswaldo Cabrera ,30,4,1,4,1,0.247,0.298,7,2,0,2,8,0.405,0.702,0.0,0.0,0.0,8549,NYY 
Austin Dean ,32,4,1,5,0,0.24,0.304,8,2,0,3,7,0.372,0.676,0.0,0.0,0.0,7571,SF 
John Nogowski ,36,5,1,4,0,0.238,0.309,9,1,0,4,7,0.375,0.684,0.0,0.0,0.0,43660,ATL 
Isan Diaz ,45,6,1,5,0,0.213,0.3,10,2,0,6,13,0.344,0.644,0.0,0.0,0.0,5995,SF 
Everson Pereira ,27,4,1,4,1,0.221,0.27,6,1,0,2,10,0.381,0.651,0.0,0.0,0.0,7417,NYY 
Ka'ai Tom ,31,4,1,4,1,0.21,0.29,7,1,1,4,3,0.323,0.612,0.0,0.0,0.0,10006,SF 
Hernan Perez ,35,4,1,4,1,0.232,0.274,8,2,0,2,4,0.286,0.56,0.0,0.0,0.0,4138,ATL 
Franchy Cordero ,27,4,1,4,0,0.248,0.313,7,2,0,3,9,0.406,0.719,0.01,0.01,0.01,6552,BOS 
Brandon Drury ,37,4,1,5,0,0.234,0.285,9,2,0,3,10,0.38,0.665,0.53,0.54,0.51,5607,CIN 
Zach Reks ,40,5,1,5,0,0.235,0.306,9,2,0,4,14,0.373,0.678,0.0,0.0,0.0,43943,TEX 
Jonathan Aranda ,25,3,1,4,0,0.259,0.322,7,1,0,2,6,0.406,0.727,0.0,0.0,0.0,45018,TB 
Otto Lopez ,31,4,0,4,1,0.265,0.319,8,2,0,2,7,0.358,0.677,0.0,0.0,0.0,10618,TOR 
Elehuris Montero ,28,4,1,4,0,0.259,0.318,7,1,0,2,7,0.458,0.776,0.0,0.0,0.0,39212,COL 
Alex Jackson ,38,5,2,5,0,0.199,0.261,7,1,0,3,13,0.396,0.656,0.0,0.0,0.0,5687,MIL 
Korey Lee ,22,3,1,4,0,0.254,0.316,6,1,0,2,5,0.407,0.723,0.0,0.0,0.0,20414,HOU 
Gilberto Celestino ,35,5,1,4,0,0.235,0.296,8,2,0,3,9,0.386,0.682,0.0,0.0,0.0,10042,MIN 
Brendan Donovan ,26,4,0,3,1,0.258,0.326,7,1,0,3,5,0.362,0.687,0.14,0.22,0.05,45005,STL 
Daniel Robertson ,43,5,1,4,0,0.22,0.303,10,2,0,5,14,0.327,0.631,0.0,0.0,0.0,5475,"CF,LF,RF) FA "
Blake Rutherford ,33,4,1,4,0,0.237,0.28,8,2,0,2,9,0.357,0.637,0.0,0.0,0.0,6476,CWS 
Terrin Vavra ,25,3,1,3,1,0.238,0.311,6,1,0,3,7,0.372,0.683,0.0,0.0,0.0,8306,BAL 
Jake Rogers ,38,5,1,5,0,0.214,0.286,8,1,0,4,13,0.352,0.638,0.0,0.0,0.0,7321,DET 
JT Riddle ,42,5,1,5,0,0.202,0.239,9,2,0,2,4,0.313,0.551,0.0,0.0,0.0,6202,CIN 
Jake Noll ,27,3,1,4,0,0.25,0.292,7,2,0,2,6,0.348,0.64,0.0,0.0,0.0,8520,WSH 
Gabriel Moreno ,27,3,1,4,0,0.254,0.303,7,1,0,2,5,0.434,0.737,0.04,0.07,0.01,44003,TOR 
Alex Avila ,62,6,2,7,0,0.176,0.31,11,3,1,12,8,0.36,0.67,0.0,0.0,0.0,3033,C) RET 
Eguy Rosario ,27,4,0,3,1,0.252,0.322,7,2,0,3,5,0.321,0.643,0.0,0.0,0.0,10119,SD 
Taylor Motter ,31,4,2,4,0,0.202,0.279,6,2,0,3,5,0.4,0.679,0.0,0.0,0.0,5891,CIN 
Donovan Casey ,32,4,1,3,1,0.225,0.275,7,1,0,2,12,0.366,0.64,0.0,0.0,0.0,10152,WSH 
Ryan LaMarre ,30,4,1,4,0,0.22,0.283,7,1,0,3,9,0.342,0.625,0.0,0.0,0.0,5269,NYY 
Tucupita Marcano ,31,4,0,3,1,0.247,0.317,8,1,0,3,6,0.326,0.644,0.0,0.0,0.0,43731,PIT 
Sam Huff ,34,4,1,4,0,0.226,0.277,8,1,0,2,14,0.386,0.663,0.01,0.01,0.0,43641,TEX 
JaCoby Jones ,45,5,1,4,1,0.2,0.25,9,2,0,3,2,0.167,0.417,0.0,0.0,0.0,4994,KC 
Yermin Mercedes ,28,3,1,4,0,0.25,0.301,7,1,0,2,6,0.415,0.716,0.0,0.0,0.0,7089,CWS 
Monte Harrison ,23,3,1,3,1,0.227,0.288,5,1,0,2,9,0.348,0.636,0.0,0.0,0.0,7240,LAA 
Jeter Downs ,23,3,1,3,1,0.219,0.28,5,1,0,2,7,0.418,0.698,0.01,0.01,0.0,7262,BOS 
Chance Sisco ,40,5,1,5,0,0.214,0.293,8,2,0,4,14,0.338,0.631,0.0,0.0,0.0,5039,MIN 
Micker Adolfo ,25,3,1,4,0,0.228,0.289,6,1,0,2,9,0.442,0.73,0.0,0.0,0.0,6949,CWS 
Zack Short ,34,5,1,4,0,0.209,0.303,7,1,0,4,10,0.364,0.667,0.0,0.0,0.0,8500,DET 
Trayce Thompson ,28,4,1,4,0,0.207,0.283,6,1,0,3,8,0.345,0.629,0.0,0.0,0.0,4777,DET 
Aaron Altherr ,22,4,1,3,0,0.209,0.277,5,1,0,2,6,0.167,0.443,0.0,0.0,0.0,5297,"LF,CF,RF) FA "
Mark Kolozsvary ,32,4,1,4,0,0.201,0.272,7,2,0,3,12,0.345,0.618,0.0,0.0,0.0,43988,CIN 
Ildemaro Vargas ,31,3,1,3,0,0.248,0.288,8,2,0,2,6,0.347,0.635,0.0,0.0,0.0,6583,"2B,3B,SS) FA "
Derek Fisher ,18,3,1,2,1,0.2,0.282,4,1,0,2,3,0.143,0.425,0.0,0.0,0.0,6026,MIN 
Ronnie Dawson ,18,3,1,2,1,0.229,0.308,4,1,0,2,2,0.286,0.593,0.0,0.0,0.0,8430,CIN 
Patrick Mazeika ,36,4,1,4,0,0.227,0.289,8,2,0,3,8,0.382,0.67,0.0,0.0,0.0,7601,NYM 
Alejo Lopez ,25,4,0,3,0,0.276,0.333,7,1,0,2,4,0.35,0.683,0.0,0.0,0.0,8683,CIN 
Jedd Gyorko ,20,3,1,3,0,0.241,0.312,5,1,0,2,5,0.433,0.745,0.0,0.0,0.0,4630,"1B,3B) FA "
Jaylin Davis ,20,3,1,3,0,0.228,0.295,5,1,0,2,6,0.415,0.71,0.0,0.0,0.0,26894,BOS 
Rene Pinto ,30,3,1,4,0,0.232,0.278,7,2,0,2,10,0.368,0.647,0.0,0.0,0.0,43755,TB 
Steven Souza Jr. ,29,4,1,4,0,0.205,0.29,6,1,0,3,11,0.336,0.626,0.0,0.0,0.0,5441,RF) FA 
Trent Giambrone ,29,3,1,3,1,0.2,0.263,6,1,0,2,10,0.338,0.601,0.0,0.0,0.0,8506,CHC 
Tim Beckham ,21,3,1,3,0,0.234,0.29,5,1,0,2,6,0.395,0.685,0.0,0.0,0.0,4503,MIN 
Corey Ray ,25,3,1,3,0,0.218,0.279,6,2,0,2,9,0.355,0.633,0.0,0.0,0.0,6473,MIL 
Wyatt Mathisen ,30,4,1,4,0,0.217,0.289,6,1,0,3,10,0.383,0.672,0.0,0.0,0.0,8124,SF 
Jose Godoy ,29,3,1,3,0,0.24,0.29,7,1,0,2,7,0.34,0.629,0.0,0.0,0.0,8521,MIN 
Chad Wallach ,34,4,1,4,0,0.194,0.269,7,1,0,4,10,0.306,0.575,0.0,0.0,0.0,6639,LAA 
Ronald Guzman ,28,4,1,3,0,0.225,0.296,6,1,0,3,8,0.378,0.674,0.0,0.0,0.0,5680,NYY 
Austin Wynns ,36,4,1,3,0,0.222,0.273,8,1,0,3,3,0.25,0.523,0.0,0.0,0.0,6725,PHI 
Peyton Burdick ,16,3,1,2,0,0.229,0.324,4,1,0,2,4,0.357,0.68,0.0,0.0,0.0,43754,MIA 
Rio Ruiz ,26,3,1,3,0,0.241,0.294,6,1,0,2,7,0.393,0.687,0.0,0.0,0.0,6158,"1B,2B,3B) FA "
Alex Blandino ,45,5,1,4,0,0.207,0.292,9,2,0,5,14,0.327,0.619,0.0,0.0,0.0,7885,SEA 
Buddy Kennedy ,20,3,1,2,0,0.251,0.316,5,1,0,2,6,0.385,0.701,0.0,0.0,0.0,44909,ARI 
Abraham Almonte ,25,4,1,3,0,0.213,0.322,5,2,0,4,3,0.3,0.622,0.0,0.0,0.0,4060,MIL 
Brian Serven ,20,2,1,3,0,0.228,0.275,5,1,0,1,6,0.368,0.642,0.01,0.01,0.01,8505,COL 
Jonah Bride ,24,3,1,2,0,0.23,0.302,6,1,0,2,6,0.368,0.67,0.0,0.0,0.0,44998,OAK 
Shea Langeliers ,23,3,1,3,0,0.23,0.298,5,1,0,2,4,0.423,0.721,0.01,0.01,0.0,8246,OAK 
Ryan McBroom ,23,3,1,3,0,0.229,0.289,5,1,0,2,7,0.385,0.674,0.0,0.0,0.0,9980,"1B,DH,RF) FA "
Hunter Owen ,23,3,1,3,0,0.217,0.273,5,1,0,2,9,0.353,0.626,0.0,0.0,0.0,44235,PIT 
Phillip Evans ,37,4,1,3,0,0.219,0.296,8,2,0,4,5,0.0,0.0,0.0,0.0,0.0,6750,NYY 
Rob Brantly ,19,2,1,2,0,0.239,0.301,5,1,0,2,4,0.305,0.606,0.0,0.0,0.0,4588,NYY 
Brian Miller ,25,3,0,2,1,0.226,0.275,6,1,0,2,5,0.318,0.593,0.0,0.0,0.0,7298,MIA 
Joe McCarthy ,18,3,1,2,0,0.229,0.308,4,1,0,2,5,0.457,0.765,0.0,0.0,0.0,7378,"LF,RF) FA "
Grayson Greiner ,28,3,1,3,0,0.206,0.272,6,1,0,3,9,0.386,0.658,0.0,0.0,0.0,6697,ARI 
JJ Bleday ,28,3,1,3,0,0.213,0.309,6,2,0,4,5,0.363,0.672,0.01,0.01,0.0,24863,MIA 
Kean Wong ,19,2,0,2,1,0.237,0.293,5,1,0,2,2,0.222,0.515,0.0,0.0,0.0,7366,LAA 
Donovan Walton ,22,3,1,2,0,0.242,0.311,5,1,0,2,4,0.378,0.69,0.0,0.0,0.0,10091,SF 
Andrew Young ,16,2,1,2,0,0.222,0.272,4,1,0,1,4,0.452,0.724,0.0,0.0,0.0,8184,WSH 
Jack Lopez ,32,3,0,3,1,0.227,0.266,7,2,0,2,5,0.32,0.586,0.0,0.0,0.0,7534,DET 
Ender Inciarte ,26,3,0,2,1,0.233,0.298,6,1,0,2,5,0.284,0.582,0.0,0.0,0.0,5309,NYY 
Nick Plummer ,19,3,1,2,0,0.221,0.314,4,1,0,3,5,0.345,0.659,0.0,0.0,0.0,6043,NYM 
Dillon Thomas ,19,3,1,2,0,0.211,0.262,4,1,0,1,5,0.267,0.529,0.0,0.0,0.0,10018,LAA 
Pat Valaika ,33,3,1,3,0,0.214,0.26,7,1,0,2,5,0.182,0.441,0.0,0.0,0.0,6504,ATL 
Ali Sanchez ,32,3,0,3,0,0.241,0.291,8,1,0,2,7,0.302,0.593,0.0,0.0,0.0,8389,STL 
Anderson Tejeda ,34,3,1,3,1,0.18,0.239,6,1,0,3,3,0.325,0.564,0.0,0.0,0.0,39262,3B) FA 
Robel Garcia ,17,2,1,2,0,0.212,0.278,4,1,0,2,6,0.421,0.699,0.0,0.0,0.0,23158,CHC 
Yasel Antuna ,26,3,1,3,0,0.208,0.273,5,2,0,2,6,0.318,0.592,0.0,0.0,0.0,7007,WSH 
Brett Cumberland ,26,3,1,3,0,0.197,0.278,5,1,0,3,10,0.345,0.622,0.0,0.0,0.0,7896,BAL 
Sebastian Rivero ,25,3,0,3,0,0.231,0.28,6,1,0,2,7,0.316,0.595,0.0,0.0,0.0,10030,KC 
Jose Lobaton ,30,3,1,3,0,0.185,0.258,6,1,0,3,9,0.351,0.61,0.0,0.0,0.0,4086,C) FA 
Albert Almora Jr. ,19,3,0,2,0,0.26,0.302,5,1,0,1,4,0.372,0.675,0.0,0.0,0.0,4668,CIN 
Stuart Fairchild ,24,3,1,2,0,0.233,0.296,5,1,0,2,5,0.383,0.679,0.0,0.0,0.0,43929,SF 
Mark Vientos ,14,2,1,2,0,0.222,0.273,3,1,0,1,3,0.386,0.658,0.0,0.0,0.0,6940,NYM 
Ryan Kreidler ,18,2,1,2,0,0.239,0.304,4,1,0,2,5,0.376,0.68,0.0,0.0,0.0,44371,DET 
Webster Rivas ,22,2,1,2,0,0.225,0.281,5,1,0,2,5,0.326,0.607,0.0,0.0,0.0,7852,SD 
P.J. Higgins ,26,3,0,3,0,0.214,0.283,6,1,0,3,4,0.312,0.594,0.0,0.0,0.0,8502,CHC 
Scott Schebler ,21,3,1,2,0,0.206,0.265,4,1,0,2,6,0.471,0.735,0.0,0.0,0.0,5114,COL 
Jamie Ritchie ,20,3,0,2,0,0.242,0.321,5,1,0,2,4,0.298,0.619,0.0,0.0,0.0,7632,PIT 
Ryan Dorow ,25,3,1,2,0,0.218,0.276,5,1,0,2,7,0.381,0.657,0.0,0.0,0.0,8605,TEX 
Adrian Sanchez ,24,3,0,2,0,0.242,0.275,6,1,0,1,1,0.308,0.583,0.0,0.0,0.0,7233,WSH 
Mike Ford ,19,2,1,2,0,0.184,0.262,4,1,0,2,3,0.182,0.444,0.0,0.0,0.0,7365,SEA 
Greg Deichmann ,19,2,1,2,0,0.221,0.292,4,1,0,2,5,0.358,0.65,0.0,0.0,0.0,10040,CHC 
Chadwick Tromp ,19,2,1,2,0,0.204,0.242,4,1,0,1,5,0.322,0.563,0.0,0.0,0.0,43989,ATL 
Gerardo Parra ,29,3,0,4,0,0.219,0.278,6,2,0,2,4,0.286,0.564,0.0,0.0,0.0,3378,LF) RET 
Drew Butera ,32,3,1,3,0,0.19,0.253,6,1,0,3,11,0.273,0.526,0.0,0.0,0.0,3306,C) FA 
Kevin Padlo ,16,2,1,2,0,0.193,0.273,3,1,0,2,5,0.351,0.623,0.0,0.0,0.0,5987,SF 
Nick Martini ,15,2,0,2,0,0.242,0.326,4,1,0,2,4,0.347,0.673,0.0,0.0,0.0,7342,"LF,RF) FA "
Tony Wolters ,28,3,0,3,0,0.215,0.288,6,1,0,3,8,0.284,0.571,0.0,0.0,0.0,5596,LAD 
Buddy Reed ,17,2,0,2,1,0.186,0.25,3,1,0,1,4,0.24,0.49,0.0,0.0,0.0,8458,"LF,CF) FA "
Ryan Goins ,19,3,0,2,0,0.211,0.268,4,1,0,2,7,0.237,0.505,0.0,0.0,0.0,5252,ATL 
Travis Blankenhorn ,13,2,0,2,0,0.222,0.276,3,0,0,1,3,0.304,0.58,0.0,0.0,0.0,39166,NYM 
Simon Muzziotti ,18,2,0,2,0,0.236,0.291,4,1,0,1,4,0.342,0.633,0.0,0.0,0.0,44070,PHI 
Donny Sands ,18,2,0,2,0,0.23,0.296,4,1,0,2,4,0.366,0.661,0.0,0.0,0.0,44944,PHI 
Pete Kozma ,32,3,0,2,0,0.202,0.254,7,1,0,2,7,0.237,0.491,0.0,0.0,0.0,4389,SS) FA 
Clay Dungan ,12,2,0,1,0,0.262,0.291,3,0,0,0,2,0.303,0.594,0.0,0.0,0.0,44161,KC 
Jonathan Davis ,21,3,0,2,0,0.199,0.273,4,1,0,2,5,0.301,0.574,0.0,0.0,0.0,7638,MIL 
Esteban Quiroz ,15,2,0,2,0,0.231,0.314,3,1,0,2,4,0.345,0.659,0.0,0.0,0.0,7339,CHC 
Tim Lopes ,10,2,0,1,0,0.243,0.277,2,0,0,0,1,0.288,0.565,0.0,0.0,0.0,6511,COL 
Tyler Payne ,20,2,0,2,0,0.2,0.256,4,1,0,2,3,0.182,0.438,0.0,0.0,0.0,44248,CHC 
Taylor Davis ,24,2,0,2,0,0.206,0.274,5,1,0,2,4,0.25,0.524,0.0,0.0,0.0,6249,PIT 
Yolbert Sanchez ,12,1,0,1,0,0.249,0.284,3,0,0,1,2,0.346,0.631,0.0,0.0,0.0,8508,"2B,SS) MiLB "
Ivan Castillo ,12,1,0,1,0,0.255,0.271,3,0,0,0,1,0.308,0.579,0.0,0.0,0.0,43630,KC 
Nick Ciuffo ,17,2,0,2,0,0.182,0.239,3,1,0,1,4,0.216,0.456,0.0,0.0,0.0,4954,CWS 
Miles Mastrobuoni ,5,1,0,1,0,0.256,0.362,1,0,0,1,1,0.36,0.722,0.0,0.0,0.0,8608,TB 
Jhonny Pereda ,9,1,0,1,0,0.269,0.345,2,0,0,1,2,0.318,0.663,0.0,0.0,0.0,43764,SF 
Scott Hurst ,20,2,0,1,0,0.175,0.233,4,1,0,2,4,0.182,0.414,0.0,0.0,0.0,9224,STL 
Kyle Stowers ,10,1,0,1,0,0.229,0.293,2,0,0,1,4,0.463,0.756,0.0,0.0,0.0,22314,BAL 
Logan Warmoth ,10,1,0,1,0,0.189,0.28,2,0,0,1,4,0.279,0.559,0.0,0.0,0.0,7173,TOR 
Alex De Goti ,14,1,0,1,0,0.204,0.275,3,1,0,1,3,0.281,0.556,0.0,0.0,0.0,8433,HOU 
Tyler White ,7,1,0,1,0,0.215,0.331,1,0,0,1,2,0.3,0.631,0.0,0.0,0.0,6232,MIL 
Meibrys Viloria ,11,1,0,1,0,0.219,0.286,2,0,0,1,4,0.219,0.504,0.0,0.0,0.0,6945,TEX 
Shohei Ohtani ,526,100,38,93,22,0.259,0.359,136,26,5,82,172,0.547,0.906,0.0,0.0,0.0,7812,LAA 
