VBR,Player,AB,R,HR,RBI,SB,AVG,OBP,H,2B,3B,BB,SO,SLG,OPS,Rost,Yahoo,ESPN,PlayerId,Team
1,Shohei Ohtani ,185,40,14,36,6,0.285,0.402,53,9,1,31,51,0.584,0.986,1.0,0.0,1.0,7354 d,LAD 
2,Elly De La Cruz ,200,34,9,29,13,0.265,0.341,53,10,2,22,60,0.477,0.818,0.99,0.99,0.98,44884 ,CIN 
3,Junior Caminero ,201,32,14,38,2,0.275,0.346,55,9,0,20,42,0.53,0.875,0.99,0.99,1.0,45016 ,TB 
4,Yordan Alvarez ,165,31,13,33,1,0.3,0.418,50,9,0,27,34,0.585,1.003,0.99,0.99,1.0,6461 d,HOU 
5,Ronald Acuna Jr. ,177,34,9,27,10,0.276,0.387,49,8,1,29,45,0.49,0.877,0.98,0.99,0.98,6966 d,ATL 
6,Fernando Tatis Jr. ,192,32,9,27,10,0.279,0.36,53,10,1,23,43,0.474,0.835,0.99,0.99,0.99,6853 d,SD 
7,Jose Ramirez ,187,30,8,28,12,0.27,0.36,51,11,1,22,25,0.475,0.834,0.99,0.99,1.0,5288 d,CLE 
8,Bobby Witt Jr. ,168,29,8,26,10,0.292,0.359,49,10,2,15,32,0.519,0.878,0.99,0.99,1.0,6810 d,KC 
9,Pete Crow-Armstrong ,195,32,10,29,11,0.258,0.326,50,10,2,17,55,0.475,0.802,0.99,0.99,0.99,23369 ,CHC 
10,Julio Rodriguez ,196,30,10,30,8,0.272,0.336,53,9,1,16,46,0.473,0.809,0.98,0.99,0.97,43685 ,SEA 
11,James Wood ,186,33,11,30,6,0.263,0.373,49,10,1,30,63,0.496,0.87,0.99,0.99,0.99,44720 ,WSH 
12,CJ Abrams ,193,29,9,29,10,0.259,0.328,50,10,1,15,43,0.455,0.784,0.98,0.98,0.98,19879 ,WSH 
13,Jackson Chourio ,199,30,9,30,7,0.267,0.322,53,11,1,15,47,0.465,0.787,0.97,0.99,0.95,44592 ,MIL 
14,Nick Kurtz ,178,33,12,33,2,0.26,0.373,46,9,0,29,63,0.525,0.898,0.99,0.99,0.98,7354364,ATH 
15,Corbin Carroll ,183,33,8,27,9,0.258,0.35,47,9,4,23,45,0.487,0.838,0.99,0.99,1.0,23993 ,ARI 
16,Kyle Schwarber ,185,33,15,35,2,0.231,0.356,43,6,0,33,67,0.502,0.858,0.99,0.99,1.0,5686 d,PHI 
17,Bryce Harper ,187,31,10,32,3,0.27,0.372,50,11,1,28,46,0.496,0.868,0.99,0.99,0.98,4293 d,PHI 
18,Vladimir Guerrero Jr. ,191,30,8,30,2,0.289,0.379,55,11,0,24,29,0.476,0.855,0.98,0.98,0.98,6050 d,TOR 
19,Freddie Freeman ,192,30,8,30,2,0.287,0.373,55,12,1,23,39,0.482,0.855,0.98,0.99,0.97,3365 d,LAD 
20,Gunnar Henderson ,196,31,9,28,6,0.261,0.34,51,10,2,21,48,0.467,0.807,0.97,0.99,0.94,23372 ,BAL 
21,Pete Alonso ,193,31,12,34,1,0.255,0.345,49,10,0,22,51,0.491,0.836,0.97,0.99,0.96,6960 d,BAL 
22,Ketel Marte ,187,30,9,30,2,0.272,0.352,51,10,1,21,33,0.483,0.835,0.99,0.99,1.0,5179 d,ARI 
23,Francisco Lindor ,193,31,9,28,6,0.256,0.335,49,9,1,20,40,0.448,0.783,0.92,0.96,0.88,4569 d,NYM 
24,Michael Harris II ,192,26,8,28,5,0.276,0.313,53,10,1,9,40,0.463,0.775,0.93,0.96,0.91,43924 ,ATL 
25,Ben Rice ,187,31,12,32,1,0.252,0.344,47,9,1,23,48,0.502,0.846,0.99,0.99,1.0,47445 ,NYY 
26,Trea Turner ,197,30,6,24,8,0.271,0.322,53,9,1,14,42,0.426,0.748,0.92,0.98,0.85,5828 d,PHI 
27,Matt Olson ,194,31,11,33,1,0.253,0.347,49,10,0,26,54,0.481,0.828,0.99,0.99,0.99,5718 d,ATL 
28,Wyatt Langford ,180,29,9,26,6,0.258,0.343,46,9,1,21,46,0.467,0.811,0.82,0.93,0.72,47238 ,TEX 
29,Sal Stewart ,188,28,9,29,4,0.259,0.333,49,10,0,19,44,0.459,0.792,0.94,0.94,0.94,46342 ,CIN 
30,Willson Contreras ,185,28,10,31,2,0.26,0.359,48,10,1,21,54,0.475,0.834,0.74,0.94,0.55,5919 d,BOS 
31,Kyle Tucker ,180,30,8,28,5,0.258,0.359,46,9,1,27,34,0.458,0.817,0.97,0.98,0.96,6006 d,LAD 
32,Jackson Merrill ,192,27,8,27,6,0.259,0.313,50,10,1,14,45,0.442,0.755,0.89,0.96,0.82,44756 ,SD 
33,Jazz Chisholm Jr. ,170,26,9,25,11,0.236,0.316,40,6,1,19,53,0.443,0.759,0.9,0.98,0.82,8449 d,NYY 
34,Riley Greene ,191,29,9,30,1,0.266,0.347,51,10,1,22,58,0.475,0.822,0.92,0.98,0.86,19457 ,DET 
35,Yandy Diaz ,197,29,7,27,1,0.287,0.365,56,10,0,21,33,0.45,0.815,0.94,0.96,0.92,6677 d,TB 
36,Manny Machado ,190,27,10,31,3,0.255,0.327,48,9,0,20,43,0.457,0.784,0.96,0.98,0.94,3778 d,SD 
37,Zach Neto ,190,29,9,25,8,0.242,0.321,46,10,1,17,58,0.444,0.765,0.8,0.98,0.61,46294 ,LAA 
38,Mookie Betts ,187,30,8,28,2,0.269,0.349,50,10,1,22,26,0.463,0.812,0.95,0.96,0.94,4921 d,LAD 
39,Jeremy Pena ,189,28,7,23,5,0.275,0.331,52,9,1,13,38,0.439,0.77,0.79,0.89,0.69,43642 ,HOU 
40,Andy Pages ,187,28,8,28,4,0.262,0.323,49,10,1,14,43,0.459,0.782,0.97,0.96,0.97,43671 ,LAD 
41,Munetaka Murakami ,175,30,12,31,3,0.228,0.357,40,6,0,32,68,0.476,0.833,0.93,0.95,0.92,7356360,CWS 
42,Brice Turang ,188,27,6,24,8,0.258,0.338,49,9,1,22,48,0.408,0.746,0.99,0.99,0.98,6817 d,MIL 
43,Hunter Goodman ,170,25,11,30,2,0.255,0.316,43,9,1,13,53,0.507,0.823,0.94,0.98,0.89,45393 ,COL 
44,Randy Arozarena ,183,28,7,25,8,0.244,0.34,45,9,0,21,52,0.415,0.755,0.95,0.98,0.93,6962 d,SEA 
45,Jordan Walker ,190,27,8,27,5,0.254,0.318,48,10,1,16,54,0.437,0.756,0.96,0.95,0.97,43830 ,STL 
46,Seiya Suzuki ,177,27,9,28,2,0.258,0.345,46,9,1,22,51,0.468,0.812,0.9,0.94,0.86,6973 d,CHC 
47,Miguel Vargas ,187,29,9,27,4,0.246,0.338,46,10,1,24,39,0.451,0.789,0.94,0.94,0.94,8301 d,CWS 
48,Kevin McGonigle ,191,30,6,24,4,0.266,0.355,51,11,1,26,32,0.428,0.783,0.93,0.93,0.93,47220 ,DET 
49,Josh Naylor ,177,24,6,25,7,0.265,0.334,47,9,0,16,28,0.423,0.758,0.76,0.88,0.64,6054 d,SEA 
50,Alec Burleson ,186,25,7,28,2,0.274,0.334,51,10,0,15,30,0.451,0.785,0.94,0.93,0.95,43889 ,STL 
51,Ceddanne Rafaela ,199,27,6,25,7,0.258,0.299,51,11,2,10,45,0.416,0.715,0.72,0.88,0.55,45510 ,BOS 
52,Drake Baldwin ,177,27,9,27,1,0.264,0.344,47,7,0,19,39,0.456,0.801,0.97,0.97,0.98,46737 ,ATL 
53,Otto Lopez ,186,25,4,22,7,0.281,0.329,52,9,1,13,30,0.416,0.745,0.93,0.93,0.93,10618 ,MIA 
54,Tyler Soderstrom ,180,26,9,29,1,0.259,0.338,47,10,1,19,43,0.476,0.815,0.87,0.93,0.82,43845 ,ATH 
55,Teoscar Hernandez ,180,26,9,29,2,0.256,0.316,46,9,0,14,52,0.455,0.77,0.64,0.78,0.5,4846 d,LAD 
56,Luis Arraez ,202,26,2,20,3,0.305,0.347,62,10,1,12,10,0.396,0.743,0.86,0.83,0.88,8162 d,SF 
57,Luis Garcia ,169,23,7,26,4,0.273,0.314,46,9,1,10,29,0.463,0.777,0.81,0.85,0.77,7507 d,WSH 
58,Jacob Wilson ,198,26,4,24,2,0.289,0.331,57,11,1,11,20,0.415,0.746,0.55,0.61,0.49,47235 ,ATH 
59,Rafael Devers ,189,28,10,31,0,0.246,0.345,46,10,0,25,55,0.457,0.803,0.83,0.96,0.71,5175 d,SF 
60,Bo Bichette ,195,26,6,26,1,0.278,0.326,54,10,0,13,36,0.42,0.746,0.83,0.92,0.74,6808 d,NYM 
61,Byron Buxton ,139,24,9,23,4,0.256,0.327,36,7,1,12,40,0.522,0.849,0.94,0.96,0.92,4672 d,MIN 
62,Dansby Swanson ,190,27,8,26,6,0.24,0.309,45,8,1,19,52,0.416,0.725,0.64,0.82,0.45,5965 d,CHC 
63,Nico Hoerner ,194,25,3,20,8,0.274,0.332,53,9,1,15,20,0.375,0.707,0.92,0.91,0.94,7934 d,CHC 
64,Geraldo Perdomo ,179,28,4,21,8,0.256,0.354,46,8,1,27,28,0.386,0.741,0.85,0.9,0.81,43732 ,ARI 
65,Ozzie Albies ,190,26,7,26,3,0.255,0.314,49,10,1,15,32,0.42,0.734,0.96,0.96,0.96,5980 d,ATL 
66,Wilyer Abreu ,175,25,8,27,3,0.251,0.331,44,10,1,20,45,0.454,0.785,0.74,0.84,0.63,45630 ,BOS 
67,Xavier Edwards ,182,25,2,18,8,0.282,0.353,51,8,2,20,28,0.375,0.728,0.91,0.92,0.91,40137 ,MIA 
68,Juan Soto ,109,22,8,21,4,0.278,0.422,30,5,0,25,22,0.538,0.959,0.99,0.99,1.0,6906 d,NYM 
69,Jonathan Aranda ,185,26,7,27,0,0.264,0.356,49,9,0,23,52,0.43,0.786,0.63,0.85,0.4,45018 ,TB 
70,Corey Seager ,156,24,9,26,1,0.255,0.355,40,7,0,21,37,0.473,0.829,0.69,0.81,0.57,4805 d,TEX 
71,Ivan Herrera ,177,27,6,24,3,0.263,0.362,46,8,0,21,38,0.417,0.779,0.83,0.91,0.74,43691 ,STL 
72,JJ Wetherholt ,183,27,6,23,4,0.257,0.344,47,8,0,21,36,0.404,0.748,0.88,0.93,0.84,7354366,STL 
73,Bryson Stott ,175,23,5,21,8,0.255,0.32,45,8,1,17,34,0.398,0.718,0.44,0.48,0.39,22308 ,PHI 
74,Jake Burger ,186,24,10,29,1,0.243,0.3,45,8,0,13,52,0.451,0.751,0.16,0.23,0.1,10074 ,TEX 
75,Austin Riley ,184,25,8,27,2,0.248,0.316,46,9,1,16,56,0.443,0.759,0.73,0.83,0.63,6022 d,ATL 
76,Heliot Ramos ,190,26,7,25,2,0.255,0.319,49,9,1,15,51,0.422,0.741,0.26,0.39,0.12,10033 ,SF 
77,Luis Robert Jr. ,164,23,7,23,8,0.238,0.309,39,7,0,15,48,0.413,0.722,0.28,0.42,0.15,6935 d,NYM 
78,William Contreras ,175,25,6,26,1,0.269,0.354,47,9,0,22,35,0.43,0.783,0.98,0.98,0.98,7659 d,MIL 
79,Jarren Duran ,177,25,6,23,7,0.246,0.311,43,10,2,15,49,0.422,0.734,0.77,0.86,0.68,10054 ,BOS 
80,Brandon Nimmo ,177,25,7,24,2,0.259,0.338,46,9,1,19,43,0.437,0.775,0.71,0.75,0.67,4685 d,TEX 
81,Jasson Dominguez ,160,23,6,21,7,0.251,0.318,40,8,0,15,41,0.415,0.733,0.08,0.11,0.05,8513 d,NYY 
82,Kazuma Okamoto ,175,24,10,29,1,0.236,0.319,41,8,0,19,49,0.452,0.771,0.67,0.86,0.49,7356401,TOR 
83,Trent Grisham ,169,27,9,25,3,0.228,0.334,39,7,1,26,43,0.435,0.768,0.32,0.41,0.23,7502 d,NYY 
84,Mike Trout ,154,26,9,24,2,0.243,0.373,37,7,0,28,51,0.467,0.841,0.96,0.95,0.96,3785 d,LAA 
85,Oneil Cruz ,130,21,7,19,8,0.246,0.334,32,6,1,16,46,0.463,0.797,0.88,0.95,0.82,39199 ,PIT 
86,Michael Busch ,176,26,8,27,1,0.246,0.343,43,9,1,23,49,0.444,0.787,0.61,0.83,0.4,23859 ,CHC 
87,Bryan Reynolds ,178,26,6,24,2,0.257,0.347,46,9,1,21,49,0.427,0.774,0.92,0.94,0.9,6818 d,PIT 
88,Jose Altuve ,178,25,7,23,3,0.255,0.325,45,8,0,17,37,0.414,0.739,0.77,0.8,0.74,4334 d,HOU 
89,Taylor Ward ,184,28,7,25,2,0.245,0.346,45,9,0,27,49,0.418,0.764,0.77,0.82,0.72,6071 d,BAL 
90,Cal Raleigh ,159,24,11,28,2,0.22,0.326,35,6,0,22,53,0.463,0.789,0.89,0.93,0.85,8457 d,SEA 
91,Mickey Moniak ,144,21,8,23,2,0.262,0.306,38,7,1,8,38,0.488,0.795,0.34,0.36,0.31,8368 d,COL 
92,Ian Happ ,181,27,8,26,2,0.236,0.341,43,10,1,27,55,0.425,0.767,0.81,0.86,0.77,6008 d,CHC 
93,Jac Caglianone ,170,24,8,25,1,0.25,0.314,43,8,1,14,46,0.449,0.763,0.48,0.62,0.33,7354363,KC 
94,Caleb Durbin ,171,23,4,21,7,0.254,0.321,44,10,1,13,24,0.392,0.714,0.38,0.4,0.36,45944 ,BOS 
95,Jo Adell ,172,23,9,27,2,0.239,0.295,41,7,1,11,47,0.447,0.741,0.54,0.73,0.34,6899 d,LAA 
96,Christian Walker ,182,25,10,28,1,0.232,0.309,42,8,0,17,51,0.44,0.75,0.7,0.83,0.58,4905 d,HOU 
97,Xander Bogaerts ,176,23,5,21,6,0.258,0.333,45,8,0,18,35,0.389,0.722,0.26,0.32,0.21,4347 d,SD 
98,JJ Bleday ,167,25,9,26,2,0.235,0.328,39,8,1,22,43,0.451,0.779,0.29,0.26,0.31,24863 ,CIN 
99,Kyle Stowers ,175,24,9,27,1,0.238,0.323,42,9,1,19,59,0.447,0.77,0.51,0.73,0.3,22314 ,MIA 
100,Gleyber Torres ,185,27,6,23,2,0.256,0.348,47,8,0,26,38,0.391,0.739,0.44,0.41,0.46,5133 d,DET 
101,Alex Bregman ,189,26,7,26,1,0.247,0.338,47,9,0,23,32,0.404,0.741,0.89,0.9,0.87,5973 d,CHC 
102,Sam Antonacci ,158,24,3,18,7,0.264,0.352,42,8,1,16,30,0.387,0.739,0.35,0.45,0.26,7354566,CWS 
103,Brandon Marsh ,161,22,6,21,4,0.262,0.33,42,8,1,15,49,0.428,0.758,0.51,0.61,0.42,7393 d,PHI 
104,Jung Hoo Lee ,186,24,3,21,3,0.274,0.327,51,11,2,13,22,0.398,0.725,0.41,0.28,0.54,48275 ,SF 
105,Chandler Simpson ,144,18,0,12,13,0.283,0.318,41,5,1,8,16,0.343,0.661,0.51,0.62,0.39,46426 ,TB 
106,Willy Adames ,188,26,8,26,3,0.231,0.309,43,9,0,21,55,0.417,0.726,0.61,0.72,0.51,5988 d,SF 
107,Christian Yelich ,157,23,6,21,5,0.251,0.344,39,7,1,20,45,0.412,0.756,0.76,0.87,0.65,4596 d,MIL 
108,George Springer ,148,22,7,21,4,0.252,0.335,37,6,1,17,32,0.438,0.773,0.71,0.75,0.66,4614 d,TOR 
109,Brandon Lowe ,164,24,8,25,1,0.242,0.314,40,8,0,16,48,0.448,0.761,0.88,0.92,0.84,7236 d,PIT 
110,Eugenio Suarez ,170,23,10,29,1,0.225,0.303,38,7,0,17,60,0.45,0.754,0.54,0.69,0.4,5332 d,CIN 
111,Daylen Lile ,168,22,4,21,5,0.26,0.314,44,9,2,12,33,0.415,0.728,0.56,0.59,0.54,44757 ,WSH 
112,Ezequiel Tovar ,182,23,6,23,3,0.252,0.292,46,10,1,10,48,0.418,0.71,0.19,0.34,0.03,45000 ,COL 
113,Colson Montgomery ,190,25,10,29,1,0.22,0.301,42,8,1,18,64,0.426,0.727,0.63,0.89,0.37,44692 ,CWS 
114,Ryan O'Hearn ,162,22,6,23,1,0.263,0.337,43,8,0,16,37,0.422,0.759,0.73,0.73,0.74,6681 d,PIT 
115,Spencer Torkelson ,176,25,9,27,1,0.226,0.318,40,9,0,22,56,0.428,0.746,0.31,0.42,0.2,43877 ,DET 
116,Royce Lewis ,164,22,7,24,4,0.239,0.304,39,8,0,15,41,0.426,0.73,0.2,0.31,0.09,6967 d,MIN 
117,Jake McCarthy ,144,21,3,16,7,0.272,0.326,39,7,2,10,28,0.413,0.739,0.61,0.66,0.56,8273 d,COL 
118,Isaac Paredes ,176,25,8,26,0,0.241,0.34,42,8,0,22,33,0.422,0.761,0.52,0.6,0.44,10050 ,HOU 
119,Cole Carrigg ,150,22,4,18,7,0.255,0.314,38,7,2,12,38,0.408,0.722,0.2,0.23,0.17,47210 ,COL 
120,Willi Castro ,157,22,5,19,5,0.255,0.33,40,8,1,15,42,0.406,0.737,0.23,0.31,0.15,5997 d,COL 
121,Carson Benge ,157,22,5,19,5,0.253,0.322,40,7,1,14,38,0.402,0.723,0.34,0.46,0.22,7354378,NYM 
122,Chase DeLauter ,158,21,5,22,2,0.268,0.337,42,9,0,17,27,0.43,0.767,0.64,0.64,0.65,46288 ,CLE 
123,Jose Caballero ,138,19,4,14,14,0.227,0.304,31,6,0,13,38,0.351,0.655,0.45,0.61,0.3,26984 ,NYY 
124,Masyn Winn ,190,24,4,21,4,0.252,0.312,48,9,1,16,39,0.376,0.688,0.19,0.33,0.06,43906 ,STL 
125,Daulton Varsho ,169,23,8,23,3,0.233,0.301,39,8,1,15,42,0.427,0.728,0.15,0.21,0.09,7551 d,TOR 
126,Ernie Clement ,185,22,4,20,2,0.271,0.302,50,10,1,8,20,0.396,0.697,0.74,0.67,0.81,8532 d,TOR 
127,Matt Chapman ,168,24,7,23,2,0.238,0.332,40,9,1,22,46,0.419,0.751,0.56,0.61,0.52,6315 d,SF 
128,Tommy Edman ,164,22,5,21,4,0.25,0.308,41,8,1,12,34,0.396,0.704,0.28,0.37,0.19,7752 d,LAD 
129,TJ Rumfield ,161,21,5,22,1,0.265,0.338,43,9,1,16,31,0.415,0.754,0.52,0.42,0.62,45014 ,COL 
130,Lawrence Butler ,149,21,6,20,5,0.242,0.317,36,8,1,16,43,0.419,0.735,0.2,0.32,0.09,45753 ,ATH 
131,Salvador Perez ,173,20,8,27,0,0.245,0.297,42,8,0,9,39,0.434,0.731,0.74,0.81,0.66,4147 d,KC 
132,Luke Keaschall ,151,21,3,17,6,0.263,0.347,40,8,1,16,28,0.388,0.735,0.5,0.56,0.44,47176 ,MIN 
133,Alec Bohm ,166,20,5,23,1,0.266,0.32,44,8,0,12,28,0.411,0.732,0.29,0.4,0.17,7921 d,PHI 
134,Ty France ,168,21,6,23,1,0.255,0.323,43,8,0,11,37,0.408,0.731,0.27,0.37,0.17,8163 d,SD 
135,Brayan Rocchio ,175,22,4,20,6,0.248,0.312,43,9,1,15,33,0.376,0.687,0.33,0.35,0.3,8305 d,CLE 
136,Justin Crawford ,154,20,2,15,8,0.266,0.315,41,7,1,11,34,0.36,0.674,0.05,0.06,0.03,46277 ,PHI 
137,Dillon Dingler ,165,22,7,24,0,0.251,0.312,41,8,1,12,42,0.439,0.751,0.89,0.91,0.88,43821 ,DET 
138,Travis Bazzana ,172,24,5,20,6,0.234,0.327,40,9,1,22,48,0.379,0.706,0.3,0.37,0.23,7354362,CLE 
139,Ezequiel Duran ,163,21,5,20,4,0.25,0.301,41,9,1,11,41,0.401,0.701,0.54,0.65,0.42,43722 ,TEX 
140,Nolan Arenado ,177,22,6,24,1,0.247,0.312,44,9,0,15,33,0.398,0.711,0.2,0.24,0.17,4350 d,ARI 
141,Dylan Crews ,159,21,6,20,6,0.236,0.303,37,7,1,13,41,0.395,0.698,0.24,0.39,0.1,8269 d,WSH 
142,Steven Kwan ,171,23,2,16,5,0.268,0.346,46,8,1,20,18,0.357,0.703,0.56,0.52,0.6,44349 ,CLE 
143,Maikel Garcia ,146,21,3,17,5,0.269,0.329,39,8,1,14,24,0.401,0.731,0.73,0.81,0.65,44626 ,KC 
144,Aaron Judge ,79,17,7,18,1,0.284,0.425,23,4,0,17,25,0.602,1.028,0.99,0.99,0.99,4955 d,NYY 
145,Gabriel Moreno ,139,19,4,19,2,0.282,0.361,39,8,0,16,25,0.423,0.783,0.67,0.7,0.64,44003 ,ARI 
146,Nick Gonzales ,174,22,3,20,2,0.272,0.327,47,10,1,12,37,0.394,0.721,0.4,0.54,0.25,43874 ,PIT 
147,Brooks Lee ,178,22,6,22,2,0.245,0.298,44,8,1,13,33,0.395,0.694,0.45,0.49,0.42,46266 ,MIN 
148,Colt Keith ,155,22,5,20,1,0.261,0.325,41,8,1,14,35,0.422,0.748,0.07,0.09,0.05,43891 ,DET 
149,Andrew Vaughn ,152,19,6,23,0,0.259,0.326,40,8,1,14,31,0.434,0.76,0.13,0.23,0.04,22216 ,MIL 
150,Andres Gimenez ,165,20,4,19,6,0.246,0.303,41,8,1,9,33,0.371,0.674,0.1,0.11,0.08,7049 d,TOR 
151,Henry Bolte ,138,19,4,16,8,0.247,0.316,34,6,1,12,48,0.384,0.7,0.03,0.04,0.02,46304 ,ATH 
152,Cedric Mullins II ,150,20,6,19,7,0.226,0.301,34,6,1,15,37,0.396,0.697,0.04,0.05,0.03,7400 d,TB 
153,Max Muncy ,136,22,8,23,1,0.231,0.348,31,6,0,22,39,0.458,0.806,0.75,0.86,0.64,5207 d,LAD 
154,Jackson Holliday ,150,22,5,18,4,0.246,0.332,37,7,1,19,39,0.399,0.731,0.26,0.26,0.26,46268 ,BAL 
155,Mauricio Dubon ,180,21,4,20,2,0.259,0.301,47,9,1,11,26,0.38,0.681,0.56,0.44,0.68,6615 d,ATL 
156,Dominic Canzone ,140,19,7,21,1,0.248,0.314,35,7,0,12,34,0.446,0.76,0.2,0.25,0.15,45429 ,SEA 
157,Lane Thomas ,147,21,5,19,5,0.239,0.316,35,8,1,15,41,0.412,0.728,0.05,0.07,0.03,8293 d,KC 
158,Kody Clemens ,143,20,7,21,2,0.235,0.294,34,7,1,11,37,0.448,0.742,0.34,0.43,0.25,10049 ,MIN 
159,Vinnie Pasquantino ,136,18,6,21,1,0.254,0.331,35,7,0,14,24,0.439,0.77,0.5,0.57,0.43,44894 ,KC 
160,A.J. Ewing ,138,19,3,15,7,0.252,0.321,35,7,1,14,37,0.374,0.696,0.2,0.29,0.11,48019 ,NYM 
161,Lourdes Gurriel Jr. ,147,18,5,20,2,0.259,0.309,38,8,1,10,26,0.411,0.72,0.01,0.01,0.01,6931 d,ARI 
162,Matt McLain ,149,21,6,18,5,0.23,0.314,34,7,1,17,46,0.393,0.707,0.16,0.27,0.06,7953 d,CIN 
163,Lars Nootbaar ,144,21,5,19,2,0.248,0.348,36,7,1,21,34,0.412,0.761,0.03,0.03,0.03,44339 ,STL 
164,Josh Bell ,158,21,6,22,0,0.243,0.32,39,7,0,17,36,0.41,0.729,0.14,0.16,0.13,4664 d,MIN 
165,Ryan Jeffers ,137,20,6,20,1,0.251,0.34,34,7,0,16,31,0.433,0.773,0.42,0.45,0.38,8660 d,MIN 
166,Joc Pederson ,128,20,7,19,1,0.239,0.34,31,5,1,17,34,0.455,0.795,0.07,0.1,0.04,4769 d,TEX 
167,Carter Jensen ,154,21,6,21,1,0.238,0.314,37,8,1,17,46,0.415,0.729,0.49,0.62,0.37,44759 ,KC 
168,Chase Meidroth ,168,22,3,17,3,0.253,0.336,43,7,0,20,35,0.351,0.688,0.22,0.34,0.11,46617 ,CWS 
169,Esmerlyn Valdez ,132,18,7,20,1,0.241,0.32,32,6,0,14,43,0.446,0.766,0.58,0.7,0.47,45141 ,PIT 
170,Bryce Eldridge ,156,20,7,22,0,0.237,0.319,37,8,0,18,52,0.418,0.737,0.15,0.2,0.11,47216 ,SF 
171,Adley Rutschman ,139,20,5,19,0,0.258,0.344,36,8,0,18,24,0.428,0.772,0.73,0.68,0.77,8022 d,BAL 
172,Garrett Mitchell ,141,20,4,18,5,0.236,0.321,33,7,1,17,51,0.389,0.71,0.12,0.17,0.06,6859 d,MIL 
173,Nasim Nunez ,138,18,1,11,13,0.231,0.307,32,4,1,15,35,0.299,0.606,0.19,0.27,0.12,19789 ,WSH 
174,Josh Lowe ,128,17,5,16,5,0.241,0.307,31,6,1,11,39,0.416,0.723,0.01,0.01,0.01,10142 ,LAA 
175,J.T. Realmuto ,146,19,5,19,2,0.247,0.311,36,7,1,11,37,0.399,0.711,0.19,0.22,0.16,5371 d,PHI 
176,Jakob Marsee ,139,20,3,15,9,0.223,0.323,31,6,1,19,36,0.349,0.672,0.38,0.49,0.27,46634 ,MIA 
177,Marcus Semien ,152,20,5,19,3,0.234,0.303,36,6,1,15,31,0.391,0.693,0.35,0.34,0.36,4544 d,NYM 
178,Cole Young ,158,21,4,19,2,0.244,0.316,39,7,1,15,31,0.383,0.699,0.12,0.13,0.11,46287 ,SEA 
179,Colton Cowser ,127,18,6,18,4,0.228,0.317,29,5,0,15,44,0.403,0.72,0.03,0.04,0.02,44669 ,BAL 
180,Cam Smith ,155,21,5,19,3,0.234,0.306,36,7,1,15,44,0.394,0.7,0.07,0.08,0.06,46344 ,HOU 
181,Josh Jung ,140,18,5,18,1,0.26,0.314,36,7,0,10,34,0.417,0.73,0.27,0.29,0.25,23130 ,TEX 
182,Andrew Benintendi ,144,18,5,20,1,0.249,0.318,36,7,1,14,31,0.41,0.728,0.03,0.02,0.03,5972 d,CWS 
183,Jacob Young ,147,18,2,14,8,0.244,0.301,36,6,1,11,29,0.341,0.642,0.02,0.02,0.02,45266 ,WSH 
184,Nolan Schanuel ,152,20,3,18,1,0.265,0.351,40,8,0,18,25,0.382,0.734,0.07,0.1,0.04,47177 ,LAA 
185,Kyle Manzardo ,154,20,7,23,0,0.23,0.315,35,7,1,17,45,0.429,0.744,0.04,0.06,0.03,44758 ,CLE 
186,Jake Bauers ,115,17,6,18,3,0.231,0.334,27,5,0,17,38,0.43,0.764,0.66,0.72,0.6,5090 d,MIL 
187,Evan Carter ,134,19,4,16,6,0.231,0.324,31,6,1,17,36,0.392,0.716,0.03,0.03,0.02,43894 ,TEX 
188,Cooper Pratt ,158,20,3,17,6,0.236,0.309,37,7,1,16,36,0.351,0.66,0.08,0.11,0.05,47211 ,MIL 
189,Heriberto Hernandez ,127,17,6,19,2,0.237,0.316,30,6,1,14,39,0.438,0.754,0.12,0.18,0.06,43723 ,MIA 
190,Zack Gelof ,123,18,5,16,4,0.237,0.302,29,6,0,11,39,0.414,0.715,0.24,0.32,0.16,44896 ,ATH 
191,Colt Emerson ,166,21,5,19,4,0.221,0.294,37,7,1,15,50,0.357,0.651,0.08,0.09,0.06,47193 ,SEA 
192,Cody Bellinger ,109,16,4,16,3,0.26,0.334,28,5,1,12,19,0.442,0.776,0.96,0.96,0.96,6045 d,NYY 
193,Jesus Sanchez ,119,16,5,17,2,0.251,0.314,30,6,0,10,30,0.429,0.743,0.02,0.03,0.02,6890 d,TOR 
194,Gavin Sheets ,149,18,6,20,1,0.234,0.311,35,7,0,15,34,0.397,0.708,0.09,0.08,0.1,43643 ,SD 
195,Dylan Beavers ,116,17,4,14,4,0.246,0.331,29,6,1,15,30,0.403,0.734,0.01,0.01,0.01,46290 ,BAL 
196,Liam Hicks ,136,18,4,17,1,0.254,0.341,35,6,0,16,20,0.379,0.72,0.88,0.84,0.93,48340 ,MIA 
197,J.P. Crawford ,159,21,4,18,2,0.236,0.335,38,7,0,23,36,0.361,0.695,0.07,0.08,0.06,4950 d,SEA 
198,Jake Cronenworth ,161,22,4,18,2,0.233,0.328,38,8,1,20,38,0.37,0.698,0.05,0.07,0.03,7868 d,SD 
199,Spencer Horwitz ,121,17,4,16,1,0.262,0.355,32,7,0,16,24,0.415,0.771,0.1,0.12,0.08,45347 ,PIT 
200,Troy Johnston ,124,15,3,15,3,0.265,0.326,33,7,1,10,26,0.402,0.728,0.06,0.06,0.06,45280 ,COL 
201,Griffin Conine ,140,18,6,20,1,0.229,0.307,32,6,0,15,49,0.409,0.715,0.02,0.03,0.01,7429 d,MIA 
202,Michael Massey ,144,17,4,19,1,0.251,0.291,36,8,0,8,28,0.399,0.69,0.02,0.03,0.01,45756 ,KC 
203,Jorge Soler ,150,19,7,22,0,0.218,0.305,33,7,0,17,50,0.406,0.71,0.08,0.1,0.06,4495 d,LAA 
204,Jorge Polanco ,127,17,6,18,1,0.239,0.314,30,6,0,14,30,0.422,0.737,0.11,0.16,0.06,5354 d,NYM 
205,Noelvi Marte ,119,15,4,16,4,0.247,0.297,29,5,0,8,28,0.406,0.702,0.15,0.24,0.06,8284 d,CIN 
206,Isaac Collins ,131,18,3,15,4,0.242,0.337,32,7,1,18,33,0.379,0.716,0.01,0.01,0.01,44316 ,KC 
207,Joey Ortiz ,141,18,3,16,4,0.243,0.303,34,7,1,12,28,0.37,0.673,0.04,0.06,0.03,45567 ,MIL 
208,Nathan Lukes ,134,17,3,15,1,0.266,0.325,36,7,0,11,23,0.389,0.714,0.01,0.02,0.01,6451 d,TOR 
209,Paul Goldschmidt ,121,16,5,17,1,0.252,0.318,30,6,0,11,30,0.428,0.746,0.09,0.1,0.08,4403 d,NYY 
210,Kyle Karros ,123,17,3,15,1,0.266,0.348,33,7,1,14,30,0.41,0.758,0.09,0.14,0.05,47850 ,COL 
211,Braden Montgomery ,152,19,4,18,2,0.239,0.308,36,8,1,14,45,0.381,0.689,0.09,0.11,0.07,44743 ,CWS 
212,Jeff McNeil ,137,17,3,16,1,0.264,0.333,36,8,1,12,19,0.396,0.729,0.05,0.05,0.06,8027 d,ATH 
213,Masataka Yoshida ,116,15,3,15,1,0.272,0.339,32,6,0,10,16,0.407,0.746,0.01,0.01,0.01,46547 ,BOS 
214,Luke Raley ,118,16,6,17,2,0.224,0.302,27,5,0,9,41,0.413,0.714,0.07,0.09,0.06,8040 d,SEA 
215,Kerry Carpenter ,111,15,6,18,0,0.245,0.307,27,5,1,8,31,0.462,0.769,0.2,0.33,0.08,45596 ,DET 
216,Angel Martinez ,132,16,4,16,3,0.241,0.29,32,7,1,8,30,0.396,0.686,0.11,0.11,0.11,44791 ,CLE 
217,Trevor Larnach ,125,18,4,16,1,0.251,0.334,31,6,0,15,30,0.403,0.737,0.07,0.08,0.06,7176 d,MIN 
218,Edmundo Sosa ,125,16,4,16,2,0.246,0.289,31,6,1,6,30,0.403,0.693,0.01,0.01,0.0,6587 d,PHI 
219,Samuel Basallo ,114,16,6,18,0,0.241,0.31,27,5,0,10,31,0.441,0.751,0.33,0.39,0.28,44938 ,BAL 
220,Oswald Peraza ,145,17,4,15,6,0.222,0.28,32,6,0,10,44,0.353,0.633,0.02,0.03,0.01,43749 ,LAA 
221,Brady House ,142,16,4,18,1,0.244,0.285,35,7,0,8,41,0.387,0.672,0.01,0.02,0.01,8300 d,WSH 
222,Francisco Alvarez ,114,16,6,17,0,0.238,0.319,27,5,0,12,33,0.434,0.753,0.2,0.27,0.13,43686 ,NYM 
223,Tyler O'Neill ,109,16,6,16,1,0.232,0.317,25,5,0,13,35,0.435,0.752,0.01,0.01,0.01,5050 d,BAL 
224,Brendan Donovan ,113,16,3,14,1,0.265,0.346,30,6,0,12,19,0.403,0.749,0.43,0.47,0.38,45005 ,SEA 
225,David Hamilton ,104,14,3,10,9,0.22,0.287,23,4,1,10,29,0.353,0.64,0.01,0.01,0.01,45029 ,MIL 
226,Yainer Diaz ,118,14,4,16,0,0.26,0.296,31,5,0,6,21,0.419,0.716,0.4,0.4,0.4,45200 ,HOU 
227,Trevor Story ,108,13,4,14,4,0.238,0.289,26,5,0,7,33,0.389,0.678,0.24,0.37,0.1,4747 d,BOS 
228,Vaughn Grissom ,122,15,3,15,2,0.251,0.315,31,6,0,10,25,0.377,0.692,0.04,0.04,0.04,44905 ,LAA 
229,Alejandro Kirk ,113,14,4,15,0,0.264,0.344,30,5,0,13,16,0.412,0.756,0.28,0.23,0.33,43675 ,TOR 
230,Mike Yastrzemski ,121,17,5,16,1,0.228,0.316,28,6,1,15,33,0.406,0.722,0.01,0.01,0.01,8467 d,ATL 
231,Jonah Heim ,135,16,5,18,1,0.231,0.289,31,6,0,11,29,0.387,0.677,0.04,0.05,0.03,6457 d,ATH 
232,Owen Caissie ,114,15,5,16,1,0.236,0.309,27,6,0,11,42,0.419,0.728,0.05,0.06,0.03,43911 ,MIA 
233,Dane Myers ,110,14,3,13,4,0.246,0.316,27,4,0,10,31,0.376,0.692,0.0,0.0,0.0,10106 ,CIN 
234,Tyler Stephenson ,119,15,5,16,0,0.24,0.322,29,6,0,14,36,0.405,0.726,0.05,0.07,0.03,6024 d,CIN 
235,Rhys Hoskins ,119,16,6,17,1,0.216,0.321,26,5,0,17,39,0.403,0.724,0.01,0.01,0.01,6744 d,CLE 
236,Max Kepler ,123,16,4,17,1,0.237,0.313,29,6,0,13,27,0.392,0.705,0.0,0.0,0.0,5357 d,ARI 
237,Coby Mayo ,108,15,5,16,1,0.226,0.298,25,5,0,10,35,0.423,0.721,0.02,0.02,0.01,44345 ,BAL 
238,Austin Wells ,124,16,6,17,1,0.213,0.292,27,5,0,13,35,0.393,0.685,0.06,0.05,0.06,43803 ,NYY 
239,Jared Young ,111,15,5,15,1,0.237,0.315,26,5,0,11,29,0.408,0.723,0.01,0.01,0.0,8646 d,NYM 
240,Blaze Jordan ,118,14,3,15,1,0.257,0.3,30,6,1,7,18,0.399,0.698,0.02,0.02,0.02,7389 d,STL 
241,Joe Mack ,124,15,5,17,1,0.226,0.29,28,5,0,11,37,0.383,0.674,0.04,0.05,0.02,44681 ,MIA 
242,Tristan Peters ,127,15,3,14,2,0.24,0.302,31,6,1,11,28,0.373,0.675,0.04,0.05,0.03,47098 ,CWS 
243,Esteury Ruiz ,72,11,2,8,8,0.24,0.318,17,3,1,7,20,0.385,0.703,0.02,0.03,0.01,10086 ,MIA 
244,Colby Thomas ,90,12,4,13,2,0.24,0.292,22,5,0,6,29,0.431,0.724,0.0,0.0,0.0,46377 ,ATH 
245,Luis Campusano ,104,14,4,14,0,0.245,0.322,26,5,0,11,25,0.402,0.725,0.01,0.01,0.01,7455 d,SD 
246,Nathaniel Lowe ,106,14,4,15,0,0.248,0.336,26,5,0,13,30,0.412,0.748,0.02,0.02,0.01,7914 d,CIN 
247,Dalton Rushing ,106,15,5,16,0,0.232,0.318,24,5,0,12,33,0.421,0.739,0.17,0.2,0.14,46325 ,LAD 
248,Denzer Guzman ,128,15,4,15,2,0.226,0.283,29,6,0,10,40,0.368,0.651,0.01,0.01,0.0,45207 ,LAA 
249,Max Clark ,97,13,3,11,3,0.243,0.32,24,4,1,11,22,0.379,0.699,0.16,0.2,0.11,47237 ,DET 
250,Carson Kelly ,113,15,4,15,0,0.241,0.322,27,5,0,12,24,0.384,0.706,0.11,0.1,0.11,6253 d,CHC 
251,Tyler Freeman ,90,12,1,10,3,0.272,0.342,25,4,0,7,13,0.377,0.719,0.01,0.01,0.0,10024 ,COL 
252,Edouard Julien ,100,14,3,11,2,0.246,0.347,25,5,1,15,32,0.383,0.73,0.0,0.0,0.0,44887 ,COL 
253,Marcell Ozuna ,103,13,5,15,0,0.237,0.331,24,4,0,14,30,0.412,0.743,0.03,0.03,0.04,4726 d,PIT 
254,Ryan McMahon ,126,16,5,16,1,0.213,0.3,27,5,0,15,45,0.376,0.677,0.01,0.01,0.01,5009 d,NYY 
255,Romy Gonzalez ,95,12,3,12,2,0.255,0.306,24,5,1,6,27,0.417,0.722,0.01,0.01,0.0,44875 ,BOS 
256,Jake Mangum ,90,11,1,8,4,0.275,0.314,25,4,0,5,17,0.361,0.675,0.07,0.1,0.04,45619 ,PIT 
257,Jonny DeLuca ,88,11,3,11,4,0.24,0.296,21,4,1,6,20,0.403,0.699,0.01,0.01,0.01,45829 ,TB 
258,Keibert Ruiz ,108,12,3,14,1,0.249,0.291,27,6,0,6,14,0.388,0.68,0.1,0.08,0.11,6912 d,WSH 
259,Ildemaro Vargas ,109,13,2,13,1,0.256,0.302,28,5,1,7,13,0.37,0.672,0.19,0.11,0.28,6583 d,ARI 
260,Jordan Lawlar ,93,13,2,11,4,0.238,0.31,22,5,1,8,27,0.379,0.688,0.04,0.06,0.03,44664 ,ARI 
261,Sal Frelick ,94,12,2,10,3,0.257,0.322,24,4,0,8,13,0.358,0.68,0.16,0.07,0.25,44675 ,MIL 
262,Will Smith ,79,12,4,12,0,0.254,0.35,20,3,0,11,17,0.439,0.788,0.7,0.71,0.69,7671 d,LAD 
263,Anthony Volpe ,96,12,3,11,4,0.235,0.303,22,5,1,9,25,0.397,0.7,0.03,0.03,0.03,43704 ,NYY 
264,Alan Roden ,106,14,2,12,2,0.249,0.33,26,5,0,11,21,0.373,0.704,0.0,0.0,0.0,46975 ,MIN 
265,Ke'Bryan Hayes ,116,13,3,12,2,0.237,0.293,28,5,1,9,25,0.355,0.648,0.0,0.0,0.0,6910 d,CIN 
266,Taylor Trammell ,99,13,4,13,3,0.214,0.303,21,5,0,12,34,0.385,0.688,0.0,0.0,0.0,6417 d,HOU 
267,Taylor Walls ,118,15,2,11,6,0.213,0.296,25,5,1,14,33,0.318,0.614,0.01,0.01,0.0,43756 ,TB 
268,Ryan Kreidler ,115,15,3,13,3,0.214,0.291,25,5,1,12,37,0.35,0.642,0.01,0.01,0.0,44371 ,MIN 
269,Javier Baez ,104,12,3,12,2,0.237,0.272,25,5,0,4,25,0.366,0.638,0.04,0.04,0.03,4606 d,DET 
270,Ryan Waldschmidt ,93,12,2,10,3,0.247,0.325,23,5,1,10,28,0.383,0.707,0.02,0.03,0.02,7354513,ARI 
271,Konnor Griffin ,70,10,2,8,4,0.26,0.321,18,3,0,5,20,0.398,0.719,0.5,0.67,0.33,7354367,PIT 
272,Ben Williamson ,103,12,1,11,3,0.252,0.308,26,5,1,8,23,0.343,0.651,0.01,0.01,0.0,48010 ,TB 
273,Jacob Gonzalez ,113,13,3,13,2,0.228,0.288,26,6,0,9,25,0.355,0.644,0.02,0.02,0.01,47236 ,PIT 
274,Tyler Locklear ,86,11,3,11,2,0.246,0.319,21,4,0,8,24,0.398,0.718,0.0,0.0,0.0,46390 ,ARI 
275,TJ Friedl ,104,14,3,11,2,0.233,0.32,24,4,1,12,23,0.366,0.686,0.08,0.07,0.09,8358 d,CIN 
276,Nathan Church ,100,12,2,11,3,0.243,0.293,24,4,1,7,19,0.364,0.657,0.01,0.01,0.01,47315 ,STL 
277,Brett Baty ,99,12,4,12,1,0.236,0.305,23,4,0,9,28,0.385,0.689,0.04,0.05,0.03,20757 ,NYM 
278,Tim Tawa ,103,13,3,13,2,0.227,0.291,23,5,0,9,27,0.373,0.664,0.02,0.03,0.02,45834 ,ARI 
279,Zach McKinstry ,104,13,2,11,3,0.232,0.305,24,5,1,11,23,0.357,0.662,0.02,0.02,0.03,10153 ,DET 
280,Carlos Cortes ,95,12,3,13,0,0.244,0.312,23,5,0,9,20,0.404,0.716,0.03,0.02,0.04,8644 d,ATH 
281,Victor Mesa Jr. ,89,11,3,11,2,0.231,0.293,21,4,0,8,22,0.382,0.675,0.02,0.03,0.0,7001 d,TB 
282,Gabriel Rincones ,99,13,3,12,3,0.216,0.295,21,5,0,10,30,0.357,0.652,0.0,0.0,0.0,46549 ,PHI 
283,Everson Pereira ,86,11,4,11,2,0.222,0.287,19,3,0,7,30,0.392,0.679,0.0,0.0,0.0,7417 d,CWS 
284,Victor Caratini ,96,11,3,12,0,0.248,0.324,24,4,0,9,20,0.385,0.709,0.03,0.04,0.02,5080 d,MIN 
285,Luis Lara ,92,11,1,10,4,0.237,0.314,22,4,0,10,21,0.337,0.651,0.05,0.05,0.04,46782 ,MIL 
286,Cam Cauley ,94,12,2,10,4,0.219,0.276,21,4,1,7,29,0.359,0.635,0.0,0.0,0.0,45174 ,TEX 
287,Austin Hays ,81,10,3,11,1,0.246,0.3,20,4,1,5,22,0.416,0.715,0.01,0.01,0.0,7238 d,CWS 
288,Patrick Bailey ,114,13,3,13,1,0.225,0.288,26,5,1,10,32,0.353,0.641,0.01,0.01,0.01,8299 d,CLE 
289,Endy Rodriguez ,93,12,3,11,1,0.236,0.315,22,5,0,10,23,0.381,0.696,0.02,0.02,0.01,44137 ,PIT 
290,Javier Sanoja ,89,11,1,10,2,0.262,0.304,23,5,1,6,10,0.385,0.688,0.06,0.07,0.05,47475 ,MIA 
291,Kyle Isbel ,99,12,2,10,2,0.241,0.292,24,5,1,7,22,0.364,0.656,0.01,0.01,0.01,8285 d,KC 
292,Roman Anthony ,74,11,2,10,1,0.255,0.359,19,4,0,11,21,0.411,0.77,0.65,0.73,0.57,46323 ,BOS 
293,Spencer Steer ,80,11,3,11,1,0.236,0.317,19,4,0,9,20,0.414,0.731,0.19,0.24,0.15,44364 ,CIN 
294,Anthony Seigler ,84,11,2,9,3,0.233,0.326,20,5,0,11,20,0.36,0.686,0.02,0.02,0.01,7955 d,BOS 
295,Michael Conforto ,89,12,4,12,0,0.225,0.318,20,4,0,11,27,0.395,0.713,0.01,0.01,0.0,5812 d,CHC 
296,Austin Martin ,78,11,1,7,3,0.25,0.345,20,4,0,10,16,0.344,0.688,0.01,0.01,0.01,43881 ,MIN 
297,Leody Taveras ,76,10,2,9,3,0.241,0.299,18,3,1,7,19,0.382,0.681,0.01,0.01,0.01,39153 ,BAL 
298,Luisangel Acuna ,74,9,1,7,5,0.246,0.284,18,3,0,4,15,0.329,0.613,0.01,0.01,0.01,43726 ,CWS 
299,Blaze Alexander ,77,10,2,9,2,0.246,0.317,19,4,0,7,24,0.381,0.698,0.06,0.07,0.04,8280 d,BAL 
300,Brenton Doyle ,70,9,2,8,3,0.241,0.294,17,3,0,5,21,0.392,0.685,0.17,0.3,0.05,45599 ,COL 
301,Jose Fermin ,78,10,2,9,2,0.245,0.325,19,4,0,9,12,0.369,0.695,0.0,0.0,0.0,8555 d,STL 
302,Nick Loftin ,86,11,2,10,1,0.244,0.318,21,4,0,9,14,0.374,0.692,0.02,0.02,0.01,43837 ,KC 
303,Samad Taylor ,74,10,1,7,4,0.241,0.306,18,3,1,7,21,0.345,0.651,0.03,0.04,0.02,44697 ,SD 
304,Connor Wong ,90,11,2,10,2,0.239,0.304,21,5,0,8,24,0.363,0.668,0.0,0.0,0.0,8335 d,BOS 
305,Amed Rosario ,73,9,2,9,1,0.263,0.303,19,3,1,4,16,0.414,0.717,0.01,0.01,0.01,5994 d,NYY 
306,Jose Tena ,75,9,2,8,2,0.25,0.307,19,4,0,6,22,0.391,0.697,0.0,0.0,0.0,44885 ,WSH 
307,Andruw Monasterio ,73,9,2,9,2,0.248,0.319,18,4,0,7,19,0.391,0.71,0.01,0.02,0.01,10009 ,BOS 
308,Joshua Kuroda-Grauer ,75,9,1,8,2,0.265,0.307,20,4,0,4,11,0.36,0.667,0.03,0.04,0.02,7354474,ATH 
309,Richie Palacios ,83,10,2,9,3,0.232,0.318,19,4,1,10,18,0.352,0.67,0.0,0.0,0.0,44377 ,TB 
310,Ha-Seong Kim ,80,11,2,8,3,0.231,0.319,18,3,0,10,17,0.352,0.672,0.0,0.0,0.0,6866 d,ATL 
311,Eduardo Valencia ,69,9,3,10,0,0.241,0.298,17,3,0,5,17,0.407,0.705,0.02,0.02,0.02,7356368,DET 
312,Spencer Jones ,67,9,3,9,2,0.218,0.29,15,3,0,6,27,0.392,0.682,0.03,0.04,0.03,46338 ,NYY 
313,Luis Rengifo ,71,8,2,8,2,0.25,0.311,18,3,0,6,13,0.365,0.675,0.11,0.2,0.03,8153 d,SD 
314,Tyler Tolbert ,57,8,1,5,6,0.232,0.285,13,2,0,4,16,0.337,0.622,0.02,0.03,0.01,45717 ,KC 
315,Carlos Narvaez ,91,11,3,11,1,0.222,0.295,20,4,0,9,29,0.363,0.658,0.01,0.01,0.01,45973 ,BOS 
316,Drew Gilbert ,95,11,2,11,1,0.229,0.303,22,5,1,9,20,0.355,0.658,0.0,0.0,0.0,46297 ,SF 
317,Giancarlo Stanton ,57,8,4,10,0,0.226,0.3,13,2,0,6,20,0.453,0.753,0.19,0.2,0.17,3783 d,NYY 
318,Tommy White ,82,9,2,10,1,0.247,0.289,20,4,0,4,16,0.372,0.66,0.03,0.04,0.02,7354374,ATH 
319,Brandon Valenzuela ,92,11,3,11,1,0.215,0.282,20,4,0,9,27,0.358,0.641,0.02,0.02,0.01,45378 ,TOR 
320,Grant McCray ,84,11,2,9,3,0.217,0.282,18,4,1,8,28,0.338,0.619,0.0,0.0,0.0,45602 ,SF 
321,Matt Vierling ,75,10,2,9,1,0.245,0.308,18,3,1,6,17,0.385,0.693,0.0,0.0,0.0,10043 ,DET 
322,Henry Davis ,81,10,3,10,1,0.219,0.299,18,3,0,8,22,0.377,0.676,0.01,0.01,0.01,44666 ,PIT 
323,Matt Shaw ,56,8,2,7,2,0.243,0.316,14,2,1,5,12,0.409,0.726,0.04,0.07,0.02,47221 ,CHC 
324,Christian Encarnacion-Strand ,68,9,3,10,0,0.235,0.278,16,3,0,3,20,0.412,0.69,0.1,0.14,0.06,45073 ,BAL 
325,Dominic Smith ,74,9,2,9,0,0.25,0.315,19,3,0,6,15,0.383,0.699,0.02,0.02,0.02,4946 d,ATL 
326,Starling Marte ,65,8,1,7,2,0.26,0.32,17,3,0,5,16,0.379,0.699,0.0,0.0,0.0,4377 d,KC 
327,Marcelo Mayer ,69,8,2,9,1,0.243,0.301,17,4,0,5,16,0.387,0.688,0.02,0.03,0.02,44663 ,BOS 
328,Ryan Vilade ,73,9,2,10,1,0.24,0.306,17,3,1,6,19,0.397,0.703,0.0,0.0,0.0,7483 d,TB 
329,Victor Robles ,67,8,1,6,4,0.238,0.302,16,3,0,5,16,0.334,0.636,0.0,0.0,0.0,5978 d,SEA 
330,Jared Triolo ,79,10,1,8,2,0.235,0.318,19,4,0,9,20,0.331,0.648,0.01,0.01,0.0,44918 ,PIT 
331,Derek Hill ,59,8,2,7,3,0.225,0.281,13,2,0,4,20,0.368,0.649,0.0,0.0,0.0,10000 ,PHI 
332,Sean Murphy ,75,10,3,11,0,0.213,0.304,16,3,0,8,23,0.387,0.691,0.0,0.0,0.01,6609 d,ATL 
333,Edwin Arroyo ,79,9,1,8,1,0.25,0.296,20,4,1,5,18,0.361,0.657,0.01,0.01,0.01,44760 ,CIN 
334,Daniel Susac ,81,9,2,9,1,0.231,0.279,19,3,0,5,23,0.351,0.63,0.01,0.01,0.01,46275 ,SF 
335,Jim Jarvis ,77,10,1,8,2,0.238,0.299,18,4,0,6,16,0.333,0.632,0.01,0.01,0.01,7355269,ATL 
336,Sung-Mun Song ,70,8,2,8,2,0.232,0.294,16,3,0,6,15,0.351,0.645,0.0,0.0,0.0,7354238,SD 
337,Freddy Fermin ,84,10,2,9,0,0.233,0.294,20,4,0,7,19,0.353,0.647,0.0,0.0,0.0,44157 ,SD 
338,Nick Fortes ,90,10,2,10,0,0.236,0.284,21,4,0,5,16,0.353,0.637,0.06,0.07,0.04,8673 d,TB 
339,Nelson Velazquez ,59,8,3,8,1,0.226,0.302,13,3,0,6,18,0.406,0.708,0.0,0.0,0.0,45006 ,STL 
340,Ramon Urias ,63,8,2,8,1,0.243,0.307,15,3,0,5,15,0.39,0.696,0.0,0.0,0.0,8377 d,STL 
341,Pedro Ramirez ,59,7,1,7,2,0.252,0.31,15,3,0,4,12,0.357,0.667,0.03,0.04,0.02,45165 ,CHC 
342,Gabriel Arias ,67,8,2,8,1,0.232,0.289,16,3,0,5,23,0.385,0.674,0.01,0.01,0.0,10084 ,CLE 
343,Jake Fraley ,65,8,2,7,2,0.236,0.317,15,3,0,7,16,0.373,0.689,0.0,0.0,0.0,8083 d,TB 
344,Daniel Schneemann ,73,9,2,8,2,0.216,0.287,16,4,0,7,22,0.348,0.635,0.02,0.02,0.02,45690 ,CLE 
345,Gary Sanchez ,54,8,3,9,0,0.221,0.322,12,2,0,7,15,0.421,0.742,0.02,0.01,0.02,4670 d,MIL 
346,Victor Scott ,67,8,1,6,5,0.216,0.281,14,3,0,6,17,0.299,0.58,0.01,0.01,0.01,46622 ,STL 
347,Bryan Torres ,58,7,1,6,2,0.258,0.33,15,3,0,6,12,0.355,0.685,0.0,0.0,0.0,7354296,STL 
348,Graham Pauley ,72,9,2,9,1,0.218,0.29,16,4,0,7,18,0.359,0.649,0.0,0.0,0.0,48203 ,MIA 
349,Miguel Amaya ,84,10,2,10,0,0.229,0.306,19,4,0,8,21,0.359,0.665,0.01,0.01,0.01,39277 ,CHC 
350,Mark Vientos ,57,7,3,9,0,0.235,0.297,13,2,0,4,16,0.421,0.718,0.03,0.04,0.02,6940 d,NYM 
351,Jake Meyers ,61,7,2,7,2,0.238,0.305,14,3,0,5,15,0.368,0.673,0.0,0.0,0.0,10160 ,HOU 
352,Enrique Hernandez ,77,10,2,10,0,0.226,0.283,17,4,0,6,19,0.372,0.655,0.01,0.01,0.02,5522 d,LAD 
353,Gavin Lux ,75,9,1,8,1,0.244,0.325,18,4,0,9,19,0.352,0.677,0.01,0.01,0.01,7421 d,TB 
354,Wade Meckler ,68,8,1,7,1,0.252,0.324,17,3,0,7,16,0.341,0.665,0.0,0.0,0.01,47291 ,LAA 
355,Jose Trevino ,76,8,2,9,0,0.238,0.282,18,3,0,5,13,0.361,0.642,0.0,0.0,0.0,7023 d,CIN 
356,Luis Torrens ,78,9,2,9,0,0.234,0.293,18,4,0,6,18,0.358,0.65,0.0,0.0,0.0,6629 d,NYM 
357,Alejandro Osuna ,51,7,1,5,2,0.245,0.326,13,2,0,5,11,0.352,0.678,0.0,0.0,0.0,45996 ,TEX 
358,Miguel Rojas ,57,7,1,6,1,0.255,0.309,15,3,0,4,8,0.366,0.675,0.01,0.01,0.01,5504 d,LAD 
359,Jimmy Crooks III ,63,8,2,8,0,0.233,0.304,15,3,0,5,20,0.38,0.684,0.0,0.0,0.0,46621 ,STL 
360,Jose Siri ,57,8,2,7,2,0.205,0.268,12,2,0,4,21,0.363,0.63,0.0,0.0,0.0,5727 d,LAA 
361,Edgar Quero ,75,8,2,8,0,0.238,0.307,18,3,0,7,16,0.341,0.649,0.0,0.0,0.01,45208 ,CWS 
362,Travis d'Arnaud ,75,9,3,9,0,0.221,0.282,16,4,0,5,22,0.382,0.664,0.0,0.0,0.0,4099 d,LAA 
363,Zach Dezenzo ,50,7,2,6,1,0.23,0.302,12,2,0,5,17,0.368,0.67,0.0,0.0,0.0,47638 ,HOU 
364,Jesus Rodriguez ,54,7,1,6,1,0.26,0.324,14,2,0,4,9,0.364,0.688,0.0,0.0,0.0,47301 ,SF 
365,Hunter Feduccia ,93,11,2,10,0,0.214,0.295,20,4,0,11,28,0.331,0.626,0.0,0.0,0.0,44211 ,TB 
366,Josh Smith ,62,8,1,7,2,0.232,0.321,14,3,0,7,14,0.349,0.669,0.01,0.01,0.01,24017 ,TEX 
367,LaMonte Wade Jr. ,74,10,2,9,0,0.211,0.329,16,3,0,12,21,0.338,0.667,0.0,0.0,0.0,7573 d,HOU 
368,Petey Halpin ,66,8,1,7,2,0.222,0.275,15,3,1,5,19,0.337,0.612,0.0,0.0,0.0,43905 ,CLE 
369,Ryan Mountcastle ,48,6,2,7,0,0.254,0.304,12,2,0,3,13,0.424,0.728,0.0,0.0,0.0,7239 d,BAL 
370,Christian Vazquez ,77,8,2,8,1,0.222,0.278,17,3,0,6,17,0.33,0.608,0.01,0.01,0.01,5391 d,HOU 
371,Jorbit Vivas ,79,9,1,8,1,0.23,0.314,18,4,0,8,13,0.318,0.632,0.0,0.0,0.0,44615 ,WSH 
372,Nicky Lopez ,79,9,0,6,2,0.24,0.3,19,3,0,7,14,0.292,0.592,0.01,0.01,0.01,7530 d,TEX 
373,Kyle Teel ,58,7,2,7,1,0.234,0.32,13,2,0,7,17,0.36,0.681,0.06,0.07,0.05,47214 ,CWS 
374,Myles Straw ,60,8,1,5,2,0.24,0.295,14,3,0,5,12,0.337,0.631,0.0,0.0,0.0,7628 d,TOR 
375,Carson Williams ,60,8,2,7,2,0.208,0.28,12,2,1,5,23,0.37,0.65,0.01,0.01,0.0,44714 ,TB 
376,Drew Cavanaugh ,70,8,2,8,1,0.217,0.305,15,3,0,8,23,0.328,0.633,0.0,0.0,0.0,7356853,SF 
377,Connor Norby ,51,6,2,6,1,0.241,0.313,12,3,0,5,16,0.404,0.717,0.01,0.01,0.01,44734 ,MIA 
378,Hao-Yu Lee ,53,7,1,6,1,0.244,0.307,13,2,0,4,13,0.382,0.689,0.07,0.08,0.06,45251 ,DET 
379,Miguel Andujar ,59,7,1,7,0,0.255,0.297,15,3,0,3,10,0.377,0.674,0.01,0.01,0.01,6570 d,SD 
380,Yohendrick Pinango ,63,7,2,7,0,0.233,0.294,15,3,0,5,17,0.373,0.668,0.0,0.0,0.0,47428 ,TOR 
381,Leo Jimenez ,65,8,1,7,1,0.234,0.32,15,3,0,6,16,0.344,0.664,0.0,0.0,0.0,44354 ,MIA 
382,Andres Chaparro ,46,6,2,7,0,0.231,0.302,11,2,0,4,12,0.408,0.71,0.01,0.01,0.0,45581 ,WSH 
383,Brice Matthews ,54,7,2,6,2,0.21,0.285,11,2,0,5,19,0.362,0.647,0.01,0.01,0.0,47819 ,HOU 
384,Elias Diaz ,66,7,2,8,0,0.225,0.276,15,3,0,4,17,0.359,0.635,0.0,0.0,0.0,5591 d,TEX 
385,Jorge Mateo ,35,5,1,4,3,0.235,0.281,8,2,0,2,10,0.378,0.658,0.01,0.01,0.01,5971 d,ATL 
386,Drew Romo ,76,8,2,8,1,0.209,0.264,16,3,0,5,22,0.336,0.6,0.0,0.0,0.0,43878 ,CWS 
387,Harry Ford ,63,8,1,7,1,0.218,0.314,14,3,0,8,18,0.328,0.642,0.01,0.01,0.01,45892 ,WSH 
388,Bryan De La Cruz ,50,6,2,6,0,0.237,0.287,12,2,0,4,14,0.384,0.671,0.0,0.0,0.0,44192 ,PHI 
389,Jahmai Jones ,44,7,1,6,1,0.228,0.316,10,2,0,5,13,0.374,0.691,0.0,0.0,0.0,6876 d,BOS 
390,Brett Sullivan ,50,6,1,6,1,0.233,0.286,12,3,0,3,9,0.361,0.646,0.0,0.0,0.0,7838 d,COL 
391,Nick Allen ,58,7,1,5,1,0.232,0.288,14,2,0,5,13,0.319,0.607,0.0,0.0,0.0,40272 ,HOU 
392,Victor Bericoto ,55,6,2,6,0,0.234,0.278,13,2,0,3,14,0.361,0.638,0.01,0.01,0.0,44426 ,SF 
393,David Fry ,57,7,2,8,0,0.214,0.3,12,2,0,6,17,0.371,0.671,0.0,0.0,0.0,45488 ,CLE 
394,Davis Schneider ,44,6,2,6,1,0.21,0.323,9,2,0,7,15,0.389,0.712,0.0,0.0,0.0,45729 ,TOR 
395,Tristan Gray ,77,8,2,9,0,0.212,0.266,16,4,0,5,24,0.351,0.617,0.0,0.0,0.0,43972 ,MIN 
396,Pedro Pages ,58,6,2,7,0,0.219,0.275,13,2,0,4,16,0.343,0.618,0.0,0.0,0.0,43967 ,STL 
397,Randal Grichuk ,43,5,2,6,0,0.243,0.295,10,2,0,3,10,0.435,0.73,0.0,0.0,0.0,5423 d,CWS 
398,Justin Foscue ,49,6,2,6,0,0.225,0.301,11,2,0,5,11,0.38,0.681,0.0,0.0,0.0,43832 ,TEX 
399,Jeremiah Jackson ,47,5,1,6,1,0.235,0.271,11,2,0,2,11,0.376,0.648,0.04,0.03,0.06,43690 ,BAL 
400,Jordan Beck ,30,4,1,4,1,0.255,0.317,8,2,0,3,9,0.422,0.739,0.02,0.03,0.01,46291 ,COL 
401,Kyle Higashioka ,46,6,2,6,0,0.227,0.283,10,2,0,3,12,0.407,0.69,0.0,0.0,0.0,6168 d,TEX 
402,Mitch Garver ,46,6,2,6,0,0.206,0.31,10,2,0,6,16,0.369,0.679,0.0,0.0,0.0,6239 d,SEA 
403,Logan O'Hoppe ,50,6,2,6,0,0.225,0.289,11,2,0,4,14,0.38,0.669,0.02,0.03,0.02,43987 ,TEX 
404,Donovan Walton ,50,6,1,6,0,0.234,0.309,12,2,0,5,10,0.346,0.654,0.0,0.0,0.0,10091 ,ATH 
405,Tyler Heineman ,75,8,1,7,1,0.212,0.277,16,3,0,6,17,0.304,0.581,0.0,0.0,0.0,5148 d,LAA 
406,Tyrone Taylor ,46,6,1,6,1,0.228,0.282,10,2,0,3,11,0.375,0.657,0.02,0.02,0.01,7578 d,NYM 
407,Max Schuemann ,48,6,1,5,2,0.216,0.31,10,2,0,6,13,0.323,0.633,0.0,0.0,0.0,45220 ,NYY 
408,Jase Bowen ,50,6,1,6,2,0.207,0.265,10,2,0,3,17,0.334,0.599,0.0,0.0,0.0,45903 ,SD 
409,Deyvison De Los Santos ,31,4,1,4,1,0.242,0.286,8,1,0,2,8,0.379,0.665,0.0,0.0,0.0,44902 ,MIA 
410,Abimelec Ortiz ,45,5,2,6,0,0.227,0.297,10,2,0,4,12,0.397,0.694,0.0,0.0,0.0,47980 ,WSH 
411,Lenyn Sosa ,45,5,1,6,0,0.236,0.272,11,2,0,2,11,0.367,0.638,0.01,0.01,0.01,44421 ,TOR 
412,Isiah Kiner-Falefa ,45,5,0,4,2,0.249,0.301,11,2,0,3,8,0.315,0.616,0.01,0.01,0.0,7662 d,BOS 
413,Christian Moore ,51,6,1,6,1,0.224,0.301,11,2,0,5,18,0.362,0.663,0.01,0.01,0.0,7354407,LAA 
414,Matt Wallner ,32,5,2,5,0,0.226,0.319,7,2,0,3,12,0.441,0.76,0.01,0.01,0.01,43696 ,MIN 
415,Joey Loperfido ,32,4,1,4,1,0.232,0.306,8,2,0,3,10,0.375,0.681,0.0,0.0,0.0,45780 ,HOU 
416,Josh Rojas ,42,5,1,4,1,0.236,0.303,10,2,0,4,10,0.358,0.661,0.0,0.0,0.0,26964 ,KC 
417,James McCann ,46,5,1,6,0,0.235,0.282,11,2,0,2,12,0.362,0.644,0.0,0.0,0.0,5563 d,ARI 
418,Eli White ,33,4,1,4,1,0.236,0.289,8,1,0,2,9,0.379,0.668,0.0,0.0,0.0,8216 d,ATL 
419,Nolan Gorman ,39,5,2,6,0,0.207,0.294,8,1,0,5,14,0.388,0.682,0.01,0.01,0.02,7471 d,STL 
420,Christian Koss ,37,4,1,4,1,0.237,0.288,9,2,0,2,9,0.348,0.635,0.0,0.0,0.0,44076 ,SF 
421,Alika Williams ,45,5,1,5,0,0.243,0.295,11,2,0,3,10,0.359,0.654,0.0,0.0,0.0,43800 ,ATH 
422,Kaelen Culpepper ,28,4,1,3,1,0.243,0.307,7,1,0,2,7,0.383,0.69,0.02,0.03,0.01,7354387,MIN 
423,Austin Hedges ,57,6,1,6,1,0.218,0.285,12,2,0,5,14,0.333,0.618,0.0,0.0,0.0,4680 d,CLE 
424,Alex Call ,30,4,1,4,1,0.231,0.336,7,1,0,4,7,0.362,0.698,0.0,0.0,0.0,8208 d,LAD 
425,Adrian Del Castillo ,46,6,1,6,0,0.222,0.291,10,2,0,4,14,0.362,0.653,0.0,0.0,0.0,47268 ,ARI 
426,Jesse Winker ,31,4,1,4,1,0.23,0.347,7,1,0,5,8,0.37,0.717,0.0,0.0,0.0,5719 d,"LF,RF,DH) FA"
427,Jonatan Clase ,29,4,1,3,2,0.216,0.284,6,1,0,3,9,0.352,0.636,0.0,0.0,0.0,45929 ,TOR 
428,Adam Frazier ,37,4,1,3,1,0.23,0.298,9,2,0,3,8,0.333,0.63,0.0,0.0,0.0,6243 d,LAA 
429,Tommy Troy ,35,4,1,4,1,0.233,0.301,8,1,0,3,9,0.354,0.654,0.0,0.0,0.0,47213 ,ARI 
430,Yoan Moncada ,39,5,1,5,0,0.221,0.311,9,2,0,4,13,0.36,0.671,0.0,0.0,0.0,5679 d,LAA 
431,James Outman ,40,5,1,5,1,0.19,0.279,8,1,0,4,16,0.335,0.614,0.0,0.0,0.0,44201 ,DET 
432,Brian Serven ,56,6,1,6,0,0.21,0.281,12,2,0,5,18,0.317,0.598,0.0,0.0,0.0,8505 d,ATH 
433,Wenceel Perez ,25,3,1,3,1,0.249,0.319,6,1,0,2,5,0.432,0.751,0.0,0.0,0.0,8666 d,DET 
434,Curtis Mead ,29,4,1,4,0,0.257,0.33,7,1,0,3,6,0.439,0.769,0.2,0.28,0.12,39303 ,BOS 
435,Jacob Melton ,25,3,1,3,2,0.21,0.268,5,1,0,2,8,0.345,0.614,0.0,0.0,0.0,46320 ,TB 
436,Rob Refsnyder ,41,5,1,5,0,0.221,0.306,9,2,0,4,13,0.366,0.672,0.0,0.0,0.0,5673 d,SEA 
437,Moises Ballesteros ,22,3,1,3,0,0.258,0.323,6,1,0,2,4,0.428,0.751,0.03,0.04,0.02,44603 ,CHC 
438,Nate Eaton ,20,3,1,2,1,0.228,0.285,5,1,0,2,6,0.367,0.652,0.0,0.0,0.0,45484 ,BOS 
439,Lucas Spence ,45,5,1,5,1,0.208,0.286,9,2,0,4,15,0.321,0.607,0.0,0.0,0.0,7355283,HOU 
440,Kahlil Watson ,22,3,1,3,1,0.224,0.289,5,1,0,2,8,0.391,0.679,0.0,0.0,0.0,44665 ,CLE 
441,Agustin Ramirez ,22,3,1,3,1,0.234,0.299,5,1,0,2,5,0.411,0.71,0.32,0.32,0.33,47304 ,MIA 
442,Tyler Austin ,26,4,1,4,0,0.244,0.314,6,1,0,2,7,0.443,0.757,0.0,0.0,0.0,4748 d,CHC 
443,Parker Meadows ,26,3,1,3,1,0.223,0.3,6,1,0,3,7,0.347,0.647,0.0,0.0,0.0,7993 d,DET 
444,John Rave ,28,4,1,3,1,0.228,0.304,6,1,0,3,8,0.368,0.672,0.0,0.0,0.0,45866 ,KC 
445,Blake Dunn ,28,4,1,3,1,0.23,0.304,6,1,0,3,8,0.33,0.633,0.0,0.0,0.0,47530 ,CIN 
446,Denzel Clarke ,32,4,1,3,1,0.214,0.285,7,1,0,3,12,0.342,0.627,0.0,0.0,0.0,45219 ,ATH 
447,Luis Urias ,42,5,1,5,0,0.227,0.31,9,2,0,4,8,0.356,0.665,0.0,0.0,0.0,6936 d,TOR 
448,Joshua Baez ,15,2,1,2,1,0.242,0.297,4,1,0,1,5,0.448,0.745,0.08,0.15,0.02,44686 ,STL 
449,Joey Bart ,31,4,1,4,0,0.238,0.321,7,1,0,3,10,0.383,0.703,0.0,0.0,0.0,7956 d,ATL 
450,Ivan Johnson ,31,4,1,4,1,0.206,0.276,6,1,0,3,10,0.339,0.615,0.0,0.0,0.0,7354141,CIN 
451,Braxton Fulford ,20,3,1,3,0,0.233,0.307,5,1,0,2,7,0.4,0.707,0.0,0.0,0.0,45770 ,COL 
452,Charlie Condon ,26,3,1,4,0,0.237,0.318,6,1,0,2,9,0.387,0.705,0.05,0.08,0.02,7354361,COL 
453,George Lombard ,24,3,1,3,1,0.21,0.295,5,1,0,3,7,0.323,0.618,0.04,0.07,0.02,47149 ,NYY 
454,Tyler Callihan ,24,3,1,3,1,0.223,0.281,5,1,0,2,7,0.36,0.641,0.0,0.0,0.0,19848 ,PIT 
455,Jhostynxon Garcia ,36,4,1,4,0,0.231,0.281,8,2,0,2,11,0.369,0.65,0.0,0.0,0.0,45339 ,PIT 
456,Max Muncy ,21,3,1,3,0,0.229,0.294,5,1,0,2,7,0.398,0.692,0.03,0.03,0.02,44711 ,ATH 
457,Wilmer Flores ,25,3,1,3,0,0.233,0.297,6,1,0,2,5,0.389,0.686,0.0,0.0,0.0,4257 d,"1B,DH) FA"
458,Justin Turner ,25,3,1,3,0,0.245,0.32,6,1,0,3,5,0.391,0.711,0.0,0.0,0.0,4261 d,"1B,3B) FA"
459,Cody Freeman ,25,3,1,3,0,0.248,0.287,6,1,0,1,4,0.408,0.695,0.0,0.0,0.0,44422 ,TEX 
460,Ben Malgeri ,25,3,1,3,0,0.235,0.301,6,1,0,2,7,0.382,0.684,0.0,0.0,0.0,47389 ,DET 
461,Jake Rogers ,33,4,1,4,0,0.198,0.268,7,1,0,3,10,0.343,0.611,0.0,0.0,0.0,7321 d,BAL 
462,Nick Sogard ,31,4,0,3,1,0.222,0.308,7,1,0,4,7,0.296,0.604,0.0,0.0,0.0,44216 ,BOS 
463,Ralphy Velazquez ,18,2,1,2,0,0.257,0.315,5,1,0,1,5,0.446,0.761,0.01,0.01,0.0,47949 ,CLE 
464,Zac Veen ,18,2,1,2,1,0.239,0.301,4,1,0,2,5,0.39,0.691,0.01,0.01,0.0,43847 ,COL 
465,Eric Wagaman ,26,3,1,3,0,0.24,0.299,6,1,0,2,6,0.389,0.688,0.0,0.0,0.0,45579 ,NYM 
466,Shay Whitcomb ,11,2,1,2,0,0.248,0.3,3,1,0,1,4,0.475,0.775,0.0,0.0,0.0,44395 ,HOU 
467,Ali Sanchez ,42,4,1,4,0,0.22,0.274,9,2,0,3,11,0.329,0.603,0.0,0.0,0.0,8389 d,NYY 
468,Weston Wilson ,19,2,1,2,1,0.229,0.299,4,1,0,2,6,0.41,0.709,0.0,0.0,0.0,10004 ,SEA 
469,Jon Berti ,25,3,0,2,1,0.242,0.298,6,1,0,2,6,0.313,0.611,0.0,0.0,0.0,6776 d,"2B,3B) FA"
470,Raynel Delgado ,16,2,0,2,1,0.234,0.285,4,1,0,1,4,0.31,0.595,0.0,0.0,0.0,45798 ,HOU 
471,Sean Keys ,24,3,1,3,0,0.204,0.289,5,1,0,2,7,0.359,0.647,0.0,0.0,0.0,7354574,TOR 
472,Jonah Cox ,22,3,0,2,1,0.237,0.284,5,1,0,1,6,0.348,0.632,0.0,0.0,0.0,47922 ,SF 
473,MJ Melendez ,13,2,1,2,0,0.231,0.302,3,1,0,1,4,0.464,0.766,0.0,0.0,0.0,10031 ,NYM 
474,James Triantos ,17,2,0,2,1,0.255,0.296,4,1,0,1,3,0.35,0.646,0.0,0.0,0.0,44755 ,CHC 
475,Brandon Lockridge ,17,2,0,2,1,0.235,0.292,4,1,0,1,5,0.322,0.613,0.0,0.0,0.0,45610 ,MIL 
476,Danny Jansen ,25,3,1,3,0,0.208,0.295,5,1,0,3,7,0.392,0.688,0.0,0.0,0.0,7237 d,TEX 
477,Andrew Velazquez ,23,3,0,2,1,0.214,0.258,5,1,0,1,7,0.308,0.566,0.0,0.0,0.0,6228 d,KC 
478,Blake Perkins ,31,4,0,3,1,0.211,0.297,6,1,0,4,9,0.298,0.595,0.0,0.0,0.0,10117 ,MIL 
479,Will Wagner ,20,3,0,2,0,0.234,0.319,5,1,0,3,4,0.303,0.622,0.0,0.0,0.0,46835 ,SD 
480,Jett Williams ,14,2,0,2,1,0.217,0.305,3,1,0,2,4,0.317,0.621,0.01,0.02,0.0,46295 ,MIL 
481,Rafael Marchan ,30,3,1,3,0,0.216,0.28,6,1,0,2,5,0.344,0.624,0.0,0.0,0.0,43920 ,PHI 
482,Jose Fernandez ,15,2,0,2,0,0.242,0.284,4,1,0,1,4,0.327,0.611,0.01,0.01,0.01,8488 d,ARI 
483,Christian Cairo ,13,2,0,1,1,0.215,0.308,3,1,0,2,4,0.286,0.595,0.0,0.0,0.0,45691 ,PHI 
484,Jorge Barrosa ,28,3,0,3,0,0.207,0.27,6,1,0,2,7,0.286,0.555,0.0,0.0,0.0,45561 ,ARI 
485,Osleivis Basabe ,15,2,0,1,0,0.238,0.287,4,1,0,1,3,0.342,0.629,0.0,0.0,0.0,44082 ,SF 
486,Alex Jackson ,13,2,0,2,0,0.192,0.259,3,0,0,1,5,0.31,0.569,0.0,0.0,0.0,5687 d,MIN 
487,Gustavo Campero ,13,2,0,2,0,0.22,0.287,3,1,0,1,3,0.312,0.599,0.0,0.0,0.0,44503 ,LAA 
488,Sterlin Thompson ,13,2,0,2,0,0.246,0.31,3,1,0,1,3,0.369,0.679,0.0,0.0,0.0,46296 ,COL 
489,Austin Wynns ,17,2,0,2,0,0.216,0.271,4,1,0,1,5,0.324,0.595,0.0,0.0,0.0,6725 d,TEX 
490,Drew Millas ,17,2,0,2,0,0.231,0.293,4,1,0,1,4,0.327,0.619,0.0,0.0,0.0,44808 ,WSH 
491,Joey Wiemer ,21,2,1,2,0,0.206,0.275,4,1,0,2,7,0.356,0.631,0.02,0.01,0.03,44593 ,WSH 
492,Thomas Saggese ,21,2,0,2,0,0.233,0.274,5,1,0,1,6,0.329,0.603,0.0,0.0,0.0,45177 ,STL 
493,Ryan Ritter ,14,2,0,2,0,0.22,0.275,3,1,0,1,4,0.313,0.588,0.0,0.0,0.0,46718 ,COL 
494,Billy Cook ,14,2,0,2,0,0.214,0.279,3,0,0,1,4,0.292,0.571,0.0,0.0,0.0,47603 ,PIT 
495,J.C. Escarra ,18,2,0,2,0,0.227,0.298,4,1,0,2,4,0.331,0.629,0.0,0.0,0.0,8672 d,NYY 
496,Tanner Murray ,18,2,0,2,0,0.232,0.284,4,1,0,1,4,0.336,0.62,0.0,0.0,0.0,44449 ,CWS 
497,Brewer Hicklen ,7,1,0,1,0,0.219,0.304,2,0,0,1,2,0.346,0.65,0.0,0.0,0.0,8322 d,ATL 
498,Dustin Harris ,7,1,0,1,0,0.236,0.278,2,0,0,0,2,0.337,0.615,0.0,0.0,0.0,44006 ,SD 
499,Ryan Ward ,7,1,0,1,0,0.223,0.307,2,0,0,1,2,0.357,0.663,0.0,0.0,0.0,45805 ,LAD 
500,Mickey Gasper ,7,1,0,1,0,0.226,0.32,2,0,0,1,1,0.333,0.653,0.0,0.0,0.0,47279 ,BOS 
501,Ronny Mauricio ,11,1,0,1,0,0.234,0.292,3,0,0,1,3,0.335,0.627,0.0,0.0,0.0,9998 d,NYM 
502,Yohandy Morales ,11,1,0,1,0,0.242,0.3,3,1,0,1,3,0.351,0.651,0.01,0.02,0.0,43846 ,WSH 
503,Kyler Fedko ,11,1,0,1,0,0.23,0.297,3,1,0,1,3,0.333,0.63,0.0,0.0,0.0,47254 ,MIN 
504,Cooper Ingle ,11,1,0,1,0,0.255,0.357,3,1,0,2,3,0.362,0.718,0.0,0.0,0.0,47896 ,CLE 
505,Leo Rivas ,13,2,0,1,0,0.203,0.333,3,0,0,2,4,0.263,0.596,0.0,0.0,0.0,9960 d,SEA 
506,Alex Freeland ,13,2,0,1,0,0.236,0.303,3,1,0,1,4,0.358,0.661,0.0,0.0,0.0,46730 ,LAD 
507,Rodolfo Duran ,19,2,0,2,0,0.21,0.268,4,1,0,1,5,0.327,0.595,0.0,0.0,0.0,44204 ,SD 
508,Will Benson ,4,1,0,1,0,0.22,0.323,1,0,0,1,1,0.298,0.621,0.0,0.0,0.0,6408 d,CIN 
509,Nick Yorke ,8,1,0,1,0,0.193,0.223,2,0,0,0,2,0.239,0.462,0.0,0.0,0.0,43882 ,PIT 
510,Adael Amador ,8,1,0,1,0,0.204,0.283,2,0,0,1,2,0.26,0.542,0.0,0.0,0.0,44920 ,COL 
511,Zach Cole ,8,1,0,1,0,0.195,0.282,2,0,0,1,4,0.303,0.585,0.0,0.0,0.0,46519 ,HOU 
512,Rikuu Nishida ,8,1,0,1,0,0.223,0.302,2,0,0,1,2,0.241,0.543,0.0,0.0,0.0,7354215,CWS 
513,LuJames Groover ,8,1,0,1,0,0.195,0.276,2,0,0,1,2,0.253,0.529,0.0,0.0,0.0,47178 ,ARI 
514,Thairo Estrada ,12,1,0,1,0,0.209,0.244,3,0,0,0,3,0.294,0.539,0.0,0.0,0.0,7544 d,2B) FA
515,Yohel Pozo ,12,1,0,1,0,0.246,0.265,3,0,0,0,2,0.347,0.612,0.0,0.0,0.0,44830 ,BAL 
516,Eliezer Alfonzo ,12,1,0,1,0,0.229,0.282,3,0,0,1,2,0.298,0.58,0.0,0.0,0.0,47516 ,LAD 
517,Mike Tauchman ,14,2,0,1,0,0.223,0.321,3,1,0,2,4,0.319,0.64,0.01,0.01,0.0,7084 d,NYM 
518,Luke Maile ,16,2,0,2,0,0.219,0.294,3,1,0,1,5,0.321,0.615,0.0,0.0,0.0,5834 d,KC 
519,Sebastian Rivero ,20,2,0,2,0,0.201,0.241,4,1,0,1,5,0.28,0.522,0.0,0.0,0.0,10030 ,LAA 
520,Will Brennan ,5,1,0,1,0,0.168,0.18,1,0,0,0,1,0.194,0.374,0.0,0.0,0.0,45057 ,SF 
521,Walker Jenkins ,5,1,0,1,0,0.196,0.293,1,0,0,1,1,0.25,0.543,0.03,0.05,0.01,47233 ,MIN 
522,Mark Canha ,9,1,0,1,0,0.219,0.32,2,0,0,1,2,0.307,0.627,0.0,0.0,0.0,5670 d,"LF,RF) FA"
523,Darell Hernaiz ,9,1,0,1,0,0.252,0.327,2,0,0,1,1,0.297,0.624,0.0,0.0,0.0,46454 ,ATH 
524,Seaver King ,9,1,0,1,0,0.179,0.202,2,0,0,0,2,0.223,0.425,0.0,0.0,0.0,7354371,WSH 
525,Reese McGuire ,13,1,0,1,0,0.23,0.294,3,0,0,1,3,0.315,0.609,0.0,0.0,0.0,4941 d,C) FA
526,Brian Navarreto ,13,1,0,1,0,0.199,0.257,3,0,0,1,4,0.273,0.53,0.0,0.0,0.0,7738 d,MIA 
527,Garrett Stubbs ,15,2,0,1,0,0.193,0.264,3,0,0,1,4,0.266,0.53,0.0,0.0,0.0,6761 d,PHI 
528,Maximo Acosta ,4,1,0,0,0,0.233,0.255,1,0,0,0,1,0.282,0.537,0.0,0.0,0.0,43733 ,MIA 
529,Chad Wallach ,6,1,0,1,0,0.186,0.23,1,0,0,0,2,0.24,0.469,0.0,0.0,0.0,6639 d,ATH 
530,Bo Naylor ,6,1,0,1,0,0.234,0.328,1,0,0,1,2,0.372,0.7,0.0,0.0,0.01,7925 d,CLE 
531,Trei Cruz ,6,1,0,1,0,0.184,0.288,1,0,0,1,2,0.225,0.512,0.0,0.0,0.0,43914 ,DET 
532,Bryan Lavastida ,6,1,0,1,0,0.196,0.241,1,0,0,0,1,0.243,0.484,0.0,0.0,0.0,44355 ,ATH 
533,Jace Jung ,6,1,0,1,0,0.186,0.293,1,0,0,1,2,0.24,0.533,0.0,0.0,0.0,46272 ,DET 
534,Hyeseong Kim ,6,1,0,1,0,0.219,0.248,1,0,0,0,1,0.262,0.51,0.01,0.01,0.01,7354825,LAD 
535,Trey Lipscomb ,10,1,0,1,0,0.237,0.284,2,0,0,1,3,0.311,0.594,0.0,0.0,0.0,46555 ,WSH 
536,Hector Rodriguez ,10,1,0,1,0,0.206,0.262,2,0,0,1,2,0.275,0.537,0.01,0.01,0.0,46791 ,CIN 
537,Bryce Teodosio ,10,1,0,1,1,0.157,0.185,1,0,0,0,3,0.203,0.388,0.0,0.0,0.0,45582 ,LAA 
538,Patrick Wisdom ,3,0,0,0,0,0.162,0.212,1,0,0,0,1,0.371,0.583,0.0,0.0,0.0,6255 d,SEA 
539,Riley Adams ,3,0,0,0,0,0.155,0.188,1,0,0,0,1,0.217,0.405,0.0,0.0,0.0,43678 ,WSH 
540,Gage Workman ,3,0,0,0,0,0.165,0.211,1,0,0,0,1,0.237,0.448,0.0,0.0,0.0,43892 ,DET 
541,Tsung-Che Cheng ,3,0,0,0,0,0.171,0.219,1,0,0,0,1,0.236,0.455,0.0,0.0,0.0,45136 ,BOS 
542,Ryan Bliss ,5,1,0,0,0,0.21,0.25,1,0,0,0,1,0.25,0.5,0.0,0.0,0.0,44747 ,SEA 
543,Oliver Dunn ,5,1,0,0,0,0.197,0.242,1,0,0,0,2,0.238,0.48,0.0,0.0,0.0,46678 ,TB 
544,BJ Murray ,5,1,0,0,0,0.216,0.271,1,0,0,0,1,0.27,0.542,0.0,0.0,0.0,47331 ,CHC 
545,Kameron Misner ,5,1,0,0,0,0.187,0.231,1,0,0,0,1,0.232,0.462,0.0,0.0,0.0,24874 ,PHI 
546,Connor Joe ,7,1,0,1,0,0.188,0.286,1,0,0,1,2,0.251,0.537,0.0,0.0,0.0,7302 d,SEA 
547,Jhonny Pereda ,7,1,0,1,0,0.223,0.32,1,0,0,1,1,0.271,0.591,0.0,0.0,0.0,43764 ,SEA 
548,Gabriel Gonzalez ,7,1,0,1,0,0.209,0.241,1,0,0,0,1,0.27,0.511,0.0,0.0,0.0,45180 ,MIN 
549,Chad Stevens ,7,1,0,1,0,0.21,0.282,1,0,0,1,2,0.272,0.554,0.0,0.0,0.0,45664 ,COL 
550,Cesar Prieto ,7,1,0,1,0,0.181,0.2,1,0,0,0,1,0.22,0.42,0.0,0.0,0.0,45928 ,STL 
551,Felix Reyes ,7,1,0,1,0,0.2,0.224,1,0,0,0,2,0.269,0.493,0.0,0.0,0.0,46021 ,PHI 
552,Gavin Cross ,7,1,0,1,0,0.157,0.221,1,0,0,1,2,0.214,0.435,0.0,0.0,0.0,46273 ,KC 
553,Charles McAdoo ,7,1,0,1,0,0.201,0.262,1,0,0,1,2,0.267,0.528,0.0,0.0,0.0,7354204,TOR 
554,Tim Elko ,7,1,0,1,0,0.177,0.198,1,0,0,0,2,0.239,0.437,0.0,0.0,0.0,47613 ,CWS 
555,Rece Hinds ,7,1,0,1,0,0.165,0.201,1,0,0,0,2,0.22,0.421,0.0,0.0,0.0,20650 ,MIA 
556,Tommy Pham ,11,1,0,1,0,0.196,0.263,2,0,0,1,3,0.265,0.528,0.0,0.0,0.0,5584 d,PHI 
557,Justin Dean ,11,1,0,1,0,0.164,0.248,2,0,0,1,4,0.202,0.45,0.0,0.0,0.0,8575 d,CHC 
558,Chadwick Tromp ,11,1,0,1,0,0.19,0.239,2,0,0,1,3,0.296,0.535,0.0,0.0,0.0,43989 ,BAL 
559,Michael Helman ,11,1,0,1,0,0.187,0.236,2,0,0,1,3,0.277,0.513,0.0,0.0,0.0,11238 ,TEX 
560,Nelson Rada ,4,0,0,0,0,0.208,0.237,1,0,0,0,1,0.236,0.473,0.0,0.0,0.0,45246 ,LAA 
561,Heston Kjerstad ,8,1,0,1,0,0.174,0.248,1,0,0,1,2,0.233,0.481,0.0,0.0,0.0,43717 ,BAL 
562,Kevin Alcantara ,8,1,0,1,0,0.17,0.254,1,0,0,1,3,0.228,0.482,0.0,0.0,0.0,43724 ,CHC 
563,Christian Franklin ,8,1,0,1,0,0.166,0.26,1,0,0,1,2,0.205,0.466,0.0,0.0,0.0,44727 ,WSH 
564,Otto Kemp ,8,1,0,1,0,0.162,0.248,1,0,0,1,3,0.218,0.466,0.0,0.0,0.0,46724 ,PHI 
565,Jose Barrero ,5,0,0,0,0,0.2,0.227,1,0,0,0,1,0.258,0.485,0.0,0.0,0.0,7218 d,BAL 
566,Aaron Zavala ,5,0,0,0,0,0.202,0.234,1,0,0,0,1,0.247,0.481,0.0,0.0,0.0,44753 ,TEX 
567,Juan Brito ,5,0,0,0,0,0.229,0.273,1,0,0,0,1,0.293,0.566,0.0,0.0,0.0,46692 ,CLE 
568,Junior Perez ,9,1,0,1,0,0.147,0.228,1,0,0,1,3,0.203,0.431,0.0,0.0,0.0,44022 ,CWS 
569,Korey Lee ,9,1,0,1,0,0.147,0.213,1,0,0,1,3,0.204,0.417,0.0,0.0,0.0,20414 ,CWS 
570,Andrew McCutchen ,2,0,0,0,0,0.089,0.135,0,0,0,0,1,0.148,0.283,0.0,0.0,0.0,3052 d,ATL 
571,Carlos Perez ,2,0,0,0,0,0.079,0.108,0,0,0,0,0,0.139,0.247,0.0,0.0,0.0,5630 d,DET 
572,Pavin Smith ,2,0,0,0,0,0.086,0.132,0,0,0,0,1,0.14,0.272,0.0,0.0,0.0,6959 d,ARI 
573,Drew Waters ,2,0,0,0,0,0.094,0.123,0,0,0,0,1,0.148,0.271,0.0,0.0,0.0,7224 d,KC 
574,Will Banfield ,2,0,0,0,0,0.116,0.131,0,0,0,0,1,0.153,0.284,0.0,0.0,0.0,7268 d,CIN 
575,Sam Haggerty ,2,0,0,0,0,0.09,0.125,0,0,0,0,1,0.131,0.256,0.0,0.0,0.0,8227 d,CIN 
576,Kristian Robinson ,2,0,0,0,0,0.083,0.12,0,0,0,0,1,0.132,0.252,0.0,0.0,0.0,8254 d,ARI 
577,Zack Short ,2,0,0,0,0,0.07,0.111,0,0,0,0,1,0.113,0.225,0.0,0.0,0.0,8500 d,NYM 
578,Nolan Jones ,2,0,0,0,0,0.086,0.128,0,0,0,0,1,0.14,0.268,0.0,0.0,0.0,10128 ,CWS 
579,Joey Meneses ,2,0,0,0,0,0.103,0.128,0,0,0,0,0,0.159,0.287,0.0,0.0,0.0,43684 ,ATH 
580,Robert Hassell III ,2,0,0,0,0,0.089,0.118,0,0,0,0,1,0.126,0.245,0.0,0.0,0.0,43842 ,PIT 
581,Willie MacIver ,2,0,0,0,0,0.084,0.115,0,0,0,0,1,0.13,0.245,0.0,0.0,0.0,43990 ,TOR 
582,Jeferson Quero ,2,0,0,0,0,0.117,0.178,0,0,0,0,0,0.158,0.336,0.0,0.0,0.0,44588 ,MIL 
583,Logan Porter ,2,0,0,0,0,0.106,0.174,0,0,0,0,1,0.136,0.31,0.0,0.0,0.0,45483 ,LAA 
584,Bryce Johnson ,2,0,0,0,0,0.081,0.113,0,0,0,0,1,0.113,0.226,0.0,0.0,0.0,45575 ,SD 
585,DaShawn Keirsey ,2,0,0,0,0,0.092,0.117,0,0,0,0,1,0.136,0.253,0.0,0.0,0.0,45952 ,ATL 
586,Luis Vazquez ,2,0,0,0,0,0.086,0.111,0,0,0,0,1,0.131,0.242,0.0,0.0,0.0,46035 ,BAL 
587,Nick Morabito ,2,0,0,0,0,0.119,0.181,0,0,0,0,1,0.146,0.327,0.0,0.0,0.0,46373 ,NYM 
588,Collin Price ,2,0,0,0,0,0.104,0.171,0,0,0,0,1,0.147,0.318,0.0,0.0,0.0,46517 ,HOU 
589,Jack Brannigan ,2,0,0,0,0,0.111,0.174,0,0,0,0,1,0.152,0.326,0.0,0.0,0.0,46579 ,PIT 
590,Mario Camilletti ,2,0,0,0,0,0.089,0.132,0,0,0,0,1,0.127,0.259,0.0,0.0,0.0,46751 ,CWS 
591,Jared Serna ,2,0,0,0,0,0.123,0.144,0,0,0,0,0,0.154,0.298,0.0,0.0,0.0,46865 ,MIA 
592,Andrew Pintar ,2,0,0,0,0,0.087,0.116,0,0,0,0,1,0.129,0.245,0.0,0.0,0.0,47001 ,MIA 
593,Tatem Levins ,2,0,0,0,0,0.084,0.122,0,0,0,0,1,0.136,0.258,0.0,0.0,0.0,7354292,TB 
594,Max Anderson ,2,0,0,0,0,0.101,0.126,0,0,0,0,0,0.155,0.281,0.0,0.0,0.0,47814 ,DET 
595,Kemp Alderman ,2,0,0,0,0,0.09,0.116,0,0,0,0,1,0.148,0.263,0.0,0.0,0.0,47875 ,MIA 
596,RJ Schreck ,2,0,0,0,0,0.082,0.128,0,0,0,0,1,0.138,0.266,0.0,0.0,0.0,48096 ,TOR 
597,Johnathan Rodriguez ,3,0,0,0,0,0.149,0.204,0,0,0,0,1,0.183,0.388,0.0,0.0,0.0,7445 d,PIT 
598,Alek Thomas ,3,0,0,0,0,0.148,0.197,0,0,0,0,1,0.229,0.426,0.0,0.0,0.01,8265 d,LAD 
599,Payton Henry ,3,0,0,0,0,0.107,0.125,0,0,0,0,1,0.135,0.26,0.0,0.0,0.0,8494 d,PHI 
600,Oswaldo Cabrera ,3,0,0,0,0,0.139,0.188,0,0,0,0,1,0.167,0.355,0.0,0.0,0.0,8549 d,NYY 
601,Blake Hunt ,3,0,0,0,0,0.106,0.124,0,0,0,0,1,0.145,0.269,0.0,0.0,0.0,44093 ,SD 
602,Mason McCoy ,3,0,0,0,0,0.094,0.147,0,0,0,0,1,0.118,0.265,0.0,0.0,0.0,44175 ,SD 
603,Hayden Senger ,3,0,0,0,0,0.101,0.118,0,0,0,0,1,0.13,0.247,0.0,0.0,0.0,44375 ,NYM 
604,Tyler Black ,3,0,0,0,0,0.093,0.154,0,0,0,0,1,0.122,0.276,0.0,0.0,0.0,44733 ,MIL 
605,Brett Harris ,3,0,0,0,0,0.105,0.167,0,0,0,0,1,0.136,0.303,0.0,0.0,0.0,45225 ,BOS 
606,Matthew Lugo ,3,0,0,0,0,0.106,0.16,0,0,0,0,1,0.147,0.308,0.0,0.0,0.0,45769 ,KC 
607,Kristian Campbell ,3,0,0,0,0,0.102,0.165,0,0,0,0,1,0.132,0.297,0.01,0.01,0.0,48018 ,BOS 
