VBR,Player,IP,K,W,SV,ERA,WHIP,ER,H,BB,HR,G,GS,L,CG,Rost,Yahoo,ESPN,PlayerId,Team
1,Shohei Ohtani ,21.5,25,1,0,3.39,1.19,8,17,7,3,4,4,1,0,1.0,0.0,1.0,7354 d,LAD 
2,Tarik Skubal ,40.6,49,3,0,2.74,1.02,12,32,8,4,7,7,2,0,0.99,0.99,1.0,43633 ,DET 
3,Paul Skenes ,37.8,45,2,0,2.99,1.12,13,30,10,3,7,7,2,0,0.99,0.99,1.0,47239 ,PIT 
4,Garrett Crochet ,36.3,46,3,0,3.07,1.14,12,30,10,4,7,7,2,0,0.99,0.99,1.0,43886 ,BOS 
5,Logan Gilbert ,38.7,43,3,0,3.32,1.10,14,32,9,5,7,7,2,0,0.97,0.98,0.96,7453 d,SEA 
6,Logan Webb ,43.8,41,3,0,3.27,1.21,16,42,10,3,7,7,2,0,0.99,0.99,0.99,8146 d,SF 
7,Yoshinobu Yamamoto ,39.0,42,3,0,3.33,1.15,14,32,11,4,7,7,2,0,0.99,0.99,0.99,48250 ,LAD 
8,Joe Ryan ,40.0,44,3,0,3.67,1.13,16,34,9,6,7,7,2,0,0.98,0.97,0.98,43688 ,MIN 
9,Max Fried ,43.8,41,3,0,3.35,1.22,16,39,12,4,7,7,2,0,0.98,0.98,0.98,4729 d,NYY 
10,George Kirby ,38.5,37,3,0,3.53,1.14,15,36,7,5,7,7,2,0,0.91,0.95,0.86,20405 ,SEA 
11,Framber Valdez ,43.8,43,3,0,3.36,1.26,16,39,14,4,7,7,2,0,0.99,0.99,0.99,7627 d,HOU 
12,Cristopher Sanchez ,41.1,40,3,0,3.33,1.21,15,38,11,4,7,7,2,0,0.95,0.94,0.96,39312 ,PHI 
13,Jacob deGrom ,31.5,37,2,0,3.33,1.08,12,26,7,4,6,6,1,0,0.99,0.99,0.98,4850 d,TEX 
14,Sonny Gray ,38.9,41,3,0,3.54,1.18,15,35,9,5,7,7,2,0,0.94,0.94,0.94,4755 d,STL 
15,Dylan Cease ,38.4,47,3,0,3.59,1.23,15,31,15,5,7,7,2,0,0.94,0.96,0.92,6848 d,SD 
16,Bryan Woo ,36.4,36,2,0,3.58,1.12,14,32,8,5,7,7,2,0,0.96,0.96,0.96,47011 ,SEA 
17,Tyler Glasnow ,35.3,43,2,0,3.50,1.16,14,28,12,4,6,6,1,0,0.93,0.97,0.88,4587 d,LAD 
18,Hunter Brown ,40.4,45,3,0,3.53,1.25,16,35,14,4,7,7,2,0,0.99,0.98,0.99,44176 ,HOU 
19,Spencer Strider ,38.4,47,3,0,3.70,1.21,16,32,13,5,7,7,2,0,0.81,0.88,0.74,44282 ,ATL 
20,Nick Pivetta ,39.2,44,3,0,3.85,1.17,17,33,12,6,7,7,2,0,0.95,0.95,0.95,6590 d,SD 
21,Blake Snell ,36.9,46,3,0,3.61,1.27,15,29,17,4,7,7,2,0,0.93,0.97,0.9,5835 d,LAD 
22,Nathan Eovaldi ,38.3,37,3,0,3.64,1.20,15,35,9,4,7,7,2,0,0.96,0.95,0.96,4423 d,TEX 
23,Shota Imanaga ,40.8,39,3,0,4.01,1.20,18,39,9,7,7,7,2,0,0.97,0.98,0.95,6979 d,CHC 
24,Freddy Peralta ,38.3,42,3,0,3.80,1.24,16,31,14,5,7,7,2,0,0.97,0.98,0.97,7274 d,MIL 
25,Matthew Boyd ,38.2,36,3,0,3.81,1.25,16,35,10,5,7,7,2,0,0.89,0.9,0.88,5003 d,CHC 
26,Carlos Rodon ,41.7,47,3,0,4.03,1.26,19,36,15,6,7,7,3,0,0.96,0.96,0.97,5674 d,NYY 
27,Ranger Suarez ,38.7,35,3,0,3.70,1.28,16,37,11,4,7,7,2,0,0.78,0.82,0.75,7247 d,PHI 
28,Jesus Luzardo ,37.8,41,3,0,3.95,1.26,17,34,13,5,7,7,2,0,0.81,0.86,0.75,6889 d,PHI 
29,Tanner Bibee ,42.1,40,3,0,3.96,1.27,19,39,12,6,7,7,3,0,0.8,0.88,0.72,45056 ,CLE 
30,Hunter Greene ,37.9,45,2,0,3.80,1.20,16,30,13,5,7,7,2,0,0.95,0.96,0.94,6871 d,CIN 
31,Luis Castillo ,39.2,37,3,0,3.82,1.23,17,36,11,5,7,7,2,0,0.96,0.96,0.95,3679 d,SEA 
32,Brandon Woodruff ,36.7,39,2,0,3.78,1.18,15,32,10,5,6,6,2,0,0.85,0.88,0.82,6813 d,MIL 
33,Edwin Diaz ,14.3,20,1,8,2.95,1.12,5,10,5,1,15,0,1,0,0.97,0.98,0.96,5996 d,NYM 
34,Merrill Kelly ,39.7,37,3,0,3.90,1.27,17,36,13,6,7,7,2,0,0.82,0.85,0.8,8374 d,TEX 
35,Kevin Gausman ,39.9,40,3,0,4.03,1.27,18,38,12,6,7,7,2,0,0.91,0.92,0.9,4671 d,TOR 
36,Drew Rasmussen ,34.1,32,2,0,3.49,1.19,13,31,8,4,10,6,2,0,0.76,0.86,0.66,43665 ,TB 
37,Chris Sale ,23.7,29,2,0,3.21,1.16,8,20,6,2,4,4,1,0,0.94,0.96,0.92,3207 d,ATL 
38,Andres Munoz ,13.3,17,1,6,2.75,1.20,4,10,5,1,14,0,1,0,0.97,0.98,0.97,24281 ,SEA 
39,Kodai Senga ,38.4,39,3,0,3.93,1.35,17,33,17,5,7,7,2,0,0.87,0.9,0.84,6917 d,NYM 
40,Aaron Nola ,39.1,38,2,0,4.08,1.24,18,37,10,6,6,6,2,0,0.78,0.86,0.7,5682 d,PHI 
41,Max Scherzer ,31.5,32,2,0,4.05,1.18,14,28,8,5,6,6,1,0,0.52,0.7,0.33,3744 d,TOR 
42,Cade Smith ,14.2,18,1,6,3.05,1.18,5,11,5,1,15,0,1,0,0.44,0.6,0.29,45654 ,CLE 
43,Quinn Priester ,38.7,31,2,0,3.91,1.31,17,37,13,4,9,6,2,0,0.59,0.71,0.46,23367 ,MIL 
44,Jhoan Duran ,14.0,16,1,6,2.73,1.17,4,11,4,1,15,0,1,0,0.91,0.95,0.87,8034 d,PHI 
45,MacKenzie Gore ,38.3,43,2,0,3.88,1.31,17,34,14,5,7,7,2,0,0.78,0.82,0.74,7146 d,WSH 
46,Zac Gallen ,39.5,37,3,0,4.18,1.32,18,38,13,5,7,7,2,0,0.76,0.83,0.69,7245 d,ARI 
47,Robbie Ray ,38.3,41,2,0,3.98,1.28,17,34,14,5,7,7,2,0,0.93,0.94,0.92,5484 d,SF 
48,Jack Flaherty ,35.5,40,2,0,3.90,1.28,15,32,12,5,6,6,2,0,0.79,0.85,0.73,6021 d,DET 
49,Aroldis Chapman ,13.0,19,1,6,2.85,1.23,4,9,7,1,14,0,1,0,0.84,0.88,0.8,3068 d,BOS 
50,Bryan Abreu ,14.2,19,1,6,3.05,1.20,5,10,6,1,15,0,1,0,0.42,0.53,0.3,8384 d,HOU 
51,Shane Bieber ,32.2,30,2,0,3.78,1.24,14,31,8,4,6,6,1,0,0.42,0.57,0.28,7178 d,TOR 
52,Jeff Hoffman ,13.1,17,1,6,3.23,1.19,5,10,5,2,14,0,1,0,0.88,0.94,0.82,6014 d,TOR 
53,David Bednar ,13.1,16,1,5,3.27,1.17,5,10,5,2,14,0,1,0,0.63,0.77,0.49,8451 d,NYY 
54,Mason Miller ,13.2,20,1,2,2.42,1.07,4,8,5,1,14,0,1,0,0.94,0.96,0.92,45221 ,SD 
55,Raisel Iglesias ,13.6,15,1,5,3.52,1.21,5,12,3,2,14,0,1,0,0.8,0.9,0.7,5589 d,ATL 
56,Brandon Pfaadt ,38.5,34,2,0,4.32,1.30,18,39,9,5,7,7,2,0,0.61,0.62,0.6,44436 ,ARI 
57,David Peterson ,39.3,35,2,0,3.91,1.40,17,38,15,4,7,7,2,0,0.62,0.69,0.55,7275 d,NYM 
58,Zebby Matthews ,28.0,28,1,0,3.93,1.24,12,27,7,4,6,6,2,0,0.12,0.19,0.05,48349 ,MIN 
59,Daniel Palencia ,13.7,16,1,6,3.69,1.33,6,12,6,1,14,0,1,0,0.42,0.6,0.25,44792 ,CHC 
60,Ryan Pepiot ,38.0,39,2,0,4.16,1.30,18,34,14,6,7,7,3,0,0.67,0.82,0.51,38313 ,TB 
61,Eury Perez ,30.2,32,2,0,4.01,1.25,13,26,11,4,6,6,2,0,0.53,0.67,0.39,44610 ,MIA 
62,Bryce Miller ,34.9,32,2,0,4.07,1.26,16,32,10,5,6,6,2,0,0.6,0.67,0.54,45184 ,SEA 
63,Kenley Jansen ,12.7,14,1,6,4.00,1.27,6,11,5,2,13,0,1,0,0.58,0.83,0.34,3630 d,LAA 
64,Trevor Megill ,13.3,17,1,5,3.40,1.22,5,11,5,1,14,0,1,0,0.81,0.91,0.7,10118 ,MIL 
65,Bailey Ober ,37.8,34,2,0,4.43,1.25,19,37,9,7,7,7,2,0,0.62,0.68,0.55,44064 ,MIN 
66,Sean Manaea ,38.3,38,2,0,4.13,1.29,18,35,13,6,7,7,2,0,0.37,0.43,0.31,4944 d,NYM 
67,Nestor Cortes Jr. ,33.8,32,2,0,4.23,1.26,16,31,10,6,9,6,2,0,0.18,0.22,0.14,7375 d,SD 
68,Yu Darvish ,35.8,34,2,0,4.21,1.28,17,33,11,5,6,6,2,0,0.27,0.4,0.14,3965 d,SD 
69,Michael King ,25.0,27,2,0,3.67,1.26,10,22,9,3,5,5,1,0,0.88,0.91,0.86,8489 d,SD 
70,Yusei Kikuchi ,37.8,40,2,0,4.12,1.33,17,36,13,5,7,7,2,0,0.73,0.77,0.69,7015 d,LAA 
71,Pete Fairbanks ,13.1,14,1,6,3.51,1.23,5,11,5,1,14,0,1,0,0.6,0.84,0.36,19909 ,TB 
72,Randy Rodriguez ,13.2,15,1,6,3.31,1.29,5,11,5,1,14,0,1,0,0.3,0.45,0.15,45022 ,SF 
73,Jose A. Ferrer ,13.7,12,1,6,3.73,1.36,6,13,4,1,14,0,1,0,0.05,0.09,0.02,46493 ,WSH 
74,Gavin Williams ,38.5,39,2,0,4.17,1.37,18,34,17,5,7,7,2,0,0.54,0.67,0.41,44694 ,CLE 
75,Shane Baz ,36.6,36,2,0,4.28,1.34,17,34,14,6,7,7,2,0,0.41,0.5,0.32,7158 d,TB 
76,Robert Suarez ,13.3,14,1,5,3.52,1.25,5,11,5,2,14,0,1,0,0.94,0.95,0.93,45030 ,SD 
77,Sandy Alcantara ,40.0,33,2,0,4.12,1.33,18,40,12,5,7,7,3,0,0.49,0.58,0.39,7109 d,MIA 
78,Michael Wacha ,38.7,32,2,0,4.24,1.32,18,38,11,5,7,7,2,0,0.44,0.56,0.31,4584 d,KC 
79,Chris Bassitt ,38.0,35,2,0,4.15,1.35,18,37,12,5,7,7,2,0,0.71,0.75,0.66,5554 d,TOR 
80,JoJo Romero ,13.4,13,1,5,3.47,1.33,5,12,5,1,14,0,1,0,0.16,0.26,0.07,8369 d,STL 
81,Jose Soriano ,36.6,33,2,0,3.80,1.41,15,34,16,3,6,6,2,0,0.3,0.4,0.19,7899 d,LAA 
82,Ryne Nelson ,34.3,28,2,0,4.23,1.31,16,34,10,5,6,6,2,0,0.32,0.42,0.22,38389 ,ARI 
83,Michael McGreevy ,36.0,25,2,0,4.01,1.30,16,37,8,4,8,6,2,0,0.09,0.13,0.04,44689 ,STL 
84,Luis Gil ,34.7,38,2,0,4.17,1.36,16,29,17,5,8,6,2,0,0.42,0.51,0.32,39290 ,NYY 
85,Tanner Scott ,11.0,13,1,5,3.42,1.27,4,9,5,1,11,0,1,0,0.7,0.78,0.62,7328 d,LAD 
86,Carlos Estevez ,13.5,13,1,6,4.19,1.34,6,13,5,2,14,0,1,0,0.77,0.88,0.65,5929 d,KC 
87,Griffin Jax ,14.2,17,1,1,2.98,1.11,5,11,4,1,15,0,1,0,0.18,0.2,0.16,43669 ,TB 
88,Noah Cameron ,35.0,29,2,0,4.22,1.33,16,34,11,4,9,6,2,0,0.56,0.63,0.49,47086 ,KC 
89,Edward Cabrera ,32.9,34,2,0,4.08,1.36,15,29,14,4,6,6,2,0,0.58,0.69,0.46,39222 ,MIA 
90,Will Warren ,34.2,34,2,0,4.22,1.35,16,32,13,4,7,7,2,0,0.37,0.51,0.23,46420 ,NYY 
91,Justin Verlander ,35.4,30,2,0,4.23,1.32,17,35,10,5,6,6,2,0,0.16,0.22,0.09,3623 d,SF 
92,Jacob Lopez ,35.3,37,2,0,4.25,1.37,17,32,14,5,7,7,2,0,0.51,0.64,0.38,26910 ,ATH 
93,Ryan Helsley ,13.6,17,1,1,3.17,1.18,5,10,5,1,14,0,1,0,0.74,0.75,0.73,7481 d,NYM 
94,Casey Mize ,31.5,27,2,0,4.19,1.31,15,31,9,4,6,6,2,0,0.6,0.69,0.5,7399 d,DET 
95,Clay Holmes ,34.4,30,2,0,3.88,1.41,15,33,13,3,8,6,2,0,0.57,0.64,0.51,6584 d,NYM 
96,Emilio Pagan ,13.4,15,1,5,4.19,1.23,6,11,5,2,14,0,1,0,0.63,0.77,0.49,7143 d,CIN 
97,Landen Roupp ,32.5,30,2,0,4.03,1.37,15,31,13,3,9,6,2,0,0.16,0.22,0.1,47041 ,SF 
98,Devin Williams ,13.4,18,1,1,3.16,1.23,5,10,6,1,14,0,1,0,0.71,0.78,0.64,27766 ,NYY 
99,Seth Lugo ,40.6,35,2,0,4.34,1.35,20,41,13,6,7,7,2,0,0.75,0.8,0.7,5890 d,KC 
100,Dennis Santana ,13.5,12,1,6,4.00,1.37,6,13,5,1,14,0,1,0,0.19,0.32,0.06,7410 d,PIT 
101,Clayton Kershaw ,29.4,23,2,0,4.09,1.32,13,29,8,4,6,6,1,0,0.42,0.56,0.29,3215 d,LAD 
102,Ryan Walker ,13.4,15,1,2,3.29,1.24,5,12,4,1,14,0,1,0,0.56,0.57,0.56,45949 ,SF 
103,Keegan Akin ,13.7,14,1,3,3.87,1.28,6,12,5,2,14,0,1,0,0.05,0.09,0.01,39140 ,BAL 
104,Andrew Abbott ,37.0,34,2,0,4.42,1.34,18,36,13,6,7,7,2,0,0.83,0.85,0.82,44726 ,CIN 
106,Cole Ragans ,18.5,22,1,0,3.43,1.24,7,15,7,2,3,3,1,0,0.82,0.87,0.77,6834 d,KC 
107,Adrian Morejon ,13.4,14,1,0,3.24,1.19,5,12,4,1,14,0,1,0,0.15,0.23,0.07,25391 ,SD 
108,Eduardo Rodriguez ,35.4,33,2,0,4.31,1.36,17,35,12,5,7,7,2,0,0.1,0.16,0.05,3963 d,ARI 
109,Dean Kremer ,38.3,33,2,0,4.38,1.34,19,38,12,6,7,7,2,0,0.21,0.29,0.13,7918 d,BAL 
110,Kyle Finnegan ,12.6,12,1,4,3.79,1.33,5,12,5,1,13,0,1,0,0.58,0.77,0.4,7565 d,DET 
111,Abner Uribe ,13.7,17,1,1,3.03,1.31,5,10,7,1,14,0,1,0,0.23,0.24,0.21,45146 ,MIL 
112,Will Vest ,12.6,13,1,2,3.45,1.25,5,11,4,1,13,0,1,0,0.4,0.55,0.25,44080 ,DET 
113,Mitch Keller ,39.5,34,2,0,4.37,1.38,19,40,12,5,7,7,2,0,0.46,0.41,0.51,6477 d,PIT 
114,Jose Berrios ,38.7,33,2,0,4.44,1.35,19,39,12,6,7,7,2,0,0.72,0.76,0.67,5722 d,TOR 
115,Cade Cavalli ,33.1,30,1,0,4.19,1.40,15,31,13,4,8,6,2,0,0.07,0.1,0.03,43871 ,WSH 
116,Robert Garcia ,13.2,14,1,3,3.58,1.26,5,11,5,2,14,0,1,0,0.09,0.15,0.03,47023 ,TEX 
117,Justin Topa ,14.1,12,1,5,3.76,1.34,6,14,4,1,15,0,1,0,0.03,0.06,0.01,44009 ,MIN 
118,Trevor Rogers ,34.1,29,2,0,4.21,1.37,16,34,11,4,7,7,2,0,0.73,0.77,0.7,6995 d,BAL 
119,Jameson Taillon ,36.8,29,2,0,4.57,1.29,19,38,9,6,6,6,2,0,0.25,0.32,0.17,4657 d,CHC 
120,Chris Paddack ,30.4,24,2,0,4.45,1.30,15,31,7,5,6,6,2,0,0.12,0.17,0.06,6426 d,DET 
121,Jeremiah Estrada ,13.2,18,1,0,3.24,1.19,5,10,5,1,13,0,1,0,0.19,0.24,0.14,46471 ,SD 
122,Kyle Bradish ,19.7,20,1,0,3.75,1.26,8,18,6,2,4,4,1,0,0.11,0.18,0.04,39964 ,BAL 
123,Alex Vesia ,13.5,17,1,1,3.29,1.21,5,10,6,2,14,0,1,0,0.16,0.22,0.09,43639 ,LAD 
124,Matthew Liberatore ,33.0,27,2,0,4.22,1.35,15,33,10,4,8,6,2,0,0.2,0.21,0.18,7459 d,STL 
125,Cade Povich ,30.3,28,2,0,4.35,1.36,15,29,11,4,6,6,2,0,0.03,0.05,0.02,46138 ,BAL 
126,Pablo Lopez ,21.0,21,1,0,3.80,1.21,9,19,5,3,4,4,1,0,0.76,0.79,0.73,7289 d,MIN 
127,Jeffrey Springs ,33.9,30,2,0,4.59,1.36,17,34,11,5,7,7,2,0,0.33,0.45,0.2,8051 d,ATH 
128,Matt Strahm ,13.4,16,1,0,3.47,1.17,5,11,4,2,14,0,1,0,0.1,0.16,0.04,5901 d,PHI 
129,Brady Singer ,37.3,35,2,0,4.50,1.39,19,38,12,5,7,7,3,0,0.45,0.54,0.35,6811 d,CIN 
130,Gabe Speier ,12.9,15,1,0,3.24,1.18,5,11,4,1,14,0,1,0,0.04,0.07,0.02,31848 ,SEA 
131,Sean Newcomb ,14.0,14,1,3,3.77,1.42,6,13,6,2,14,0,1,0,0.02,0.04,0.01,5961 d,ATH 
132,Garrett Whitlock ,13.0,14,1,1,3.35,1.26,5,12,4,1,14,0,1,0,0.09,0.14,0.04,7916 d,BOS 
133,Brayan Bello ,35.2,31,2,0,4.28,1.42,17,36,13,4,6,6,2,0,0.44,0.58,0.3,44932 ,BOS 
134,Dylan Lee ,12.8,15,1,0,3.44,1.18,5,11,4,2,13,0,1,0,0.04,0.06,0.01,8426 d,ATL 
135,Mike Burrows ,29.9,28,2,0,4.35,1.37,14,29,11,4,6,6,2,0,0.04,0.06,0.02,45460 ,PIT 
136,Miles Mikolas ,37.2,26,2,0,4.64,1.33,19,40,8,6,7,7,3,0,0.04,0.06,0.03,5408 d,STL 
137,Victor Vodnik ,13.7,14,1,4,4.39,1.53,7,14,7,1,14,0,1,0,0.1,0.17,0.03,44332 ,COL 
138,Blake Treinen ,12.6,15,1,1,3.52,1.28,5,11,4,2,13,0,1,0,0.07,0.11,0.04,5473 d,LAD 
139,Zack Wheeler ,9.5,11,1,0,3.12,1.05,3,8,2,1,1,1,0,0,0.99,0.99,1.0,4603 d,PHI 
140,Dustin May ,29.3,27,2,0,4.38,1.38,14,28,11,4,9,5,2,0,0.27,0.37,0.18,7413 d,BOS 
141,Jason Adam ,13.3,15,1,0,3.38,1.21,5,10,5,1,14,0,1,0,0.35,0.37,0.33,7309 d,SD 
142,Tyler Rogers ,15.2,11,1,0,3.48,1.25,6,15,3,1,16,0,1,0,0.14,0.19,0.08,30850 ,NYM 
143,Camilo Doval ,13.4,16,1,1,3.27,1.32,5,10,7,1,14,0,1,0,0.24,0.32,0.16,43997 ,NYY 
144,Matt Brash ,12.9,16,1,0,3.20,1.33,5,11,6,1,13,0,1,0,0.07,0.11,0.04,44295 ,SEA 
145,Seranthony Dominguez ,13.1,15,1,1,3.51,1.27,5,10,6,2,14,0,1,0,0.04,0.07,0.01,7177 d,TOR 
146,Danny Coulombe ,12.4,13,1,0,3.29,1.20,5,11,4,1,13,0,1,0,0.02,0.03,0.0,5586 d,TEX 
147,Reid Detmers ,13.9,16,1,1,3.73,1.28,6,12,5,2,14,0,1,0,0.03,0.05,0.02,43840 ,LAA 
148,Ronny Henriquez ,13.2,14,1,2,3.71,1.32,5,12,5,2,14,0,1,0,0.18,0.26,0.09,44897 ,MIA 
149,Cam Schlittler ,31.6,30,2,0,4.39,1.42,15,30,13,4,8,6,2,0,0.11,0.16,0.05,7355019,NYY 
150,Bennett Sousa ,13.2,15,1,0,3.71,1.25,5,11,5,2,14,0,1,0,0.04,0.06,0.01,43928 ,HOU 
151,Orion Kerkering ,13.4,14,1,0,3.29,1.27,5,11,5,1,14,0,1,0,0.09,0.14,0.04,46918 ,PHI 
152,Emmet Sheehan ,17.4,19,1,0,3.97,1.27,8,15,7,2,6,3,1,0,0.16,0.26,0.07,45411 ,LAD 
153,Slade Cecconi ,33.5,28,2,0,4.65,1.33,17,34,9,6,6,6,2,0,0.1,0.14,0.06,7270 d,CLE 
154,Andre Pallante ,36.0,25,2,0,4.19,1.44,17,37,14,3,7,7,2,0,0.05,0.06,0.04,45747 ,STL 
155,Charlie Morton ,28.1,27,2,0,4.30,1.43,13,26,12,4,5,5,2,0,0.2,0.3,0.09,3181 d,DET 
156,Luke Weaver ,14.2,15,1,1,3.89,1.25,6,12,4,2,15,0,1,0,0.3,0.31,0.28,6196 d,NYY 
157,Yennier Cano ,13.4,13,1,2,3.81,1.36,6,12,5,1,14,0,1,0,0.02,0.03,0.02,45875 ,BAL 
158,Grant Taylor ,13.2,14,0,3,3.74,1.33,5,12,5,1,14,0,0,0,0.03,0.06,0.01,47161 ,CWS 
159,Phil Maton ,13.2,14,1,2,3.86,1.33,6,11,5,2,14,0,1,0,0.1,0.15,0.04,7090 d,TEX 
160,Edwin Uceta ,13.4,16,1,0,3.86,1.28,6,11,5,2,14,0,1,0,0.06,0.09,0.02,43645 ,TB 
161,Ben Brown ,15.2,16,1,0,3.93,1.31,7,14,5,2,9,1,1,0,0.06,0.05,0.07,8573 d,CHC 
162,Calvin Faucher ,13.5,14,1,5,4.07,1.47,6,13,6,2,14,0,1,0,0.14,0.24,0.05,45017 ,MIA 
163,Fernando Cruz ,10.8,15,1,0,3.18,1.24,4,8,5,1,12,0,1,0,0.05,0.07,0.03,45440 ,NYY 
164,Cole Sands ,13.7,14,1,1,3.89,1.28,6,13,4,2,14,0,1,0,0.02,0.03,0.01,6835 d,MIN 
165,Shawn Armstrong ,12.5,13,1,2,3.98,1.26,6,11,4,2,13,0,1,0,0.05,0.08,0.01,5597 d,TEX 
166,Jose Alvarado ,12.1,14,1,0,3.33,1.25,4,10,5,1,13,0,1,0,0.08,0.06,0.09,6550 d,PHI 
167,Caleb Thielbar ,12.2,13,1,0,3.63,1.22,5,10,4,1,13,0,1,0,0.02,0.03,0.01,5363 d,CHC 
168,Cristian Javier ,30.3,29,2,0,4.61,1.40,16,28,13,5,9,5,2,0,0.22,0.31,0.14,10002 ,HOU 
169,Bryan King ,13.0,14,1,0,3.61,1.33,5,12,4,2,13,0,0,0,0.05,0.08,0.03,46666 ,HOU 
170,Andrew Kittredge ,12.6,12,1,0,3.53,1.23,5,12,3,2,13,0,1,0,0.03,0.05,0.01,6556 d,CHC 
171,Tylor Megill ,20.2,22,1,0,3.83,1.33,9,18,8,2,9,3,1,0,0.2,0.26,0.15,44185 ,NYM 
172,Louis Varland ,12.6,12,1,0,3.37,1.22,5,11,3,2,13,0,1,0,0.05,0.08,0.02,44936 ,TOR 
173,Braxton Ashcraft ,25.1,21,1,0,4.12,1.34,12,25,7,3,6,5,1,0,0.01,0.01,0.0,47807 ,PIT 
174,Nick Lodolo ,20.6,21,1,0,4.16,1.32,10,19,6,3,4,4,1,0,0.74,0.84,0.64,6953 d,CIN 
175,Tyler Holton ,13.7,12,1,0,3.63,1.19,6,12,3,2,14,0,1,0,0.07,0.11,0.03,45538 ,DET 
176,Pierce Johnson ,13.5,15,1,1,3.88,1.32,6,12,5,2,14,0,1,0,0.02,0.03,0.01,4212 d,ATL 
177,Jacob Misiorowski ,27.9,32,1,0,4.21,1.43,13,23,15,3,7,5,2,0,0.79,0.81,0.76,46366 ,MIL 
178,Gregory Soto ,13.3,15,1,0,3.32,1.30,5,11,6,1,14,0,1,0,0.03,0.04,0.01,7427 d,NYM 
179,Ryan Brasier ,12.2,11,1,0,3.52,1.18,5,11,3,1,13,0,1,0,0.01,0.01,0.0,5367 d,CHC 
180,J.T. Ginn ,30.5,27,2,0,4.45,1.42,15,31,11,4,6,6,2,0,0.02,0.04,0.01,7954 d,ATH 
181,Lucas Erceg ,14.0,14,1,1,3.59,1.35,6,13,5,1,14,0,1,0,0.24,0.22,0.27,6932 d,KC 
182,Caleb Ferguson ,12.1,13,1,0,3.25,1.29,4,10,4,1,13,0,1,0,0.01,0.01,0.0,7912 d,SEA 
183,Steven Okert ,13.0,15,1,0,3.75,1.24,5,11,5,2,14,0,1,0,0.01,0.02,0.01,5927 d,HOU 
184,Lance McCullers Jr. ,27.5,27,2,0,4.41,1.45,13,26,13,4,5,5,1,0,0.04,0.06,0.02,4831 d,HOU 
185,Garrett Cleavinger ,12.5,15,1,0,3.66,1.33,5,10,5,2,13,0,1,0,0.03,0.05,0.01,39173 ,TB 
186,Colin Rea ,34.8,27,2,0,4.69,1.37,18,36,10,6,8,6,2,0,0.19,0.27,0.11,5822 d,CHC 
187,Lucas Giolito ,35.8,33,2,0,4.71,1.40,19,36,13,6,7,7,2,0,0.43,0.53,0.32,4723 d,BOS 
188,Anthony Bender ,8.1,7,0,0,4.10,1.37,4,8,3,1,11,0,0,0,0.04,0.07,0.02,44091 ,MIA 
189,Bryan Baker ,12.5,14,1,0,3.83,1.25,5,10,5,2,13,0,1,0,0.01,0.01,0.0,43674 ,TB 
190,Jose Quintana ,37.2,29,2,0,4.45,1.42,18,38,14,5,7,7,2,0,0.33,0.45,0.21,4113 d,MIL 
191,Tanner Banks ,12.0,12,1,0,3.83,1.28,5,11,3,2,12,0,1,0,0.0,0.0,0.0,8580 d,PHI 
192,Joey Cantillo ,18.9,20,1,0,4.09,1.39,9,17,9,2,10,2,1,0,0.03,0.05,0.02,43689 ,CLE 
193,Dietrich Enns ,13.6,13,1,1,3.94,1.31,6,13,4,2,14,0,1,0,0.01,0.01,0.0,6554 d,BAL 
194,Ian Seymour ,16.2,15,1,0,4.10,1.30,7,15,5,2,11,1,1,0,0.01,0.01,0.0,44903 ,TB 
195,Aaron Bummer ,12.6,13,1,0,3.42,1.36,5,12,5,1,13,0,1,0,0.0,0.0,0.0,7028 d,ATL 
196,Luis Garcia ,16.7,17,1,0,4.07,1.28,8,15,6,2,7,2,1,0,0.04,0.07,0.02,43720 ,HOU 
197,Nick Mears ,12.7,13,1,0,3.76,1.28,5,11,5,2,13,0,1,0,0.01,0.01,0.0,43637 ,MIL 
198,Shelby Miller ,13.1,14,1,0,3.67,1.25,5,11,5,2,14,0,1,0,0.1,0.15,0.04,3934 d,MIL 
199,Hunter Gaddis ,14.2,13,1,1,3.94,1.29,6,13,5,2,15,0,1,0,0.12,0.16,0.07,46133 ,CLE 
200,Chad Patrick ,18.9,17,1,0,4.32,1.32,9,18,6,3,8,2,1,0,0.08,0.11,0.05,45426 ,MIL 
201,Mark Leiter Jr. ,11.9,14,1,0,3.80,1.33,5,11,4,2,12,0,1,0,0.01,0.01,0.01,7140 d,NYY 
202,Spencer Arrighetti ,28.5,29,2,0,4.66,1.44,15,27,13,4,5,5,2,0,0.17,0.27,0.06,46837 ,HOU 
203,Eduard Bazardo ,12.5,13,1,0,3.97,1.31,6,11,5,2,13,0,1,0,0.01,0.01,0.0,44068 ,SEA 
204,Jack Leiter ,30.0,29,2,0,4.70,1.45,16,28,14,4,8,6,2,0,0.24,0.34,0.15,43712 ,TEX 
205,Zack Littell ,33.5,26,2,0,4.97,1.34,19,37,7,6,6,6,2,0,0.42,0.5,0.33,6563 d,CIN 
206,Kirby Yates ,9.2,11,1,1,3.71,1.29,4,7,4,1,10,0,1,0,0.19,0.29,0.1,5217 d,LAD 
207,Riley O'Brien ,13.3,14,1,1,3.70,1.41,5,11,6,1,14,0,1,0,0.02,0.04,0.01,8620 d,STL 
208,Taj Bradley ,20.6,20,1,0,4.25,1.34,10,19,7,3,4,4,1,0,0.26,0.22,0.3,44442 ,MIN 
209,Erik Sabrowski ,13.8,16,1,0,3.82,1.44,6,11,8,2,14,0,1,0,0.01,0.02,0.01,45037 ,CLE 
210,Joe Boyle ,29.6,33,2,0,4.44,1.50,15,25,18,4,10,5,2,0,0.06,0.08,0.03,44486 ,TB 
211,Troy Melton ,16.4,15,1,0,4.10,1.29,7,16,5,2,11,1,1,0,0.03,0.05,0.01,46923 ,DET 
212,Reed Garrett ,13.6,16,1,0,3.66,1.33,6,11,6,1,14,0,1,0,0.06,0.09,0.04,8189 d,NYM 
213,Michael Lorenzen ,35.2,28,2,0,4.63,1.43,18,35,14,5,9,6,2,0,0.06,0.08,0.04,4976 d,KC 
214,Kyle Leahy ,12.9,11,1,1,4.14,1.40,6,13,5,1,13,0,1,0,0.02,0.03,0.01,47196 ,STL 
215,Drew Pomeranz ,11.4,12,1,0,3.64,1.36,5,10,5,1,12,0,1,0,0.01,0.02,0.01,4411 d,CHC 
216,David Robertson ,12.3,14,1,0,3.60,1.28,5,10,5,1,13,0,1,0,0.01,0.02,0.0,3283 d,PHI 
217,Tyler Kinley ,13.2,15,1,1,3.97,1.38,6,11,6,2,14,0,1,0,0.01,0.01,0.0,7371 d,ATL 
218,Eric Lauer ,19.9,19,1,0,4.44,1.33,10,19,7,3,11,2,1,0,0.41,0.58,0.24,6409 d,TOR 
219,Hurston Waldrep ,24.8,21,2,0,4.50,1.49,12,25,11,3,5,5,2,0,0.47,0.5,0.43,47232 ,ATL 
220,Mason Montgomery ,11.7,13,1,0,4.11,1.35,5,10,5,2,12,0,1,0,0.0,0.0,0.0,46140 ,TB 
221,Brad Lord ,34.4,25,1,0,4.46,1.43,17,35,12,4,8,6,2,0,0.01,0.0,0.02,7354978,WSH 
222,Graham Ashcraft ,12.5,11,1,1,4.10,1.38,6,12,4,1,13,0,1,0,0.01,0.02,0.01,44328 ,CIN 
223,Brendon Little ,12.2,13,1,0,3.34,1.37,5,10,6,1,13,0,1,0,0.07,0.1,0.04,7297 d,TOR 
224,JP Sears ,25.0,21,1,0,4.56,1.30,13,24,7,4,6,4,2,0,0.08,0.09,0.06,7334 d,SD 
225,Taylor Rogers ,12.4,14,1,0,3.68,1.38,5,11,5,1,13,0,1,0,0.01,0.01,0.0,5909 d,CHC 
226,Michael Kelly ,13.3,12,1,3,4.57,1.44,7,13,6,2,14,0,1,0,0.0,0.0,0.0,7095 d,ATH 
227,Angel Zerpa ,13.1,12,1,0,3.64,1.35,5,12,5,1,14,0,1,0,0.01,0.01,0.0,44072 ,KC 
228,Justin Wilson ,12.4,13,1,0,4.01,1.40,6,12,5,1,13,0,1,0,0.01,0.01,0.0,4368 d,BOS 
229,Tobias Myers ,17.0,15,1,0,4.24,1.33,8,16,5,3,11,1,1,0,0.01,0.01,0.01,7898 d,MIL 
230,Hunter Harvey ,7.6,8,0,0,3.52,1.15,3,7,2,1,8,0,0,0,0.01,0.02,0.0,4953 d,KC 
231,Bryce Elder ,35.2,28,2,0,4.58,1.44,18,37,13,5,6,6,2,0,0.08,0.13,0.03,44280 ,ATL 
232,Jared Koenig ,12.7,13,1,0,3.87,1.37,5,12,5,1,13,0,1,0,0.05,0.08,0.03,46228 ,MIL 
233,Tony Santillan ,12.8,14,1,1,4.32,1.43,6,12,6,2,13,0,1,0,0.1,0.14,0.06,8361 d,CIN 
234,Andrew Saalfrank ,12.8,12,1,2,4.17,1.50,6,12,6,1,13,0,1,0,0.0,0.0,0.0,47257 ,ARI 
235,Kumar Rocker ,17.8,17,1,0,4.17,1.34,8,17,6,2,9,2,1,0,0.05,0.08,0.02,6919 d,TEX 
236,Nick Martinez ,21.8,18,1,0,4.39,1.33,11,23,6,3,10,2,1,0,0.26,0.26,0.25,4928 d,CIN 
237,Michael Soroka ,12.3,12,1,0,3.89,1.29,5,11,4,1,6,1,1,0,0.05,0.07,0.03,6950 d,CHC 
238,Cade Horton ,20.6,17,1,0,4.26,1.37,10,20,7,3,4,4,1,0,0.39,0.53,0.25,46423 ,CHC 
239,Brock Burke ,12.7,12,1,0,4.09,1.38,6,12,5,2,13,0,1,0,0.0,0.0,0.0,8166 d,LAA 
240,Logan Allen ,34.7,29,2,0,4.59,1.45,18,36,13,5,7,7,2,0,0.12,0.17,0.06,43900 ,CLE 
241,Tommy Nance ,10.8,11,1,0,3.85,1.40,5,10,4,1,11,0,1,0,0.0,0.0,0.0,6117 d,TOR 
242,Dauri Moreta ,9.7,11,1,0,4.15,1.31,4,8,4,1,10,0,1,0,0.0,0.0,0.0,44325 ,PIT 
243,Hoby Milner ,11.6,10,1,0,3.74,1.29,5,11,3,1,12,0,1,0,0.01,0.01,0.0,6628 d,TEX 
244,Kyle Backhus ,12.8,12,1,1,4.05,1.45,6,13,5,1,13,0,1,0,0.0,0.0,0.0,46997 ,ARI 
245,Justin Hagenman ,10.2,9,1,0,4.30,1.30,5,10,3,2,10,0,1,0,0.0,0.0,0.0,45641 ,NYM 
246,Jake Bird ,9.4,10,0,0,3.80,1.41,4,8,4,1,10,0,0,0,0.0,0.0,0.0,45396 ,NYY 
247,Brad Keller ,14.0,12,1,1,3.90,1.42,6,14,6,1,14,0,1,0,0.03,0.05,0.02,7370 d,CHC 
248,Brandon Walter ,4.3,4,0,0,3.76,1.27,2,4,1,0,3,0,0,0,0.1,0.13,0.08,45335 ,HOU 
249,Ryan Fernandez ,11.3,11,1,0,4.02,1.40,5,10,5,1,12,0,1,0,0.0,0.0,0.0,45889 ,STL 
250,Joey Wentz ,32.2,30,2,0,4.66,1.46,17,32,14,4,6,6,2,0,0.05,0.07,0.03,6418 d,ATL 
251,John Schreiber ,13.2,13,1,0,3.85,1.38,6,12,5,2,14,0,1,0,0.01,0.01,0.0,10132 ,KC 
252,Jake Irvin ,37.4,28,2,0,4.80,1.41,20,39,12,6,7,7,3,0,0.1,0.11,0.1,43981 ,WSH 
253,Brandon Young ,25.8,23,1,0,4.49,1.37,13,26,8,4,8,4,1,0,0.01,0.01,0.01,45371 ,BAL 
254,Rob Zastryzny ,10.9,11,1,0,3.93,1.29,5,10,4,2,11,0,1,0,0.0,0.0,0.0,5041 d,MIL 
255,Jack Dreyer ,13.6,13,1,0,4.06,1.36,6,13,5,2,13,0,1,0,0.01,0.02,0.01,47492 ,LAD 
256,Ryne Stanek ,11.5,12,1,0,3.88,1.36,5,10,5,1,12,0,1,0,0.01,0.01,0.0,4943 d,NYM 
257,Braydon Fisher ,12.4,14,1,0,4.04,1.39,6,11,6,2,13,0,1,0,0.01,0.01,0.0,47489 ,TOR 
258,Justin Slaten ,11.5,11,1,0,3.98,1.32,5,11,4,1,12,0,1,0,0.01,0.02,0.0,44581 ,BOS 
259,Brenan Hanifee ,11.7,9,1,0,3.77,1.35,5,12,3,1,12,0,1,0,0.0,0.0,0.0,47069 ,DET 
260,Jose Butto ,13.2,12,1,0,3.94,1.39,6,12,5,1,14,0,1,0,0.01,0.01,0.0,7207 d,SF 
261,Jordan Leasure ,13.0,14,1,1,4.37,1.36,6,11,6,2,14,0,1,0,0.01,0.02,0.0,47411 ,CWS 
262,Jorge Alcala ,12.7,13,1,0,4.14,1.31,6,11,5,2,13,0,1,0,0.0,0.0,0.0,32878 ,STL 
263,Keaton Winn ,9.2,8,1,0,3.98,1.35,4,9,3,1,9,0,0,0,0.0,0.0,0.0,46495 ,SF 
264,Nic Enright ,12.9,13,1,0,3.96,1.32,6,12,5,2,14,0,1,0,0.01,0.01,0.0,45686 ,CLE 
265,David Festa ,10.2,11,1,0,4.05,1.29,5,9,3,1,6,1,1,0,0.02,0.03,0.01,46897 ,MIN 
266,Jakob Junis ,13.6,12,1,0,4.00,1.29,6,13,3,2,13,0,1,0,0.01,0.01,0.0,6585 d,CLE 
267,Aaron Civale ,35.1,30,2,0,4.84,1.41,19,36,11,6,7,7,3,0,0.06,0.09,0.03,21649 ,CWS 
268,Parker Messick ,24.1,21,1,0,4.38,1.40,12,23,9,3,5,5,1,0,0.01,0.02,0.0,46317 ,CLE 
269,Jordan Romano ,10.6,11,1,0,4.10,1.32,5,10,4,2,11,0,1,0,0.16,0.27,0.05,7647 d,PHI 
270,Carmen Mlodzinski ,16.0,14,1,0,3.98,1.37,7,16,5,2,13,0,1,0,0.01,0.01,0.01,43808 ,PIT 
271,Grant Anderson ,11.8,12,1,0,4.16,1.38,5,11,5,2,12,0,1,0,0.0,0.0,0.0,45646 ,MIL 
272,Yuki Matsui ,10.7,12,1,0,3.98,1.33,5,9,5,2,11,0,1,0,0.01,0.01,0.0,7013 d,SD 
273,Matt Gage ,11.5,10,1,0,4.03,1.42,5,12,4,1,12,0,1,0,0.0,0.0,0.0,7842 d,SF 
274,Dylan Dodd ,10.5,9,1,0,4.10,1.30,5,11,3,1,11,0,1,0,0.0,0.0,0.0,45237 ,ATL 
275,Steven Matz ,14.5,13,1,0,4.09,1.34,7,15,4,2,13,0,1,0,0.01,0.02,0.01,5344 d,BOS 
276,Enyel De Los Santos ,11.7,11,1,0,4.18,1.38,5,11,5,2,12,0,1,0,0.0,0.0,0.0,7504 d,HOU 
277,Steven Wilson ,13.5,13,1,2,4.57,1.46,7,12,7,2,14,0,1,0,0.0,0.0,0.0,44195 ,CWS 
278,Shane Smith ,32.7,30,1,0,4.56,1.44,17,31,13,4,6,6,2,0,0.09,0.12,0.06,7354099,CWS 
279,Jonathan Loaisiga ,8.7,7,1,0,3.79,1.27,4,8,3,1,9,0,0,0,0.0,0.0,0.0,7982 d,NYY 
280,Brooks Raley ,12.3,12,1,0,4.03,1.35,6,11,5,1,13,0,1,0,0.0,0.0,0.0,5362 d,NYM 
281,Aaron Ashby ,13.0,14,1,0,3.78,1.46,5,12,6,1,12,0,1,0,0.01,0.01,0.01,43700 ,MIL 
282,Alex Cobb ,10.1,8,1,0,3.93,1.33,4,10,3,1,2,2,1,0,0.0,0.0,0.0,3034 d,DET 
283,Kody Funderburk ,12.8,12,1,0,4.04,1.47,6,13,5,1,13,0,1,0,0.0,0.0,0.0,45523 ,MIN 
284,Sawyer Gipson-Long ,10.4,9,1,0,4.10,1.27,5,10,3,1,8,0,1,0,0.01,0.01,0.0,45077 ,DET 
285,Juan Morillo ,13.1,12,1,3,4.23,1.50,6,12,7,1,14,0,1,0,0.0,0.0,0.0,44617 ,ARI 
286,Ben Casparius ,13.5,13,1,1,4.39,1.38,7,13,5,2,13,0,1,0,0.06,0.08,0.03,45407 ,LAD 
287,Craig Yoho ,11.0,12,1,0,4.09,1.44,5,10,5,1,11,0,1,0,0.0,0.0,0.0,48135 ,MIL 
288,Nolan McLean ,25.6,22,1,0,4.38,1.43,12,24,10,3,6,6,1,0,0.23,0.29,0.17,47159 ,NYM 
289,Frankie Montas ,11.1,10,1,0,4.38,1.36,5,11,4,1,9,0,1,0,0.03,0.04,0.02,5619 d,NYM 
290,Kevin Kelly ,11.4,10,1,0,3.89,1.30,5,11,3,1,11,0,1,0,0.0,0.0,0.0,45797 ,TB 
291,Matt Festa ,12.7,12,1,0,4.46,1.40,6,12,5,2,13,0,1,0,0.0,0.0,0.0,8004 d,CLE 
292,Mason Englert ,12.2,11,1,0,4.13,1.29,6,11,3,2,12,0,1,0,0.0,0.0,0.0,46135 ,TB 
293,Michael Tonkin ,13.5,13,1,1,4.51,1.36,7,13,5,2,14,0,1,0,0.0,0.0,0.0,5364 d,MIN 
294,Tomoyuki Sugano ,36.0,25,2,0,4.96,1.40,20,40,9,6,6,6,2,0,0.17,0.23,0.11,6991 d,BAL 
295,Brandon Eisert ,12.4,12,1,0,4.02,1.36,6,12,4,2,13,0,1,0,0.0,0.0,0.0,45569 ,CWS 
296,Justin Wrobleski ,11.3,10,1,0,4.25,1.35,5,11,4,1,7,1,1,0,0.01,0.01,0.01,45412 ,LAD 
297,Josh Sborz ,8.1,8,0,0,4.02,1.33,4,7,3,1,8,0,0,0,0.0,0.0,0.0,7103 d,TEX 
298,Jordan Wicks ,13.2,11,1,0,4.08,1.36,6,13,4,1,6,1,1,0,0.0,0.0,0.0,44679 ,CHC 
299,Eric Orze ,11.3,11,1,0,3.89,1.38,5,10,5,1,12,0,1,0,0.0,0.0,0.0,45296 ,TB 
300,Brant Hurter ,9.7,9,1,0,3.68,1.32,4,9,3,1,10,0,1,0,0.01,0.01,0.01,45092 ,DET 
301,Tim Herrin ,12.4,13,1,0,4.08,1.41,6,11,6,1,13,0,1,0,0.01,0.01,0.0,45689 ,CLE 
302,Tyler Wells ,10.7,9,1,0,4.29,1.20,5,10,3,2,6,1,1,0,0.0,0.0,0.0,44081 ,BAL 
303,Wandy Peralta ,11.3,10,1,0,3.80,1.41,5,10,5,1,12,0,1,0,0.01,0.01,0.0,6501 d,SD 
304,Lake Bachar ,13.1,13,1,0,4.31,1.42,6,12,6,2,14,0,1,0,0.0,0.0,0.0,47573 ,MIA 
305,Mitchell Parker ,34.8,26,2,0,4.78,1.45,19,36,13,5,7,7,3,0,0.05,0.06,0.04,45264 ,WSH 
306,Alex Lange ,11.0,12,1,0,3.86,1.43,5,9,6,1,12,0,1,0,0.0,0.0,0.0,26951 ,DET 
307,Isaac Mattson ,13.6,13,1,1,4.25,1.42,6,12,7,2,14,0,1,0,0.0,0.0,0.0,11236 ,PIT 
308,Roki Sasaki ,11.7,12,1,0,4.26,1.37,6,11,4,2,2,2,1,0,0.56,0.66,0.47,7354019,LAD 
309,Yerry De Los Santos ,10.3,9,1,0,4.05,1.44,5,10,4,1,11,0,0,0,0.0,0.0,0.0,44150 ,NYY 
310,Ryan Pressly ,9.8,9,1,0,3.74,1.30,4,9,3,1,10,0,1,0,0.3,0.26,0.33,5361 d,RP) FA
311,Colton Gordon ,11.1,10,1,0,4.42,1.35,5,11,3,2,9,0,1,0,0.01,0.01,0.01,46842 ,HOU 
312,Patrick Corbin ,34.5,27,2,0,4.88,1.44,19,37,11,5,7,7,3,0,0.09,0.13,0.05,4655 d,TEX 
313,Yariel Rodriguez ,12.2,13,1,0,4.00,1.37,5,11,5,1,12,0,1,0,0.03,0.04,0.01,48332 ,TOR 
314,Porter Hodge ,11.4,12,1,0,3.89,1.41,5,10,6,1,12,0,1,0,0.02,0.02,0.03,46453 ,CHC 
315,Justin Sterner ,12.5,12,1,0,4.65,1.39,6,12,5,2,13,0,1,0,0.0,0.0,0.0,44717 ,ATH 
316,Matt Svanson ,11.9,10,1,0,3.97,1.39,5,11,4,1,12,0,1,0,0.0,0.0,0.0,48191 ,STL 
317,Janson Junk ,33.6,23,2,0,4.53,1.36,17,37,8,5,8,6,2,0,0.07,0.09,0.05,44817 ,MIA 
318,Nick Hernandez ,10.1,11,1,0,4.53,1.37,5,9,4,2,10,0,1,0,0.0,0.0,0.0,45635 ,HOU 
319,Anthony Banda ,12.9,13,1,0,4.26,1.47,6,12,6,2,13,0,1,0,0.01,0.02,0.01,6580 d,LAD 
320,Carson Seymour ,14.6,12,1,0,4.20,1.43,7,15,5,2,12,1,1,0,0.0,0.0,0.0,46715 ,SF 
321,Ryan Thompson ,10.0,8,1,0,3.77,1.33,4,10,3,1,11,0,1,0,0.0,0.0,0.0,8201 d,ARI 
322,Joe Rock ,13.0,11,1,0,4.34,1.40,6,14,4,2,8,1,1,0,0.0,0.0,0.0,44762 ,TB 
323,Tayler Saucedo ,11.0,10,1,0,3.80,1.41,5,10,5,1,12,0,1,0,0.0,0.0,0.0,44658 ,SEA 
324,Bryan Hoeing ,9.4,7,0,0,4.03,1.35,4,9,3,1,10,0,0,0,0.0,0.0,0.0,46460 ,SD 
325,Max Lazar ,10.2,8,1,0,4.47,1.37,5,11,3,1,10,0,1,0,0.0,0.0,0.0,48260 ,PHI 
326,Jalen Beeks ,12.4,11,1,0,3.94,1.40,5,12,5,1,13,0,1,0,0.01,0.01,0.0,7335 d,ARI 
327,Casey Legumina ,9.8,9,1,0,4.01,1.33,4,9,4,1,10,0,1,0,0.0,0.0,0.0,46501 ,SEA 
328,Michael Kopech ,9.2,10,1,0,3.85,1.36,4,7,5,1,10,0,0,0,0.04,0.04,0.04,6023 d,LAD 
329,Gordon Graceffo ,12.4,9,1,0,4.27,1.33,6,12,4,2,8,1,1,0,0.0,0.0,0.0,46141 ,STL 
330,Luis Garcia ,13.1,11,1,0,3.90,1.39,6,13,5,1,14,0,1,0,0.0,0.0,0.0,5146 d,LAA 
331,Mason Fluharty ,11.3,11,1,0,4.09,1.35,5,10,4,1,11,0,1,0,0.0,0.0,0.0,47364 ,TOR 
332,Austin Warren ,9.7,9,1,0,4.23,1.33,5,9,4,1,10,0,0,0,0.0,0.0,0.0,44317 ,NYM 
333,Jacob Webb ,9.4,9,1,0,4.54,1.38,5,9,4,1,10,0,1,0,0.0,0.0,0.0,8371 d,TEX 
334,Hunter Stratton ,9.5,9,0,0,3.86,1.38,4,9,4,1,10,0,0,0,0.0,0.0,0.0,45464 ,ATL 
335,Greg Weissert ,11.8,11,1,0,4.38,1.43,6,12,4,1,12,0,1,0,0.01,0.02,0.01,10611 ,BOS 
336,Bryan Hudson ,10.5,11,1,0,3.95,1.40,5,10,4,1,11,0,1,0,0.01,0.01,0.0,7396 d,CWS 
337,Andrew Chafin ,12.1,12,1,0,4.22,1.41,6,11,6,1,13,0,1,0,0.0,0.0,0.0,4797 d,LAA 
338,John King ,11.1,7,1,0,3.88,1.38,5,12,3,1,11,0,1,0,0.0,0.0,0.0,43998 ,STL 
339,Brennan Bernardino ,9.9,10,1,0,4.26,1.49,5,10,4,1,11,0,1,0,0.0,0.0,0.0,46244 ,BOS 
340,Robert Stephenson ,10.4,12,1,0,3.67,1.17,4,9,3,2,11,0,0,0,0.0,0.0,0.0,4734 d,LAA 
341,Jonathan Bowlan ,9.8,9,1,0,4.58,1.40,5,10,3,1,10,0,1,0,0.0,0.0,0.0,43701 ,KC 
342,Cole Sulser ,8.8,8,0,0,4.13,1.38,4,9,4,1,9,0,1,0,0.0,0.0,0.0,7522 d,TB 
343,Adrian Houser ,37.1,26,2,0,4.66,1.47,19,39,13,4,7,7,2,0,0.19,0.22,0.17,5857 d,TB 
344,Chase Burns ,13.9,16,0,0,3.88,1.27,6,12,5,2,7,2,0,0,0.37,0.5,0.25,44722 ,CIN 
345,Daysbel Hernandez ,10.5,12,1,0,4.18,1.53,5,9,6,1,11,0,1,0,0.0,0.0,0.0,44330 ,ATL 
346,Juan Mejia ,13.1,13,1,1,4.47,1.46,7,12,6,2,14,0,1,0,0.0,0.0,0.0,48267 ,COL 
347,Rico Garcia ,11.3,12,1,0,4.55,1.45,6,11,5,2,12,0,1,0,0.0,0.0,0.0,8498 d,BAL 
348,Scott Effross ,6.8,5,1,0,4.41,1.41,3,7,2,1,7,0,0,0,0.0,0.0,0.0,44840 ,NYY 
349,Kolby Allard ,11.0,8,1,0,4.32,1.33,5,11,3,2,11,0,1,0,0.0,0.0,0.0,6010 d,CLE 
350,Tyler Gilbert ,11.7,10,1,0,4.57,1.40,6,12,4,2,12,0,1,0,0.0,0.0,0.0,8370 d,CWS 
351,Clayton Beeter ,13.2,15,1,0,4.24,1.43,6,11,7,2,14,0,1,0,0.0,0.0,0.0,43817 ,WSH 
352,Kyle Harrison ,12.7,13,1,0,4.48,1.40,6,12,5,2,4,2,1,0,0.03,0.04,0.01,43921 ,BOS 
353,Tommy Kahnle ,12.0,11,0,0,4.19,1.37,6,11,5,1,13,0,1,0,0.07,0.1,0.04,5382 d,DET 
354,Jacob Latz ,10.3,11,0,0,4.29,1.44,5,9,5,1,9,0,1,0,0.0,0.0,0.0,44337 ,TEX 
355,Scott Barlow ,12.4,13,1,0,4.13,1.45,6,11,6,2,13,0,1,0,0.01,0.01,0.0,7351 d,CIN 
356,Joey Lucchesi ,13.0,10,1,0,4.13,1.45,6,14,5,1,13,0,1,0,0.0,0.0,0.0,7444 d,SF 
357,Shawn Dubin ,11.7,12,1,0,4.31,1.49,6,11,5,2,12,0,1,0,0.0,0.0,0.0,43916 ,HOU 
358,Kade Strowd ,12.2,11,1,1,4.50,1.52,6,12,6,2,13,0,1,0,0.0,0.0,0.0,47100 ,BAL 
359,Spencer Bivens ,12.4,10,1,0,4.14,1.43,6,13,4,1,13,0,1,0,0.0,0.0,0.0,47502 ,SF 
360,Colin Holderman ,11.9,11,1,0,4.25,1.45,6,11,5,1,12,0,1,0,0.0,0.0,0.0,45621 ,PIT 
361,Johan Oviedo ,23.2,20,1,0,4.44,1.46,11,23,10,3,5,4,2,0,0.0,0.0,0.0,7131 d,PIT 
362,Kaleb Ort ,12.6,13,1,0,4.53,1.41,6,11,6,2,13,0,1,0,0.0,0.0,0.0,44246 ,HOU 
364,Hayden Birdsong ,21.1,21,1,0,4.53,1.45,11,19,10,3,7,4,1,0,0.03,0.05,0.02,48152 ,SF 
365,Anthony DeSclafani ,14.7,12,1,0,4.53,1.39,7,15,4,2,4,2,1,0,0.01,0.01,0.0,5487 d,ARI 
366,Ron Marinaccio ,10.3,10,1,0,4.17,1.43,5,9,5,1,11,0,1,0,0.0,0.0,0.0,45015 ,SD 
367,Tristan Beck ,11.7,9,1,0,4.07,1.38,5,11,4,1,12,0,1,0,0.0,0.0,0.0,6996 d,SF 
368,Evan Sisk ,10.3,10,1,0,4.06,1.53,5,10,5,1,11,0,1,0,0.0,0.0,0.0,44806 ,PIT 
369,Brooks Kriske ,11.9,13,1,0,4.39,1.46,6,11,6,2,12,0,1,0,0.0,0.0,0.0,39164 ,MIN 
370,David Morgan ,12.0,11,1,0,4.40,1.42,6,11,5,1,12,0,1,0,0.0,0.0,0.0,7355207,SD 
371,Zack Kelly ,9.3,9,1,0,3.91,1.40,4,8,4,1,10,0,1,0,0.0,0.0,0.0,43849 ,BOS 
372,Ryan Zeferjahn ,12.6,14,1,0,4.34,1.47,6,11,7,2,13,0,1,0,0.01,0.01,0.0,38396 ,LAA 
373,Carlos Vargas ,12.0,9,1,0,4.02,1.44,5,12,5,1,13,0,1,0,0.0,0.0,0.0,44061 ,SEA 
374,Andre Granillo ,11.2,11,1,0,4.38,1.39,5,10,5,1,12,0,1,0,0.0,0.0,0.0,46818 ,STL 
375,Taylor Clarke ,12.9,11,1,0,4.38,1.35,6,13,4,2,13,0,1,0,0.0,0.0,0.0,7494 d,KC 
376,Jaden Hill ,12.8,13,1,1,4.65,1.52,7,13,6,2,13,0,1,0,0.0,0.0,0.0,44709 ,COL 
377,Tyler Alexander ,18.2,15,1,0,4.80,1.39,10,19,5,3,11,1,1,0,0.0,0.0,0.0,8681 d,CWS 
378,Cam Booser ,10.6,11,1,0,4.23,1.42,5,10,5,2,11,0,1,0,0.0,0.0,0.0,45448 ,CWS 
379,Pierson Ohl ,12.6,9,1,0,4.45,1.30,6,14,2,2,11,0,1,0,0.0,0.0,0.0,46064 ,MIN 
380,Tyler Ferguson ,12.5,13,1,0,4.10,1.45,6,11,6,1,13,0,1,0,0.0,0.0,0.0,45618 ,ATH 
381,Cole Henry ,13.8,14,1,1,4.68,1.53,7,13,7,2,14,0,1,0,0.01,0.01,0.0,43818 ,WSH 
382,Javier Assad ,16.3,13,1,0,4.37,1.44,8,16,6,2,8,2,1,0,0.02,0.03,0.01,45824 ,CHC 
383,Bailey Falter ,17.3,13,1,0,4.65,1.39,9,18,6,3,11,2,1,0,0.05,0.07,0.04,44073 ,KC 
384,Sam Moll ,11.6,12,1,0,4.29,1.47,6,11,5,1,12,0,1,0,0.0,0.0,0.0,5057 d,CIN 
385,Ryan Yarbrough ,14.9,12,1,0,4.58,1.38,8,15,5,2,10,1,1,0,0.06,0.09,0.03,6719 d,NYY 
386,Tyler Anderson ,36.9,29,2,0,5.01,1.45,21,38,14,6,6,6,3,0,0.07,0.08,0.05,5636 d,LAA 
387,Jordan Hicks ,11.7,11,1,0,4.15,1.48,5,11,5,1,12,0,1,0,0.02,0.03,0.02,6897 d,BOS 
388,Elvis Alvarado ,12.3,13,1,0,4.22,1.50,6,11,6,2,13,0,1,0,0.0,0.0,0.0,26878 ,ATH 
389,Isaiah Campbell ,10.0,8,0,0,4.66,1.46,5,11,4,1,11,0,1,0,0.0,0.0,0.0,38329 ,BOS 
390,Tim Hill ,12.7,8,1,0,4.27,1.48,6,14,4,1,13,0,1,0,0.01,0.01,0.0,8379 d,NYY 
391,Jimmy Herget ,13.6,12,1,0,4.53,1.38,7,14,4,2,14,0,1,0,0.0,0.0,0.0,6636 d,COL 
392,Alexis Diaz ,13.2,13,1,0,4.48,1.41,7,11,6,2,14,0,1,0,0.17,0.14,0.19,45001 ,LAD 
393,Ryan Gusto ,16.8,14,1,0,4.65,1.43,9,17,6,2,8,2,1,0,0.02,0.03,0.01,48225 ,MIA 
394,Chris Martin ,6.7,7,0,0,3.56,1.13,3,6,1,1,7,0,0,0,0.08,0.13,0.03,5477 d,TEX 
395,Albert Suarez ,9.0,8,1,0,4.57,1.36,5,9,3,2,9,0,0,0,0.0,0.0,0.0,4083 d,BAL 
396,Luis Severino ,13.2,11,1,0,4.52,1.42,7,13,4,2,2,2,1,0,0.17,0.21,0.13,5244 d,ATH 
397,John Rooney ,9.6,9,1,0,4.19,1.48,4,9,4,1,10,0,1,0,0.0,0.0,0.0,47606 ,HOU 
398,Stephen Kolek ,10.2,8,1,0,4.40,1.45,5,11,3,1,7,0,1,0,0.02,0.02,0.03,47038 ,KC 
399,Luis Curvelo ,10.9,10,0,0,4.64,1.44,6,11,4,2,11,0,1,0,0.0,0.0,0.0,45194 ,TEX 
400,Mason Black ,9.8,8,1,0,4.38,1.42,5,10,4,1,8,0,1,0,0.0,0.0,0.0,46147 ,SF 
401,Andrew Heaney ,16.6,14,1,0,4.68,1.45,9,17,6,2,10,2,1,0,0.09,0.09,0.09,4678 d,PIT 
402,Travis Adams ,9.9,7,1,0,4.55,1.38,5,10,3,1,9,0,1,0,0.0,0.0,0.0,7354827,MIN 
403,Kyle Nicolas ,12.6,12,0,0,4.22,1.49,6,12,6,1,13,0,1,0,0.0,0.0,0.0,43834 ,PIT 
404,Ryan Bergert ,34.3,28,1,0,4.87,1.48,19,35,14,5,12,6,2,0,0.15,0.23,0.06,45388 ,KC 
405,Erasmo Ramirez ,13.3,10,1,0,4.77,1.44,7,14,4,2,13,0,1,0,0.0,0.0,0.0,4572 d,MIN 
406,Josh Simpson ,12.2,12,1,0,4.24,1.53,6,11,6,1,13,0,1,0,0.0,0.0,0.0,46500 ,MIA 
407,Yimi Garcia ,6.0,6,0,0,3.22,1.14,2,5,2,1,6,0,0,0,0.02,0.04,0.01,5193 d,TOR 
408,Robert Gasser ,7.9,7,0,0,3.41,1.17,3,7,2,1,8,0,0,0,0.01,0.01,0.0,45374 ,MIL 
409,Daniel Lynch ,12.9,10,1,0,4.53,1.46,6,14,4,2,13,0,1,0,0.01,0.01,0.0,7994 d,KC 
410,Grant Wolfram ,11.6,11,1,0,4.58,1.53,6,12,6,2,12,0,1,0,0.0,0.0,0.0,48339 ,BAL 
411,Daniel Robert ,9.1,9,0,0,4.59,1.45,5,9,4,1,9,0,1,0,0.0,0.0,0.0,45556 ,PHI 
412,Wander Suero ,8.2,8,0,0,4.70,1.42,4,8,3,1,9,0,0,0,0.0,0.0,0.0,6126 d,ATL 
413,Dane Dunning ,12.9,12,1,0,4.45,1.46,6,13,5,2,11,0,1,0,0.0,0.0,0.0,6619 d,ATL 
414,Carson Whisenhunt ,14.6,12,1,0,4.45,1.44,7,15,5,2,5,3,1,0,0.01,0.02,0.01,46305 ,SF 
415,Paul Sewald ,8.4,9,0,0,4.04,1.18,4,7,3,1,9,0,0,0,0.01,0.01,0.0,6147 d,DET 
416,Luke Little ,9.9,11,1,0,4.23,1.52,5,8,6,1,10,0,0,0,0.0,0.0,0.0,44602 ,CHC 
417,Jackson Kowar ,10.2,10,1,0,4.33,1.48,5,10,5,1,11,0,1,0,0.0,0.0,0.0,6875 d,SEA 
418,Mike Vasil ,14.6,12,1,0,4.60,1.48,7,15,6,2,13,0,1,0,0.01,0.01,0.0,7465 d,CWS 
419,Brock Stewart ,6.7,8,0,0,3.34,1.19,3,5,3,1,7,0,0,0,0.01,0.01,0.0,6424 d,LAD 
420,Osvaldo Bido ,13.5,12,1,0,4.81,1.46,7,13,5,2,12,0,1,0,0.0,0.0,0.0,47376 ,ATH 
421,Jason Alexander ,24.3,18,1,0,4.68,1.42,13,25,8,3,10,3,1,0,0.12,0.17,0.07,10607 ,HOU 
422,Logan Evans ,13.4,11,1,0,4.48,1.41,7,14,5,2,8,1,1,0,0.02,0.03,0.01,7354124,SEA 
423,Simeon Woods Richardson ,23.4,20,1,0,4.74,1.42,12,23,9,4,5,5,1,0,0.03,0.04,0.01,26455 ,MIN 
424,Erick Fedde ,37.4,30,2,0,4.94,1.48,21,40,14,5,7,7,3,0,0.07,0.08,0.05,6029 d,ATL 
425,Elvis Peguero ,10.2,9,1,0,4.21,1.48,5,10,4,1,11,0,1,0,0.0,0.0,0.0,44818 ,CWS 
426,Bubba Chandler ,14.4,13,1,0,4.55,1.47,7,14,6,2,2,2,1,0,0.13,0.22,0.05,44682 ,PIT 
427,Kyle Hendricks ,31.4,21,1,0,5.04,1.42,18,35,9,5,6,6,3,0,0.03,0.04,0.02,5462 d,LAA 
428,Shinnosuke Ogasawara ,16.4,13,1,0,4.70,1.45,9,17,6,2,12,1,1,0,0.0,0.0,0.0,7354982,WSH 
429,Tayler Scott ,3.9,4,0,0,4.10,1.44,2,4,2,0,4,0,0,0,0.0,0.0,0.0,7596 d,HOU 
430,Valente Bellozo ,13.5,10,1,0,4.69,1.45,7,14,5,2,12,0,1,0,0.0,0.0,0.0,44398 ,MIA 
431,Mitch Spence ,21.0,16,1,0,4.67,1.41,11,22,6,3,5,4,1,0,0.01,0.01,0.01,45318 ,ATH 
432,Sam Long ,11.8,10,1,0,4.50,1.45,6,12,5,2,12,0,1,0,0.0,0.0,0.0,44078 ,KC 
433,Andrew Hoffmann ,12.0,11,0,2,4.71,1.49,6,12,5,2,13,0,0,0,0.0,0.0,0.0,46283 ,ARI 
434,Blade Tidwell ,12.6,11,1,0,4.65,1.49,7,12,6,2,8,1,1,0,0.01,0.01,0.0,46292 ,SF 
435,Brady Basso ,6.8,7,0,0,4.12,1.31,3,7,2,1,6,0,0,0,0.0,0.0,0.0,48224 ,ATH 
436,Jake Woodford ,10.5,8,1,0,4.67,1.53,5,12,3,1,10,0,1,0,0.0,0.0,0.0,7751 d,ARI 
437,Mason Thompson ,10.9,9,1,0,4.69,1.53,6,11,5,1,11,0,1,0,0.0,0.0,0.0,44062 ,WSH 
438,Jordan Weems ,3.2,3,0,0,5.63,1.41,2,3,2,1,3,0,0,0,0.0,0.0,0.0,39899 ,HOU 
439,Kai-Wei Teng ,15.8,15,1,0,4.50,1.52,8,15,7,2,10,1,1,0,0.01,0.01,0.0,26945 ,SF 
440,Jose Fermin ,12.1,12,1,0,4.57,1.51,6,11,6,2,12,0,0,0,0.0,0.0,0.0,7354960,LAA 
441,Didier Fuentes ,7.0,6,1,0,4.51,1.50,4,7,3,2,2,2,1,0,0.0,0.0,0.0,46939 ,ATL 
442,John Means ,8.4,7,0,0,4.12,1.22,4,8,2,1,5,1,0,0,0.0,0.0,0.0,8079 d,CLE 
443,John Curtiss ,11.3,8,1,0,4.59,1.42,6,12,4,2,12,0,1,0,0.0,0.0,0.0,7312 d,ARI 
444,Walker Buehler ,32.1,25,2,0,4.96,1.49,18,34,12,5,8,6,2,0,0.18,0.23,0.14,7002 d,BOS 
445,Cole Winn ,9.8,9,0,0,4.81,1.55,5,10,5,1,10,0,0,0,0.0,0.0,0.0,7922 d,TEX 
446,Davis Martin ,30.9,24,1,0,4.72,1.44,16,32,11,5,6,6,2,0,0.03,0.04,0.02,46142 ,CWS 
447,Chase Shugart ,12.6,10,1,0,4.78,1.53,7,13,5,2,13,0,1,0,0.0,0.0,0.0,47099 ,PIT 
448,Ian Hamilton ,8.5,9,0,0,3.57,1.34,3,7,4,1,9,0,0,0,0.0,0.0,0.0,8066 d,NYY 
449,Liam Hendriks ,6.0,7,0,0,4.30,1.33,3,6,2,1,6,0,0,0,0.03,0.05,0.02,4158 d,BOS 
450,Rafael Montero ,10.5,10,1,0,4.48,1.50,5,10,5,1,11,0,1,0,0.0,0.0,0.0,4763 d,DET 
451,Richard Fitts ,15.7,12,1,0,4.72,1.42,8,17,5,2,6,2,1,0,0.01,0.01,0.0,45322 ,BOS 
452,Sam Bachman ,9.2,8,1,0,4.74,1.54,5,9,4,1,10,0,1,0,0.0,0.0,0.0,44677 ,LAA 
453,Logan Henderson ,5.8,6,0,0,3.74,1.28,2,5,2,1,4,0,0,0,0.15,0.18,0.12,45145 ,MIL 
454,Taijuan Walker ,34.0,24,2,0,5.03,1.47,19,36,12,6,6,6,2,0,0.1,0.15,0.05,4571 d,PHI 
455,Konnor Pilkington ,13.1,12,1,0,4.52,1.54,7,13,7,2,13,0,1,0,0.0,0.0,0.0,7169 d,WSH 
456,Nabil Crismatt ,15.3,11,1,0,4.98,1.48,8,17,5,2,5,2,1,0,0.0,0.0,0.0,8454 d,ARI 
457,Joe Kelly ,7.2,8,0,0,3.98,1.46,3,6,4,1,7,0,0,0,0.01,0.01,0.0,4652 d,RP) FA
458,Hayden Harris ,6.9,8,0,0,3.72,1.32,3,6,3,1,7,0,0,0,0.0,0.0,0.0,7354016,ATL 
459,Carson Fulmer ,15.4,13,1,0,4.75,1.48,8,15,7,2,11,1,1,0,0.0,0.0,0.0,6015 d,LAA 
460,Brent Headrick ,7.9,8,0,0,4.19,1.24,4,7,3,1,8,0,0,0,0.0,0.0,0.0,46412 ,NYY 
461,Griff McGarry ,3.9,4,1,0,4.59,1.66,2,4,3,1,3,1,1,0,0.0,0.0,0.0,44910 ,PHI 
462,Martin Perez ,33.9,26,2,0,4.61,1.49,17,36,13,5,9,6,2,0,0.02,0.02,0.02,3501 d,CWS 
463,Yilber Diaz ,8.0,8,1,0,4.71,1.51,4,7,4,1,6,0,1,0,0.0,0.0,0.0,47008 ,ARI 
464,Andrew Nardi ,6.2,8,0,0,3.98,1.26,3,5,3,1,6,0,0,0,0.0,0.0,0.0,46456 ,MIA 
465,Orlando Ribalta ,12.0,11,1,0,4.66,1.52,6,11,6,2,13,0,1,0,0.0,0.0,0.0,7354812,WSH 
466,Alex Faedo ,9.2,9,0,0,4.48,1.37,5,9,4,2,10,0,1,0,0.0,0.0,0.0,6793 d,TB 
467,Manuel Rodriguez ,6.3,6,0,0,4.26,1.18,3,6,2,1,5,1,0,0,0.0,0.0,0.0,39241 ,TB 
468,Chase Silseth ,9.8,9,0,0,4.13,1.35,5,9,4,1,10,0,1,0,0.0,0.0,0.0,45213 ,LAA 
469,Marcus Stroman ,20.0,14,1,0,4.64,1.47,10,21,7,3,4,4,1,0,0.02,0.02,0.01,4796 d,SP) FA
470,Yaramil Hiraldo ,11.1,11,0,0,4.37,1.34,5,10,4,2,12,0,0,0,0.0,0.0,0.0,7974 d,BAL 
471,Gunnar Hoglund ,8.0,6,1,0,5.05,1.50,5,9,3,2,2,2,1,0,0.01,0.01,0.0,44684 ,ATH 
472,Robinson Pina ,6.7,6,0,0,4.20,1.39,3,7,2,1,7,0,0,0,0.0,0.0,0.0,7116 d,TOR 
473,Carlos Rodriguez ,5.9,6,0,0,4.35,1.38,3,6,2,1,6,0,0,0,0.0,0.0,0.0,47297 ,MIL 
474,Sean Burke ,14.3,13,1,0,4.91,1.51,8,14,7,2,3,3,1,0,0.05,0.06,0.03,44752 ,CWS 
475,Connor Phillips ,10.0,10,0,0,4.77,1.55,5,9,5,2,10,0,1,0,0.0,0.0,0.0,45860 ,CIN 
476,Gregory Santos ,4.8,4,0,0,3.67,1.28,2,4,2,0,5,0,0,0,0.0,0.0,0.0,7285 d,SEA 
477,John Brebbia ,4.8,5,0,0,4.29,1.39,2,5,2,1,5,0,0,0,0.0,0.0,0.0,7187 d,ATL 
478,Jonathan Cannon ,15.0,11,1,0,5.08,1.48,8,16,5,2,4,2,1,0,0.01,0.01,0.0,46318 ,CWS 
479,Angel Chivilli ,11.1,9,1,0,4.83,1.49,6,11,4,2,11,0,1,0,0.0,0.0,0.0,46872 ,COL 
480,Joe Jimenez ,3.0,4,0,0,3.29,1.28,1,3,1,0,3,0,0,0,0.0,0.0,0.0,6164 d,ATL 
481,Alek Jacob ,10.1,9,0,0,4.40,1.44,5,10,4,1,10,0,0,0,0.0,0.0,0.0,46893 ,SD 
482,Domingo Gonzalez ,6.6,6,0,0,4.34,1.48,3,6,3,1,7,0,0,0,0.0,0.0,0.0,46657 ,SEA 
483,Corbin Martin ,12.5,11,1,0,4.79,1.56,7,13,6,2,13,0,1,0,0.01,0.01,0.0,7405 d,BAL 
484,Gavin Hollowell ,6.5,6,0,0,4.39,1.49,3,6,3,1,7,0,0,0,0.0,0.0,0.0,44311 ,CHC 
485,Joel Payamps ,4.2,4,0,0,3.71,1.19,2,4,1,1,5,0,0,0,0.01,0.01,0.0,8174 d,MIL 
486,Hogan Harris ,10.0,10,0,0,4.33,1.50,5,10,5,1,10,0,1,0,0.0,0.0,0.0,46489 ,ATH 
487,Allan Winans ,8.1,6,0,0,4.35,1.32,4,8,2,1,6,0,0,0,0.0,0.0,0.0,45675 ,NYY 
488,Chad Green ,6.9,6,0,0,4.27,1.25,3,7,2,1,7,0,0,0,0.01,0.01,0.01,6177 d,RP) FA
489,Nick Anderson ,11.3,10,1,0,5.26,1.53,7,13,4,2,12,0,1,0,0.0,0.0,0.0,8164 d,COL 
490,Chase Lee ,6.5,6,0,0,4.21,1.34,3,6,2,1,7,0,0,0,0.0,0.0,0.0,45645 ,DET 
491,Marc Church ,6.0,6,0,0,4.10,1.37,3,5,3,1,6,0,0,0,0.0,0.0,0.0,45178 ,TEX 
492,Ethan Roberts ,10.2,10,0,0,4.54,1.46,5,10,4,1,11,0,0,0,0.0,0.0,0.0,45007 ,CHC 
493,Carlos Hernandez ,10.6,10,0,0,4.49,1.42,5,10,5,1,11,0,1,0,0.0,0.0,0.0,39260 ,CLE 
494,Paxton Schultz ,8.6,8,0,0,4.10,1.37,4,8,3,1,9,0,0,0,0.0,0.0,0.0,7355148,TOR 
495,Sauryn Lao ,10.1,10,0,0,4.26,1.41,5,10,4,2,10,0,0,0,0.0,0.0,0.0,7354061,SEA 
496,Zak Kent ,8.7,8,0,0,3.97,1.44,4,9,4,1,8,0,0,0,0.0,0.0,0.0,45175 ,CLE 
497,Trevor McDonald ,8.3,7,0,0,4.03,1.43,4,8,3,1,8,0,1,0,0.0,0.0,0.0,48211 ,SF 
498,Erik Miller ,6.3,7,0,0,4.15,1.42,3,5,4,1,6,0,0,0,0.01,0.01,0.0,23362 ,SF 
499,Tyler Mahle ,5.6,5,0,0,4.46,1.31,3,5,2,1,1,1,0,0,0.31,0.34,0.29,6637 d,TEX 
500,Huascar Brazoban ,6.7,7,0,0,4.17,1.38,3,6,3,1,7,0,0,0,0.01,0.01,0.01,45492 ,NYM 
501,Trevor Stephan ,7.0,7,0,0,4.04,1.34,3,6,3,1,7,0,0,0,0.0,0.0,0.0,8533 d,CLE 
502,Jose Espada ,7.6,8,0,0,4.40,1.34,4,7,3,1,8,0,0,0,0.0,0.0,0.0,44990 ,BAL 
503,Michel Otanez ,6.0,7,0,0,4.21,1.50,3,5,4,1,6,0,0,0,0.0,0.0,0.0,45919 ,ATH 
504,Yoendrys Gomez ,23.9,21,1,0,4.90,1.51,13,23,11,4,10,4,2,0,0.02,0.04,0.01,43698 ,CWS 
505,Zack Thompson ,3.5,3,0,0,3.54,1.41,1,3,2,0,3,0,0,0,0.0,0.0,0.0,20342 ,STL 
506,Nate Pearson ,7.1,7,0,0,4.08,1.36,3,6,3,1,8,0,0,0,0.0,0.0,0.0,7261 d,CHC 
507,Michael Petersen ,8.8,8,0,0,4.51,1.38,4,8,3,1,9,0,0,0,0.0,0.0,0.0,44948 ,MIA 
508,Steven Cruz ,8.4,8,0,0,4.16,1.40,4,8,4,1,9,0,0,0,0.0,0.0,0.0,45814 ,KC 
509,Edgardo Henriquez ,7.9,9,0,0,4.60,1.48,4,7,4,1,8,0,0,0,0.0,0.0,0.0,46764 ,LAD 
510,Dakota Hudson ,4.9,3,1,0,5.48,1.62,3,6,2,1,3,1,1,0,0.0,0.0,0.0,6840 d,LAA 
511,Bobby Miller ,8.8,8,0,0,4.34,1.39,4,8,3,1,8,0,0,0,0.01,0.01,0.0,43804 ,LAD 
512,Franco Aleman ,5.1,5,0,0,4.02,1.22,2,4,2,0,5,0,0,0,0.0,0.0,0.0,47332 ,CLE 
513,Brent Suter ,13.2,10,0,0,4.28,1.37,6,13,4,2,13,0,1,0,0.0,0.0,0.0,6482 d,CIN 
514,Colin Selby ,4.9,5,0,0,3.66,1.39,2,5,2,1,5,0,0,0,0.0,0.0,0.0,46497 ,BAL 
515,Troy Taylor ,9.0,8,0,0,4.35,1.42,4,8,4,1,9,0,0,0,0.0,0.0,0.0,47701 ,SEA 
516,Beau Brieske ,5.9,5,0,0,3.91,1.29,3,5,2,1,6,0,0,0,0.0,0.0,0.0,45085 ,DET 
517,Ryan Feltner ,16.6,14,1,0,4.96,1.51,9,18,7,2,7,2,1,0,0.0,0.0,0.0,44878 ,COL 
518,Joey Estes ,18.0,13,1,0,5.28,1.40,11,19,5,3,6,3,1,0,0.0,0.0,0.0,44916 ,ATH 
519,Nick Burdi ,2.9,3,0,0,3.08,1.37,1,3,2,1,3,0,0,0,0.0,0.0,0.0,6231 d,BOS 
520,Codi Heuer ,6.4,6,0,0,4.26,1.33,3,6,3,1,7,0,0,0,0.0,0.0,0.0,43650 ,DET 
521,Kyle Freeland ,36.8,26,2,0,5.08,1.46,21,43,10,6,7,7,3,0,0.02,0.02,0.01,6041 d,COL 
522,DL Hall ,4.1,4,0,0,3.64,1.25,2,3,2,1,4,0,0,0,0.0,0.0,0.0,6845 d,MIL 
523,Joe Jacques ,7.4,6,0,0,3.64,1.43,3,7,3,1,7,0,0,0,0.0,0.0,0.0,46651 ,SEA 
524,Lazaro Estrada ,8.9,8,0,0,4.54,1.38,5,9,3,1,9,0,0,0,0.0,0.0,0.0,7354980,TOR 
525,Ryan Weathers ,8.9,8,0,0,4.40,1.39,4,9,3,1,1,1,1,0,0.03,0.05,0.02,7484 d,MIA 
526,Craig Kimbrel ,4.0,5,0,0,4.86,1.51,2,4,2,0,4,0,0,0,0.01,0.01,0.0,3238 d,TEX 
527,Alek Manoah ,5.3,5,0,0,4.50,1.33,3,5,2,1,2,1,0,0,0.01,0.01,0.0,19812 ,TOR 
528,Tekoah Roby ,3.5,3,0,0,3.85,1.28,2,4,1,1,1,1,0,0,0.0,0.0,0.0,44576 ,STL 
529,Vinny Nittoli ,1.7,2,0,0,2.71,1.20,1,2,1,0,2,0,0,0,0.0,0.0,0.0,17634 ,BAL 
530,Easton McGee ,7.7,6,0,0,4.20,1.33,4,8,2,1,8,0,0,0,0.0,0.0,0.0,46482 ,MIL 
531,Tim Mayza ,8.5,7,0,0,4.34,1.42,4,9,3,1,9,0,1,0,0.0,0.0,0.0,6321 d,PIT 
532,Anthony Maldonado ,7.8,8,0,0,4.48,1.40,4,8,3,1,8,0,1,0,0.0,0.0,0.0,47272 ,ATH 
533,Alan Rangel ,6.2,5,0,0,4.46,1.33,3,6,2,1,6,0,0,0,0.0,0.0,0.0,44942 ,PHI 
534,Paul Gervase ,5.7,6,0,0,4.06,1.36,3,5,3,1,6,0,0,0,0.0,0.0,0.0,7354079,LAD 
535,Joe Ross ,12.0,10,0,0,4.34,1.39,6,12,4,2,11,0,1,0,0.0,0.0,0.0,4710 d,PHI 
536,Forrest Whitley ,6.5,7,0,0,4.35,1.41,3,6,3,1,4,1,0,0,0.0,0.0,0.0,6420 d,TB 
537,Anthony Veneziano ,10.4,9,0,0,4.51,1.51,5,11,4,1,11,0,1,0,0.0,0.0,0.0,45101 ,STL 
538,Kyle Hart ,7.2,6,0,0,4.86,1.39,4,7,2,1,7,0,0,0,0.0,0.0,0.0,39258 ,SD 
539,Cody Poteet ,6.7,6,0,0,4.54,1.33,3,7,2,1,7,0,0,0,0.0,0.0,0.0,44237 ,BAL 
540,Jose Ruiz ,6.2,6,0,0,4.42,1.36,3,6,2,1,6,0,0,0,0.0,0.0,0.0,6561 d,TEX 
541,Kenta Maeda ,10.1,8,0,0,4.68,1.36,5,10,3,2,3,2,1,0,0.0,0.0,0.0,5939 d,NYY 
542,Nick Sandlin ,4.3,4,0,0,4.29,1.29,2,3,2,1,5,0,0,0,0.0,0.0,0.0,43932 ,TOR 
543,Caleb Boushley ,10.6,8,0,0,4.45,1.32,5,11,3,1,11,0,1,0,0.0,0.0,0.0,45043 ,TEX 
544,Jovani Moran ,8.3,9,0,0,4.20,1.45,4,8,4,1,9,0,0,0,0.0,0.0,0.0,44290 ,BOS 
545,Gus Varland ,6.3,6,0,0,4.47,1.32,3,6,2,1,7,0,0,0,0.0,0.0,0.0,44167 ,ARI 
546,Kyle Wright ,7.3,6,0,0,4.28,1.48,3,7,3,1,5,0,0,0,0.0,0.0,0.0,6922 d,KC 
547,Andrew Painter ,8.9,8,0,0,4.67,1.36,5,9,3,1,5,1,0,0,0.1,0.16,0.03,44680 ,PHI 
548,Austin Cox ,11.2,10,0,0,4.50,1.46,6,11,4,2,12,0,1,0,0.0,0.0,0.0,43939 ,ATL 
549,Jesus Tinoco ,6.1,5,0,0,4.49,1.29,3,6,2,1,6,0,0,0,0.0,0.0,0.0,8376 d,MIA 
550,Trent Harris ,5.3,5,0,0,3.85,1.36,2,5,2,1,5,0,0,0,0.0,0.0,0.0,7354949,SF 
551,Chris Murphy ,8.7,8,0,0,4.29,1.43,4,8,4,1,9,0,0,0,0.0,0.0,0.0,45467 ,BOS 
552,Burch Smith ,1.5,2,0,0,3.02,1.34,1,2,1,0,2,0,0,0,0.0,0.0,0.0,5440 d,PIT 
553,Dom Hamel ,9.6,9,0,0,4.67,1.51,5,10,4,2,10,0,0,0,0.0,0.0,0.0,45291 ,NYM 
554,Yohan Ramirez ,10.3,10,0,0,4.12,1.48,5,9,5,1,11,0,1,0,0.0,0.0,0.0,40933 ,PIT 
555,Cal Quantrill ,26.9,20,1,0,4.92,1.47,15,29,10,4,5,5,2,0,0.01,0.02,0.01,6399 d,SP) FA
556,Carson Ragsdale ,5.9,6,0,0,4.43,1.34,3,6,2,1,6,0,0,0,0.0,0.0,0.0,44424 ,SF 
557,Will Klein ,5.0,6,0,0,4.40,1.66,2,5,3,1,5,0,0,0,0.0,0.0,0.0,44629 ,LAD 
558,Julian Fernandez ,8.8,8,0,0,4.28,1.41,4,8,4,1,9,0,0,0,0.0,0.0,0.0,7372 d,WSH 
559,Landon Knack ,6.7,6,0,0,5.01,1.40,4,7,3,1,4,0,0,0,0.01,0.01,0.0,43915 ,LAD 
560,Hunter Bigge ,5.8,6,0,0,4.43,1.36,3,5,3,1,6,0,0,0,0.0,0.0,0.0,47284 ,TB 
561,Collin Snider ,7.8,7,1,0,4.64,1.47,4,8,3,1,9,0,1,0,0.0,0.0,0.0,44319 ,SEA 
562,Kendry Rojas ,4.0,4,0,0,4.35,1.36,2,4,1,1,4,0,0,0,0.0,0.0,0.0,45353 ,MIN 
563,Alec Marsh ,4.4,4,0,0,3.90,1.42,2,4,2,0,3,0,0,0,0.0,0.0,0.0,44020 ,KC 
564,Keider Montero ,7.4,6,0,0,4.71,1.37,4,7,3,1,3,1,0,0,0.0,0.0,0.0,45088 ,DET 
565,Caden Dana ,21.0,18,1,0,5.15,1.47,12,21,9,4,8,3,2,0,0.0,0.0,0.0,46396 ,LAA 
566,Bruce Zimmermann ,3.3,3,0,0,4.09,1.36,2,4,1,1,2,1,0,0,0.0,0.0,0.0,8044 d,MIL 
567,Mick Abel ,17.9,16,1,0,4.88,1.52,10,18,9,3,6,3,1,0,0.06,0.09,0.03,8282 d,MIN 
568,James McArthur ,2.6,2,0,0,4.26,1.42,1,3,1,0,3,0,0,0,0.0,0.0,0.0,44384 ,KC 
569,Matt Manning ,5.5,4,0,0,4.21,1.44,3,6,2,1,5,0,0,0,0.0,0.0,0.0,6421 d,PHI 
570,Jackson Ferris ,3.5,3,0,0,3.82,1.42,2,4,2,1,1,1,0,0,0.01,0.01,0.0,46280 ,LAD 
571,Jhonathan Diaz ,4.3,3,0,0,4.10,1.39,2,4,2,0,3,0,0,0,0.0,0.0,0.0,44026 ,SEA 
572,Eli Morgan ,3.6,3,0,0,4.20,1.32,2,3,1,0,4,0,0,0,0.0,0.0,0.0,43930 ,CHC 
573,Cooper Criswell ,8.4,7,0,0,4.68,1.48,4,9,3,1,7,0,0,0,0.0,0.0,0.0,44839 ,BOS 
574,Carl Edwards Jr. ,3.4,3,0,0,3.99,1.48,2,4,2,1,3,1,0,0,0.0,0.0,0.0,4906 d,TEX 
575,Jack Neely ,4.5,5,0,0,4.33,1.44,2,4,2,1,5,0,0,0,0.0,0.0,0.0,46864 ,CHC 
576,Nathan Wiles ,7.5,6,0,0,4.63,1.33,4,8,2,1,6,0,0,0,0.0,0.0,0.0,7354005,ATL 
577,Christian Roa ,2.5,2,0,0,3.62,1.21,1,2,1,0,2,1,0,0,0.0,0.0,0.0,43815 ,MIA 
578,Brian Moran ,2.8,2,0,0,3.96,1.35,1,3,1,0,3,0,0,0,0.0,0.0,0.0,5368 d,ATL 
579,Anthony Misiewicz ,7.8,7,0,0,4.40,1.37,4,8,3,1,8,0,0,0,0.0,0.0,0.0,7357 d,MIN 
580,Bowden Francis ,5.1,4,0,0,4.13,1.33,2,5,2,1,3,0,0,0,0.21,0.14,0.29,44015 ,TOR 
581,Tom Cosgrove ,5.5,5,0,0,4.96,1.48,3,5,2,1,6,0,0,0,0.0,0.0,0.0,45722 ,CHC 
582,Tyler Jay ,1.8,2,0,0,5.01,1.11,1,2,1,0,2,0,0,0,0.0,0.0,0.0,20120 ,MIL 
583,Hunter Barco ,5.0,5,0,0,4.41,1.45,2,5,2,1,1,1,0,0,0.01,0.01,0.0,7434 d,PIT 
584,Kyle Nelson ,7.3,6,0,0,4.59,1.43,4,7,3,1,8,0,0,0,0.0,0.0,0.0,43931 ,ARI 
585,Geoff Hartlieb ,3.9,4,0,0,4.57,1.40,2,4,2,1,3,0,0,0,0.0,0.0,0.0,8234 d,DET 
586,Jack Kochanowicz ,14.2,9,1,0,4.97,1.56,8,16,5,2,4,2,1,0,0.01,0.01,0.0,38304 ,LAA 
587,Christian Montes De Oca ,2.0,2,0,0,4.46,1.24,1,2,1,0,2,0,0,0,0.0,0.0,0.0,47004 ,ARI 
588,Chad Kuhl ,2.5,2,0,0,3.66,1.42,1,3,1,0,2,1,0,0,0.0,0.0,0.0,6422 d,ATL 
589,Emerson Hancock ,7.0,5,0,0,4.54,1.38,4,7,2,1,4,0,0,0,0.01,0.01,0.01,43825 ,SEA 
590,Ben Peoples ,2.8,2,0,0,3.97,1.31,1,3,1,0,3,0,0,0,0.0,0.0,0.0,46833 ,CWS 
591,Brandon Sproat ,6.1,5,0,0,4.32,1.38,3,6,2,1,1,1,0,0,0.02,0.03,0.01,46394 ,NYM 
592,Shaun Anderson ,5.1,4,0,0,5.16,1.42,3,6,1,1,5,0,0,0,0.0,0.0,0.0,7291 d,LAA 
593,Alex Carrillo ,4.2,4,0,0,4.55,1.36,2,4,2,1,4,0,0,0,0.0,0.0,0.0,7355754,NYM 
594,Easton Lucas ,7.2,6,0,0,4.20,1.42,3,7,3,1,7,0,0,0,0.01,0.01,0.01,39681 ,TOR 
595,Fraser Ellard ,8.8,9,0,0,4.40,1.51,4,8,5,1,9,0,1,0,0.0,0.0,0.0,47029 ,CWS 
596,Declan Cronin ,5.9,5,0,0,4.18,1.48,3,6,3,0,6,0,0,0,0.0,0.0,0.0,47028 ,MIA 
597,Justin Bruihl ,8.0,7,0,0,4.25,1.48,4,8,3,1,8,0,0,0,0.0,0.0,0.0,44828 ,TOR 
598,Francis Pena ,6.1,5,0,0,4.32,1.40,3,6,3,1,6,0,0,0,0.0,0.0,0.0,7355031,SD 
599,Noah Davis ,6.9,6,0,0,4.80,1.56,4,7,3,1,7,0,0,0,0.0,0.0,0.0,44485 ,MIN 
600,Trey Yesavage ,2.0,3,0,0,4.26,1.44,1,2,1,0,2,0,0,0,0.01,0.02,0.01,7354369,TOR 
601,Yoniel Curet ,3.9,4,0,0,4.63,1.42,2,4,2,1,2,1,1,0,0.0,0.0,0.0,48268 ,TB 
602,K.C. Hunt ,3.4,3,0,0,3.98,1.47,2,4,2,1,1,1,0,0,0.0,0.0,0.0,7354896,MIL 
603,Luis Morales ,11.5,11,0,0,4.71,1.49,6,11,5,2,11,0,0,0,0.01,0.02,0.01,48306 ,ATH 
604,David Sandlin ,5.7,5,0,0,4.75,1.36,3,6,2,1,6,0,0,0,0.0,0.0,0.0,47089 ,BOS 
605,Will Dion ,3.8,3,0,0,4.76,1.32,2,4,1,1,2,1,0,0,0.0,0.0,0.0,45055 ,CLE 
606,Omar Cruz ,5.8,6,0,0,4.33,1.54,3,6,3,1,6,0,0,0,0.0,0.0,0.0,44136 ,SD 
607,Freddy Tarnok ,8.8,8,0,0,4.51,1.39,4,8,4,1,9,0,1,0,0.0,0.0,0.0,44331 ,MIA 
608,J.P. France ,7.1,6,0,0,4.42,1.38,4,7,3,1,7,0,0,0,0.0,0.0,0.0,45204 ,HOU 
609,AJ Blubaugh ,7.5,7,0,0,4.54,1.43,4,7,3,1,6,0,0,0,0.0,0.0,0.0,7354036,HOU 
610,Jake Eder ,14.8,11,1,0,5.02,1.53,8,15,7,2,7,2,1,0,0.0,0.0,0.0,43912 ,WSH 
611,Joey Gerber ,5.1,5,0,0,4.58,1.43,3,5,2,1,5,0,0,0,0.0,0.0,0.0,43966 ,TB 
612,Jose Urquidy ,1.9,2,0,0,4.46,1.34,1,2,1,0,2,0,0,0,0.0,0.0,0.0,22917 ,DET 
613,JT Brubaker ,5.5,4,0,0,4.28,1.39,3,5,2,1,5,0,0,0,0.0,0.0,0.0,8152 d,SF 
614,George Soriano ,10.6,10,0,0,4.57,1.49,5,10,5,2,11,0,1,0,0.0,0.0,0.0,45277 ,MIA 
615,Lucas Gilbreath ,3.4,3,0,0,4.58,1.71,2,4,2,0,3,0,0,0,0.0,0.0,0.0,44071 ,COL 
616,George Klassen ,3.3,3,0,0,4.13,1.53,2,4,2,1,1,1,0,0,0.0,0.0,0.0,47186 ,LAA 
617,Chris Devenski ,5.3,5,0,0,4.77,1.39,3,6,2,1,5,0,0,0,0.0,0.0,0.0,6318 d,NYM 
618,Brian Van Belle ,5.9,5,0,0,4.75,1.37,3,6,2,1,4,0,0,0,0.0,0.0,0.0,44600 ,TB 
619,Nolan Hoffman ,7.4,7,0,0,4.82,1.61,4,8,4,1,7,0,0,0,0.0,0.0,0.0,45031 ,PHI 
620,Robby Snelling ,5.2,4,0,0,4.56,1.38,3,5,2,1,1,1,0,0,0.01,0.02,0.0,46279 ,MIA 
623,Roddery Munoz ,8.4,8,0,0,4.62,1.42,4,8,4,1,8,0,1,0,0.0,0.0,0.0,46490 ,STL 
624,Austin Peterson ,2.5,2,0,0,4.71,1.35,1,3,1,0,0,0,0,0,0.0,0.0,0.0,7355058,CLE 
625,Jayvien Sandridge ,4.0,4,0,0,4.55,1.43,2,3,2,1,4,0,0,0,0.0,0.0,0.0,48372 ,NYY 
626,Alan Busenitz ,1.6,1,0,0,5.64,1.25,1,2,1,0,2,0,0,0,0.0,0.0,0.0,6454 d,CIN 
627,Triston McKenzie ,2.8,3,0,0,4.50,1.46,1,3,1,0,3,0,0,0,0.0,0.0,0.0,39295 ,CLE 
628,Connor Brogdon ,4.4,4,0,0,5.19,1.41,3,4,2,1,4,0,0,0,0.0,0.0,0.0,8569 d,LAA 
629,Matt Waldron ,3.3,3,0,0,4.54,1.50,2,4,1,0,1,0,0,0,0.0,0.0,0.0,45496 ,SD 
630,Luinder Avila ,9.7,8,0,0,4.16,1.47,4,9,4,1,10,0,0,0,0.0,0.0,0.0,48346 ,KC 
631,Anthony Nunez ,6.0,6,0,0,4.97,1.51,3,6,3,1,6,0,0,0,0.0,0.0,0.0,7355993,BAL 
632,Chayce McDermott ,5.3,5,0,0,4.68,1.50,3,5,3,1,3,0,0,0,0.0,0.0,0.0,45205 ,BAL 
633,Ty Adcock ,4.1,4,0,0,4.43,1.35,2,4,2,1,3,0,0,0,0.0,0.0,0.0,44299 ,NYM 
634,Alex Pham ,4.0,4,0,0,4.47,1.49,2,4,2,1,2,1,1,0,0.0,0.0,0.0,47958 ,BAL 
635,Luis Mey ,12.5,12,1,0,5.09,1.75,7,12,9,2,13,0,1,0,0.0,0.0,0.0,44484 ,CIN 
636,Misael Tamarez ,3.2,3,0,0,4.21,1.56,2,4,2,1,2,1,0,0,0.0,0.0,0.0,44930 ,HOU 
637,Bailey Horn ,7.3,7,0,0,4.36,1.50,4,7,4,1,8,0,0,0,0.0,0.0,0.0,44800 ,DET 
638,Zach Penrod ,3.7,4,0,0,4.82,1.47,2,4,2,1,3,1,0,0,0.0,0.0,0.0,48205 ,LAD 
639,Grant Hartwig ,1.7,2,0,0,5.20,1.45,1,2,1,0,2,0,0,0,0.0,0.0,0.0,46948 ,NYM 
640,Andrew Alvarez ,2.4,1,0,0,4.54,1.44,1,2,1,0,0,0,0,0,0.0,0.0,0.0,7354090,WSH 
642,Josh Walker ,2.0,2,0,0,4.40,1.47,1,2,1,0,2,0,0,0,0.0,0.0,0.0,45294 ,PHI 
643,Seth Halvorsen ,6.1,5,0,0,4.56,1.46,3,6,3,1,6,0,0,0,0.03,0.05,0.01,48102 ,COL 
644,Matt Krook ,5.6,6,0,0,4.18,1.54,3,5,3,1,6,0,0,0,0.0,0.0,0.0,4986 d,CLE 
645,Brandon Waddell ,3.2,3,0,0,4.42,1.47,2,3,1,0,3,0,0,0,0.0,0.0,0.0,8225 d,NYM 
646,Andrew Bash ,3.2,3,0,0,4.16,1.54,2,4,2,1,2,1,0,0,0.0,0.0,0.0,47750 ,TOR 
647,Grant Holman ,2.8,3,0,0,4.27,1.48,1,3,1,0,3,0,0,0,0.0,0.0,0.0,45231 ,ATH 
648,Thomas Hatch ,15.3,12,0,0,4.55,1.43,8,15,6,2,12,1,0,0,0.0,0.0,0.0,7497 d,MIN 
649,Josh White ,5.1,5,0,0,4.40,1.52,2,5,2,1,5,0,0,0,0.0,0.0,0.0,7355423,MIA 
650,Jonathan Pintaro ,3.0,3,0,0,4.52,1.51,2,3,2,0,1,1,0,0,0.0,0.0,0.0,7355667,NYM 
651,Deivi Garcia ,2.0,2,0,0,4.57,1.52,1,2,1,0,2,1,0,0,0.0,0.0,0.0,39233 ,MIL 
652,Tanner Gordon ,15.9,10,1,0,5.28,1.48,9,19,4,3,6,2,1,0,0.0,0.0,0.0,45244 ,COL 
653,Emiliano Teodo ,1.9,2,0,0,4.43,1.40,1,2,1,0,2,0,0,0,0.0,0.0,0.0,46399 ,TEX 
654,Zach Maxwell ,2.9,3,0,0,4.40,1.51,1,3,2,0,3,0,0,0,0.0,0.0,0.0,48296 ,CIN 
655,Joan Adon ,4.5,4,0,0,5.15,1.55,3,5,2,1,5,0,0,0,0.0,0.0,0.0,43979 ,WSH 
656,Miguel Ullola ,3.9,4,0,0,4.60,1.53,2,4,3,1,2,1,0,0,0.0,0.0,0.0,46416 ,HOU 
657,Garrett Acton ,1.5,2,0,0,5.86,1.30,1,2,1,0,2,0,0,0,0.0,0.0,0.0,45222 ,TB 
658,Alimber Santa ,3.6,3,0,0,4.53,1.56,2,4,2,0,4,0,0,0,0.0,0.0,0.0,46838 ,HOU 
659,PJ Poulin ,11.9,11,0,0,4.63,1.51,6,12,5,2,13,0,1,0,0.0,0.0,0.0,45601 ,WSH 
661,Yosver Zulueta ,7.3,7,0,0,4.34,1.58,4,7,4,1,7,0,0,0,0.0,0.0,0.0,44366 ,CIN 
662,Luis Guerrero ,5.7,5,0,0,4.56,1.45,3,5,3,1,6,0,0,0,0.0,0.0,0.0,47275 ,BOS 
663,Blas Castano ,2.4,1,0,0,4.52,1.50,1,3,1,0,2,0,0,0,0.0,0.0,0.0,7354069,SEA 
664,Kevin Herget ,3.9,4,0,0,4.61,1.36,2,4,1,0,4,0,0,0,0.0,0.0,0.0,46459 ,NYM 
665,Nick Frasso ,2.4,2,0,0,4.67,1.42,1,2,1,0,2,0,0,0,0.0,0.0,0.0,43907 ,LAD 
666,Josiah Gray ,4.4,4,0,0,4.82,1.46,2,4,2,1,1,1,0,0,0.0,0.0,0.0,8218 d,WSH 
667,Brandyn Garcia ,8.4,7,0,0,4.29,1.54,4,8,4,1,8,0,0,0,0.0,0.0,0.0,7354135,ARI 
668,Connor Seabold ,9.2,8,0,0,4.75,1.45,5,10,3,1,9,0,0,0,0.0,0.0,0.0,43957 ,ATL 
669,Oddanier Mosqueda ,1.6,2,0,0,5.57,1.55,1,2,1,0,2,0,0,0,0.0,0.0,0.0,45939 ,STL 
670,Phil Bickford ,1.5,2,0,0,6.02,1.34,1,2,1,0,2,0,0,0,0.0,0.0,0.0,4957 d,PHI 
671,Hobie Harris ,1.7,2,0,0,5.25,1.46,1,2,1,0,2,0,0,0,0.0,0.0,0.0,44370 ,BOS 
672,Logan VanWey ,10.5,10,1,0,4.55,1.54,5,10,5,2,11,0,1,0,0.0,0.0,0.0,47682 ,HOU 
673,Jonathan Heasley ,4.0,3,0,0,4.53,1.51,2,5,2,1,2,1,0,0,0.0,0.0,0.0,44158 ,CWS 
674,Brandon Komar ,2.7,2,0,0,4.97,1.47,2,3,1,1,2,1,0,0,0.0,0.0,0.0,46665 ,CIN 
675,Chris Roycroft ,8.4,7,0,0,4.40,1.49,4,8,4,1,8,0,1,0,0.0,0.0,0.0,46525 ,STL 
676,Sean Reynolds ,8.4,8,0,0,4.46,1.62,4,8,5,1,9,0,0,0,0.0,0.0,0.0,46486 ,SD 
677,Adam Macko ,2.5,2,0,0,4.88,1.35,1,2,1,0,1,0,0,0,0.0,0.0,0.0,46128 ,TOR 
678,Enoli Paredes ,1.7,2,0,0,5.31,1.47,1,2,1,0,2,0,0,0,0.0,0.0,0.0,8565 d,ATL 
679,Marquis Grissom ,4.0,3,0,0,4.56,1.50,2,4,2,1,4,0,0,0,0.0,0.0,0.0,7354977,WSH 
680,Duncan Davitt ,2.0,1,0,0,4.56,1.48,1,2,1,0,0,0,0,0,0.0,0.0,0.0,7355997,CWS 
681,Zach Agnos ,6.9,6,0,0,4.99,1.50,4,7,3,1,7,0,1,0,0.0,0.0,0.0,7354314,COL 
682,Justin Garza ,5.1,4,0,0,5.01,1.43,3,5,2,1,5,0,0,0,0.0,0.0,0.0,44496 ,NYM 
683,Ian Gibaut ,4.3,3,0,0,4.78,1.48,2,4,2,1,4,0,0,0,0.0,0.0,0.0,7360 d,CIN 
684,Seth Martinez ,1.5,2,0,0,6.19,1.37,1,2,1,0,2,0,0,0,0.0,0.0,0.0,44186 ,MIA 
685,Jackson Rutledge ,11.6,10,0,0,4.56,1.47,6,11,5,2,12,0,1,0,0.0,0.0,0.0,23366 ,WSH 
686,Luarbert Arias ,3.9,3,0,0,5.35,1.45,2,4,1,1,4,0,0,0,0.0,0.0,0.0,44465 ,MIA 
687,Ronan Kopp ,1.7,2,0,0,5.41,1.50,1,2,1,0,2,0,0,0,0.0,0.0,0.0,45408 ,LAD 
688,Avery Weems ,1.4,2,0,0,6.55,1.45,1,2,1,0,2,0,0,0,0.0,0.0,0.0,44077 ,TEX 
689,Houston Roth ,3.7,3,0,0,4.85,1.48,2,4,2,1,3,1,0,0,0.0,0.0,0.0,7354209,BAL 
690,Jairo Iriarte ,6.9,6,0,0,4.65,1.56,4,7,4,1,7,0,0,0,0.0,0.0,0.0,46888 ,CWS 
691,Reiver Sanmartin ,1.5,1,0,0,6.16,1.37,1,2,1,0,2,0,0,0,0.0,0.0,0.0,8424 d,CIN 
692,Dan Altavilla ,5.1,4,0,0,5.05,1.54,3,5,3,1,5,0,0,0,0.0,0.0,0.0,6490 d,CWS 
693,Hayden Juenger ,1.6,2,0,0,5.70,1.58,1,2,1,0,2,0,0,0,0.0,0.0,0.0,45357 ,TOR 
694,Ryan Loutos ,8.1,7,0,0,4.85,1.54,4,9,4,1,9,0,1,0,0.0,0.0,0.0,46821 ,WSH 
695,Dylan Smith ,3.7,3,0,0,5.10,1.54,2,4,2,0,4,0,0,0,0.0,0.0,0.0,44751 ,DET 
696,Justin Armbruester ,3.2,3,0,0,5.56,1.39,2,3,2,1,2,1,0,0,0.0,0.0,0.0,47051 ,BAL 
697,Adam Mazur ,5.9,4,0,0,4.97,1.47,3,7,2,1,1,1,0,0,0.0,0.0,0.0,46312 ,MIA 
698,Skylar Hales ,6.0,5,0,0,4.79,1.39,3,6,2,1,6,0,0,0,0.0,0.0,0.0,48013 ,STL 
699,Peyton Pallette ,3.0,3,0,0,4.54,1.51,2,3,2,1,2,1,0,0,0.0,0.0,0.0,46306 ,CWS 
700,Bryce Jarvis ,17.2,13,1,0,4.94,1.56,9,18,8,2,10,2,1,0,0.0,0.0,0.0,43805 ,ARI 
701,Anderson Pilar ,1.8,2,0,0,4.99,1.66,1,2,1,0,2,0,0,0,0.0,0.0,0.0,7354105,ATL 
702,Jack Little ,5.1,4,0,0,4.98,1.41,3,5,2,1,5,0,0,0,0.0,0.0,0.0,7354989,PIT 
703,Lyon Richardson ,9.2,8,0,0,4.71,1.52,5,9,4,1,9,0,0,0,0.0,0.0,0.0,44016 ,CIN 
704,Nicholas Padilla ,1.6,2,0,0,5.66,1.57,1,2,1,0,2,0,0,0,0.0,0.0,0.0,46464 ,RP) FA
705,Bradgley Rodriguez ,5.1,5,0,0,4.54,1.46,3,5,2,1,5,0,0,0,0.0,0.0,0.0,7355030,SD 
706,Sam Benschoter ,6.3,5,0,0,5.18,1.57,4,7,3,1,6,0,0,0,0.0,0.0,0.0,46793 ,CIN 
707,Juan Burgos ,10.2,9,0,0,4.87,1.52,6,10,5,1,11,0,0,0,0.0,0.0,0.0,7354112,ARI 
708,Michael Darrell-Hicks ,4.0,4,0,0,5.25,1.58,2,5,1,0,4,0,0,0,0.0,0.0,0.0,7354060,PIT 
709,Ken Waldichuk ,9.3,9,0,0,4.71,1.53,5,9,4,1,5,1,1,0,0.0,0.0,0.0,44904 ,ATH 
710,Jack Sinclair ,1.5,1,0,0,5.90,1.64,1,2,1,0,2,0,0,0,0.0,0.0,0.0,7354979,WSH 
711,German Marquez ,23.6,18,1,0,5.10,1.49,13,26,8,4,5,5,2,0,0.01,0.01,0.0,5893 d,COL 
712,Joe La Sorsa ,6.5,5,0,0,5.06,1.45,4,7,2,1,7,0,0,0,0.0,0.0,0.0,47026 ,CIN 
713,Juan Nunez ,5.4,5,0,0,5.04,1.49,3,5,3,1,4,1,0,0,0.0,0.0,0.0,46440 ,BAL 
714,Jose Acuna ,3.8,3,0,0,4.72,1.57,2,4,2,1,2,1,1,0,0.0,0.0,0.0,46433 ,CIN 
715,Jackson Wolf ,3.8,3,0,0,4.76,1.41,2,4,2,1,4,0,0,0,0.0,0.0,0.0,45382 ,SD 
716,Austin Krob ,3.8,3,0,0,4.78,1.59,2,4,2,0,2,1,0,0,0.0,0.0,0.0,48371 ,SD 
717,Scott Blewett ,3.9,4,0,0,5.26,1.43,2,4,1,0,4,0,0,0,0.0,0.0,0.0,7253 d,BAL 
718,Chase Petty ,2.9,2,0,0,5.48,1.42,2,3,1,0,3,0,0,0,0.0,0.0,0.0,44688 ,CIN 
719,Thomas Harrington ,7.9,6,0,0,4.72,1.44,4,9,3,1,3,1,0,0,0.0,0.0,0.0,46309 ,PIT 
720,Keagan Gillies ,1.4,1,0,0,6.47,1.44,1,2,1,0,2,0,0,0,0.0,0.0,0.0,7354108,BAL 
721,Touki Toussaint ,4.9,5,0,0,4.63,1.65,3,5,3,1,3,1,0,0,0.0,0.0,0.0,5732 d,LAA 
722,Camden Minacci ,1.5,2,0,0,5.94,1.65,1,2,1,0,2,0,0,0,0.0,0.0,0.0,47836 ,LAA 
723,Matt Cronin ,1.5,2,0,0,6.21,1.72,1,2,1,0,2,0,0,0,0.0,0.0,0.0,22319 ,SEA 
724,Tyler Baum ,1.4,1,0,0,6.23,1.73,1,2,1,0,2,0,0,0,0.0,0.0,0.0,43954 ,ATH 
725,Eddy Yean ,1.5,1,0,0,5.88,1.63,1,2,1,0,2,0,0,0,0.0,0.0,0.0,44092 ,PIT 
726,Dax Fulton ,3.5,3,0,0,5.08,1.55,2,4,2,1,1,1,0,0,0.0,0.0,0.0,43820 ,MIA 
727,Brandon Hughes ,1.5,2,0,0,6.06,1.68,1,2,1,0,2,0,0,0,0.0,0.0,0.0,45160 ,RP) FA
728,Justin Yeager ,1.3,1,0,0,6.69,1.49,1,2,1,0,2,0,0,0,0.0,0.0,0.0,46757 ,MIL 
729,Taylor Floyd ,1.5,1,0,0,5.88,1.63,1,2,1,0,2,0,0,0,0.0,0.0,0.0,46786 ,SEA 
730,Doug Nikhazy ,12.8,11,0,0,4.65,1.53,7,12,7,2,10,1,1,0,0.0,0.0,0.0,44731 ,CLE 
731,Robert Kwiatkowski ,1.8,1,0,0,5.00,1.67,1,2,1,0,2,0,0,0,0.0,0.0,0.0,45986 ,CHC 
732,Tyler Owens ,4.9,4,0,0,4.62,1.64,3,6,3,1,5,0,0,0,0.0,0.0,0.0,48370 ,RP) FA
733,Braden Nett ,3.8,3,0,0,4.77,1.59,2,4,2,1,2,1,0,0,0.0,0.0,0.0,46577 ,ATH 
734,Peyton Alford ,1.4,1,0,0,6.50,1.44,1,1,1,0,2,0,0,0,0.0,0.0,0.0,45640 ,SEA 
735,Dylan Covey ,1.8,1,0,0,5.07,1.69,1,2,1,0,2,0,0,0,0.0,0.0,0.0,4999 d,ATL 
736,Michael Flynn ,1.5,2,0,0,6.19,1.72,1,2,1,0,2,0,0,0,0.0,0.0,0.0,47586 ,TB 
737,Aaron Wilkerson ,8.8,7,0,0,4.79,1.37,5,9,3,1,6,1,0,0,0.0,0.0,0.0,6432 d,STL 
738,Alaska Abney ,1.5,1,0,0,6.08,1.69,1,2,1,0,2,0,0,0,0.0,0.0,0.0,47725 ,CLE 
739,Genesis Cabrera ,11.6,10,0,0,4.67,1.47,6,11,5,2,12,0,1,0,0.0,0.0,0.0,8037 d,MIN 
740,Owen White ,5.1,4,0,0,5.01,1.45,3,5,2,1,6,0,0,0,0.0,0.0,0.0,44901 ,CWS 
741,Seth Johnson ,7.7,7,0,0,4.81,1.45,4,8,4,1,8,0,1,0,0.0,0.0,0.0,23841 ,PHI 
742,Ben Bowden ,11.5,11,0,0,4.81,1.51,6,11,6,2,12,0,1,0,0.0,0.0,0.0,8507 d,ATH 
743,Wade Miley ,7.0,5,0,0,5.00,1.44,4,7,2,1,4,1,0,0,0.0,0.0,0.0,4000 d,CIN 
744,Moises Chace ,2.9,3,0,0,4.71,1.75,2,3,2,0,1,1,0,0,0.0,0.0,0.0,7354804,PHI 
745,Carlos Duran ,2.3,2,0,0,5.92,1.54,2,3,1,0,1,1,0,0,0.0,0.0,0.0,44614 ,ATH 
746,Jesse Scholtens ,2.7,2,0,0,5.57,1.44,2,3,1,1,3,0,0,0,0.0,0.0,0.0,10244 ,TB 
747,Tyler Phillips ,12.5,9,0,0,4.88,1.51,7,14,4,2,13,0,1,0,0.01,0.01,0.0,39151 ,MIA 
748,Clay Helvey ,1.6,1,0,0,5.63,1.88,1,2,1,0,2,0,0,0,0.0,0.0,0.0,47488 ,WSH 
749,Julio Rodriguez ,1.2,1,0,0,7.29,1.62,1,1,1,0,1,0,0,0,0.0,0.0,0.0,7354878,HOU 
750,Wyatt Mills ,1.7,1,0,0,5.25,1.75,1,2,1,0,2,0,0,0,0.0,0.0,0.0,44058 ,RP) FA
751,Elvin Rodriguez ,9.0,7,0,0,5.50,1.49,6,10,3,2,9,0,1,0,0.0,0.0,0.0,8634 d,BAL 
752,Wesley Moore ,1.5,1,0,0,6.12,1.70,1,2,1,0,2,0,0,0,0.0,0.0,0.0,46707 ,PHI 
753,Gabriel Hughes ,8.3,6,0,0,5.34,1.52,5,9,3,1,8,0,1,0,0.0,0.0,0.0,46289 ,COL 
754,Kelvin Caceres ,1.4,2,0,0,6.57,1.82,1,2,1,0,2,0,0,0,0.0,0.0,0.0,46802 ,LAA 
755,Chris Flexen ,4.1,3,0,0,4.98,1.44,2,4,1,1,1,1,0,0,0.01,0.01,0.0,6543 d,"SP,RP) FA"
756,Andry Lara ,8.6,6,0,0,4.91,1.41,5,9,3,1,9,0,1,0,0.0,0.0,0.0,7354826,WSH 
757,Jared Shuster ,7.7,6,0,0,4.91,1.44,4,8,3,1,8,0,0,0,0.0,0.0,0.0,43875 ,ATH 
758,Robby Ahlstrom ,1.4,1,0,0,6.47,1.80,1,2,1,0,2,0,0,0,0.0,0.0,0.0,45984 ,TEX 
759,William Kempner ,7.8,7,0,0,4.90,1.60,4,8,4,1,8,0,0,0,0.0,0.0,0.0,7354943,MIA 
760,Randy Vasquez ,7.1,5,0,0,5.23,1.54,4,8,3,1,1,1,0,0,0.02,0.02,0.01,44895 ,SD 
761,Eric Adler ,1.4,1,0,0,6.29,1.75,1,2,1,0,2,0,0,0,0.0,0.0,0.0,46778 ,CWS 
762,Antoine Kelly ,1.4,1,0,0,6.32,1.75,1,2,1,0,2,0,0,0,0.0,0.0,0.0,43706 ,COL 
763,Travis Kuhn ,1.4,1,0,0,6.32,1.75,1,2,1,0,2,0,0,0,0.0,0.0,0.0,45499 ,PHI 
764,Hunter Strickland ,8.3,6,0,0,5.08,1.45,5,8,4,1,9,0,0,0,0.0,0.0,0.0,5324 d,LAA 
765,Randy Labaut ,1.6,1,0,0,5.59,1.86,1,2,1,0,2,0,0,0,0.0,0.0,0.0,45687 ,PIT 
766,Michael Hobbs ,1.4,1,0,0,6.64,1.85,1,2,1,0,2,0,0,0,0.0,0.0,0.0,7354087,NYM 
767,Thaddeus Ward ,3.8,3,0,0,4.74,1.71,2,4,3,1,3,1,0,0,0.0,0.0,0.0,43729 ,BAL 
768,Nolan Clenney ,1.7,1,0,0,5.45,1.82,1,2,1,0,2,0,0,0,0.0,0.0,0.0,47463 ,CHC 
769,Kenyon Yovan ,1.4,1,0,0,6.45,1.79,1,2,1,0,2,0,0,0,0.0,0.0,0.0,47130 ,LAA 
770,Dugan Darnell ,11.9,11,0,0,4.83,1.50,6,12,5,2,12,0,0,0,0.0,0.0,0.0,47341 ,COL 
771,Hayden Seig ,1.6,1,0,0,5.59,1.86,1,2,1,0,2,0,0,0,0.0,0.0,0.0,7354025,LAA 
772,Adisyn Coffey ,1.4,1,0,0,6.47,1.80,1,2,1,0,2,0,0,0,0.0,0.0,0.0,7354056,CWS 
773,Kevin Gowdy ,1.3,1,0,0,6.77,1.88,1,2,1,0,2,0,0,0,0.0,0.0,0.0,6913 d,TOR 
774,Tristan Garnett ,1.4,1,0,0,6.52,1.81,1,2,1,0,2,0,0,0,0.0,0.0,0.0,47288 ,PHI 
775,Tyler Zuber ,11.2,11,0,0,5.12,1.56,6,12,5,2,12,0,1,0,0.0,0.0,0.0,43624 ,MIA 
776,Jake Palisch ,2.7,1,0,0,5.09,1.70,2,4,1,0,1,1,0,0,0.0,0.0,0.0,46641 ,CWS 
777,Zach Brzykcy ,9.2,9,0,0,4.92,1.48,5,9,4,1,10,0,1,0,0.0,0.0,0.0,45269 ,WSH 
778,Trace Bright ,3.9,3,0,0,5.79,1.54,3,4,2,1,2,1,1,0,0.0,0.0,0.0,47055 ,BAL 
779,Michael Mercado ,5.4,5,0,0,5.22,1.59,3,6,3,1,5,0,0,0,0.0,0.0,0.0,7462 d,PHI 
780,Caleb Freeman ,3.2,3,0,0,5.66,1.73,2,4,2,1,3,0,0,0,0.0,0.0,0.0,44454 ,CWS 
781,Cade Gibson ,11.1,8,0,0,4.74,1.53,6,12,4,1,11,0,1,0,0.0,0.0,0.0,46740 ,MIA 
782,Cam Sanders ,6.0,6,0,0,5.10,1.63,3,6,4,1,6,0,0,0,0.0,0.0,0.0,45166 ,PIT 
783,Eduarniel Nunez ,9.3,8,0,0,4.70,1.62,5,9,6,1,10,0,0,0,0.0,0.0,0.0,7354819,ATH 
784,Eduardo Salazar ,8.6,6,0,0,4.64,1.53,4,9,4,1,9,0,0,0,0.0,0.0,0.0,44482 ,WSH 
785,Devereaux Harrison ,3.3,3,0,0,6.81,1.51,3,4,2,1,1,1,0,0,0.0,0.0,0.0,46609 ,TOR 
786,Evan Justice ,3.7,3,0,0,5.38,1.78,2,4,3,0,4,0,0,0,0.0,0.0,0.0,48208 ,COL 
787,Sam Aldegheri ,6.9,5,0,0,5.12,1.51,4,7,3,1,3,1,1,0,0.0,0.0,0.0,47811 ,LAA 
788,Randy Wynne ,2.9,2,0,0,6.16,1.71,2,4,1,1,1,1,0,0,0.0,0.0,0.0,45657 ,CIN 
789,Casey Kelly ,11.9,7,0,0,5.71,1.63,8,14,4,2,9,1,0,0,0.0,0.0,0.0,3168 d,ARI 
790,Jose Urena ,16.0,11,1,0,5.20,1.58,9,18,6,2,11,1,1,0,0.0,0.0,0.0,5190 d,MIN 
791,Wikelman Gonzalez ,8.2,8,0,0,4.79,1.55,4,7,5,1,8,0,0,0,0.0,0.0,0.0,45333 ,CWS 
792,Ryan Rolison ,10.2,7,0,0,5.29,1.59,6,12,4,2,10,0,1,0,0.0,0.0,0.0,7482 d,COL 
793,Carson Palmquist ,8.6,8,0,0,5.17,1.59,5,9,4,1,8,0,1,0,0.0,0.0,0.0,46365 ,COL 
794,Austin Gomber ,36.2,24,2,0,5.57,1.49,22,42,10,7,7,7,3,0,0.01,0.01,0.0,6257 d,COL 
795,Anthony Molina ,13.1,9,0,0,5.17,1.53,8,16,4,2,11,0,1,0,0.0,0.0,0.0,46960 ,COL 
796,Chase Dollander ,31.6,27,1,0,5.20,1.54,18,33,14,5,7,6,2,0,0.01,0.02,0.01,47240 ,COL 
797,Luis Peralta ,11.3,11,0,0,5.26,1.64,7,11,6,2,12,0,1,0,0.0,0.0,0.0,7354813,COL 
798,Victor Mederos ,21.9,16,1,0,5.30,1.59,13,23,10,3,11,3,1,0,0.0,0.0,0.0,7272 d,LAA 
801,Bradley Blalock ,13.0,8,0,0,5.71,1.64,8,15,5,2,8,1,1,0,0.0,0.0,0.0,44601 ,COL 
803,Antonio Senzatela ,29.9,17,1,0,5.58,1.59,19,37,10,5,6,6,3,0,0.01,0.01,0.0,5930 d,COL 
 ,Justin Lawrence ,7.0,7,0,0,3.91,1.42,3,6,3,1,7,0,0,0,0.0,0.0,0.0,8169 d,PIT 
 ,Tanner Dodson ,3.0,2,0,0,4.55,1.68,2,3,2,0,3,0,0,0,0.0,0.0,0.0,11356 ,ATH 
