VBR,Player,IP,K,W,SV,ERA,WHIP,ER,H,BB,HR,G,GS,L,CG,Rost,Yahoo,ESPN,PlayerId,Team
1,Shohei Ohtani ,12.4,15,1,0,3.21,1.18,4,10,4,1,2,2,1,0,1.0,0.0,1.0,7354 d,LAD 
2,Tarik Skubal ,42.4,52,3,0,2.86,1.04,14,33,9,5,7,7,1,0,0.99,0.99,0.99,43633 ,LAD 
3,Paul Skenes ,43.6,51,3,0,3.00,1.13,15,35,12,4,7,7,2,0,0.99,0.99,1.0,47239 ,PIT 
4,Cristopher Sanchez ,47.3,49,3,0,3.04,1.16,16,42,12,4,8,8,2,0,0.99,0.99,1.0,39312 ,PHI 
5,Jacob Misiorowski ,41.7,58,3,0,3.06,1.16,14,30,16,5,8,8,2,0,0.99,0.98,1.0,46366 ,MIL 
6,Jacob deGrom ,42.7,49,3,0,3.38,1.09,16,35,11,6,8,8,2,0,0.98,0.99,0.97,4850 d,TEX 
7,Chris Sale ,42.4,51,3,0,3.17,1.16,15,35,11,4,7,7,2,0,0.99,0.99,1.0,3207 d,ATL 
8,Zack Wheeler ,43.8,50,3,0,3.33,1.14,16,36,12,5,7,7,2,0,0.98,0.97,0.99,4603 d,PHI 
9,Dylan Cease ,44.9,58,3,0,3.32,1.20,17,35,18,5,8,8,2,0,0.99,0.99,0.99,6848 d,TOR 
10,Logan Gilbert ,43.9,48,3,0,3.53,1.13,17,37,11,6,8,8,2,0,0.99,0.99,0.99,7453 d,SEA 
11,Jesus Luzardo ,45.6,52,3,0,3.41,1.20,17,38,14,5,8,8,2,0,0.98,0.98,0.98,6889 d,PHI 
12,Yoshinobu Yamamoto ,41.4,43,3,0,3.40,1.15,16,35,12,4,7,7,2,0,0.99,0.99,1.0,48250 ,LAD 
13,Bryan Woo ,41.8,42,3,0,3.54,1.13,16,36,9,5,7,7,2,0,0.96,0.98,0.95,47011 ,SEA 
14,Drew Rasmussen ,42.4,42,3,0,3.46,1.16,16,37,10,5,8,8,2,0,0.95,0.95,0.94,43665 ,TB 
15,Cam Schlittler ,41.2,47,3,0,3.48,1.21,16,35,13,5,7,7,2,0,0.99,0.98,0.99,7355019,NYY 
16,Max Fried ,44.3,41,3,0,3.36,1.23,17,39,14,4,7,7,2,0,0.99,0.99,0.98,4729 d,NYY 
17,Mason Miller ,15.4,25,1,8,2.10,0.99,4,9,6,1,17,0,1,0,0.99,0.99,1.0,45221 ,SD 
18,Gavin Williams ,43.5,50,3,0,3.61,1.25,17,37,16,6,8,8,2,0,0.96,0.96,0.97,44694 ,CLE 
19,Logan Webb ,49.6,43,3,0,3.58,1.27,20,48,13,4,8,8,3,0,0.96,0.97,0.95,8146 d,SF 
20,Hunter Brown ,44.5,48,3,0,3.60,1.27,18,38,17,5,8,8,2,0,0.94,0.96,0.92,44176 ,HOU 
21,Blake Snell ,36.0,45,3,0,3.43,1.24,14,28,15,4,6,6,1,0,0.85,0.9,0.8,5835 d,LAD 
22,Kevin Gausman ,44.9,44,3,0,3.83,1.23,19,41,13,6,8,8,2,0,0.91,0.95,0.87,4671 d,CHC 
23,Gerrit Cole ,44.5,45,3,0,3.96,1.21,20,40,12,7,8,8,2,0,0.91,0.91,0.9,4656 d,NYY 
24,George Kirby ,43.9,41,3,0,3.82,1.22,19,42,9,5,8,8,2,0,0.95,0.97,0.92,20405 ,SEA 
25,Ranger Suarez ,43.7,41,3,0,3.61,1.27,18,42,13,4,8,8,2,0,0.8,0.86,0.74,7247 d,BOS 
26,Shota Imanaga ,43.5,41,3,0,4.10,1.18,20,40,10,8,8,8,2,0,0.88,0.92,0.85,6979 d,CHC 
27,Braxton Ashcraft ,40.7,41,3,0,3.65,1.27,17,38,12,4,7,7,2,0,0.85,0.85,0.85,47807 ,PIT 
28,Sonny Gray ,43.5,43,3,0,3.86,1.26,19,41,12,5,8,8,2,0,0.96,0.97,0.94,4755 d,BOS 
29,Cade Smith ,16.2,21,1,8,2.94,1.13,5,12,5,1,17,0,1,0,0.98,0.98,0.97,45654 ,CLE 
30,Bryce Miller ,41.4,40,3,0,3.99,1.22,18,38,12,6,10,7,2,0,0.55,0.59,0.5,45184 ,SEA 
31,Chase Burns ,40.4,47,2,0,3.74,1.23,17,34,14,5,8,8,2,0,0.98,0.98,0.98,44722 ,CIN 
32,Nolan McLean ,40.6,43,3,0,3.66,1.32,17,35,16,4,7,7,2,0,0.95,0.98,0.93,47159 ,NYM 
33,Jhoan Duran ,15.2,19,1,7,2.61,1.14,4,12,5,1,16,0,1,0,0.95,0.97,0.94,8034 d,PHI 
34,Josh Hader ,14.6,20,1,8,3.15,1.12,5,10,6,2,16,0,1,0,0.88,0.92,0.83,5047 d,HOU 
35,David Bednar ,15.5,18,1,9,3.26,1.18,6,12,5,2,17,0,1,0,0.92,0.96,0.87,8451 d,NYY 
36,Aroldis Chapman ,15.0,20,1,8,2.95,1.21,5,11,7,1,16,0,1,0,0.95,0.97,0.92,3068 d,BOS 
37,Casey Mize ,41.1,38,3,0,3.99,1.26,18,39,12,5,8,8,2,0,0.48,0.62,0.35,7399 d,SD 
38,MacKenzie Gore ,42.7,46,3,0,3.97,1.31,19,38,16,5,8,8,2,0,0.7,0.81,0.6,7146 d,TEX 
39,Payton Tolle ,36.1,39,2,0,3.77,1.22,15,32,11,5,7,7,2,0,0.75,0.81,0.69,7354435,BOS 
40,Grant Taylor ,19.1,23,1,6,3.05,1.21,6,15,7,2,20,0,1,0,0.22,0.29,0.15,47161 ,CWS 
41,Andres Munoz ,14.6,19,1,7,2.92,1.20,5,11,6,1,15,0,1,0,0.88,0.95,0.81,24281 ,SEA 
42,Framber Valdez ,46.7,40,3,0,3.80,1.35,20,44,16,4,8,8,3,0,0.79,0.87,0.71,7627 d,DET 
43,Jose Soriano ,40.1,39,3,0,3.67,1.36,16,35,18,4,7,7,2,0,0.85,0.88,0.83,7899 d,TOR 
44,Reid Detmers ,42.0,46,2,0,4.01,1.27,19,37,15,6,8,8,3,0,0.61,0.67,0.54,43840 ,LAA 
45,Freddy Peralta ,44.4,45,3,0,4.15,1.31,20,39,17,6,8,8,3,0,0.76,0.81,0.71,7274 d,TB 
46,Eury Perez ,37.2,41,2,0,3.91,1.25,16,31,14,5,7,7,2,0,0.85,0.92,0.79,44610 ,MIA 
47,Matthew Boyd ,40.0,36,3,0,4.01,1.29,18,38,12,5,7,7,2,0,0.7,0.79,0.62,5003 d,CHC 
48,Bryan Baker ,16.1,18,1,8,3.66,1.21,7,13,6,2,17,0,1,0,0.81,0.84,0.78,43674 ,TB 
49,Kyle Bradish ,42.7,42,3,0,3.94,1.34,19,39,16,5,8,8,2,0,0.8,0.91,0.69,39964 ,BAL 
50,Logan Henderson ,31.4,35,2,0,3.95,1.19,14,27,9,5,8,6,2,0,0.69,0.77,0.6,45145 ,MIL 
51,Shane McClanahan ,35.1,34,2,0,3.76,1.25,15,31,11,4,7,7,2,0,0.64,0.84,0.45,7487 d,TB 
52,Louis Varland ,15.1,16,1,7,3.38,1.19,6,13,4,2,16,0,1,0,0.85,0.85,0.84,44936 ,TOR 
53,Christian Scott ,34.3,37,2,0,3.86,1.25,15,30,12,5,7,7,2,0,0.21,0.31,0.1,45298 ,NYM 
54,Raisel Iglesias ,16.0,17,1,7,3.75,1.19,7,14,4,2,17,0,1,0,0.87,0.92,0.82,5589 d,ATL 
55,Parker Messick ,38.9,38,2,0,3.82,1.30,17,36,12,5,7,7,2,0,0.93,0.92,0.95,46317 ,CLE 
56,Tyler Glasnow ,24.8,30,2,0,3.66,1.20,10,20,9,3,4,4,1,0,0.84,0.9,0.78,4587 d,LAD 
57,Michael King ,42.9,41,3,0,4.09,1.35,20,39,17,6,8,8,3,0,0.88,0.92,0.85,8489 d,SD 
58,Sandy Alcantara ,46.8,38,3,0,4.22,1.32,22,46,14,5,8,8,3,0,0.93,0.94,0.91,7109 d,MIA 
59,Trevor Megill ,15.0,18,1,5,3.24,1.18,5,12,5,2,16,0,1,0,0.71,0.84,0.57,10118 ,MIL 
60,Sean Manaea ,42.6,42,3,0,4.31,1.32,20,39,14,6,8,8,2,0,0.2,0.3,0.1,4944 d,NYM 
61,Edwin Diaz ,14.1,19,1,6,3.49,1.21,5,11,6,2,15,0,1,0,0.73,0.83,0.63,5996 d,LAD 
62,Trevor Rogers ,42.1,36,3,0,4.14,1.33,19,41,13,5,8,8,3,0,0.65,0.8,0.49,6995 d,BAL 
63,Kyle Harrison ,34.9,39,2,0,4.00,1.29,16,31,12,5,7,7,2,0,0.8,0.87,0.73,43921 ,MIL 
64,Jared Jones ,35.0,36,2,0,3.92,1.30,15,32,12,5,9,7,2,0,0.25,0.34,0.16,43901 ,PIT 
65,Cade Cavalli ,39.7,39,2,0,3.89,1.34,17,37,13,4,7,7,2,0,0.56,0.69,0.43,43871 ,WSH 
66,Dustin May ,39.7,39,2,0,4.00,1.32,18,35,15,5,7,7,2,0,0.29,0.38,0.19,7413 d,MIL 
67,Pete Fairbanks ,13.9,15,1,7,3.59,1.30,6,12,6,2,15,0,1,0,0.57,0.7,0.43,19909 ,MIA 
68,Will Warren ,41.8,41,3,0,4.28,1.35,20,40,15,6,10,7,2,0,0.45,0.51,0.4,46420 ,NYY 
69,Foster Griffin ,39.9,37,2,0,4.09,1.30,18,38,11,5,7,7,2,0,0.78,0.79,0.77,7531 d,CLE 
70,Ian Seymour ,35.6,36,2,0,4.11,1.28,16,32,12,5,9,6,2,0,0.48,0.59,0.36,44903 ,TB 
71,Ryan Weathers ,29.7,30,2,0,3.86,1.27,13,27,10,4,11,4,2,0,0.53,0.63,0.43,7484 d,NYY 
72,Jacob Latz ,14.9,16,1,7,3.81,1.30,6,12,7,2,16,0,1,0,0.64,0.68,0.59,44337 ,TEX 
73,Michael Wacha ,44.9,35,3,0,4.34,1.32,22,45,13,6,8,8,3,0,0.6,0.62,0.58,4584 d,KC 
74,Emilio Pagan ,15.8,17,1,7,4.18,1.26,7,14,6,3,17,0,1,0,0.64,0.74,0.54,7143 d,CIN 
75,Taj Bradley ,42.0,43,2,0,4.16,1.33,19,38,16,6,7,7,2,0,0.73,0.78,0.67,44442 ,MIN 
76,Shane Baz ,43.9,40,3,0,4.28,1.36,21,42,16,6,8,8,3,0,0.43,0.55,0.31,7158 d,BAL 
77,Troy Melton ,40.0,36,2,0,4.15,1.30,18,38,13,5,9,7,2,0,0.75,0.77,0.72,46923 ,DET 
78,Tanner Bibee ,41.4,37,2,0,4.17,1.31,19,40,12,6,7,7,3,0,0.72,0.81,0.64,45056 ,CLE 
79,Aaron Nola ,41.7,41,2,0,4.38,1.30,20,40,13,7,7,7,2,0,0.43,0.48,0.37,5682 d,PHI 
80,Tanner Scott ,14.7,18,1,3,3.29,1.21,5,12,5,2,16,0,1,0,0.36,0.43,0.3,7328 d,LAD 
81,Daniel Palencia ,13.2,15,1,6,3.72,1.31,5,11,6,1,13,0,1,0,0.45,0.59,0.32,44792 ,CHC 
82,Sean Burke ,43.2,44,2,0,4.25,1.35,20,39,17,6,8,8,3,0,0.81,0.84,0.78,44752 ,CWS 
83,Riley O'Brien ,15.3,16,1,7,3.78,1.43,6,14,7,1,16,0,1,0,0.71,0.78,0.65,8620 d,STL 
84,Michael Soroka ,35.8,34,2,0,4.10,1.33,16,33,12,4,8,6,2,0,0.61,0.71,0.52,6950 d,ARI 
85,Joey Cantillo ,37.6,40,2,0,4.06,1.37,17,34,16,5,9,7,2,0,0.33,0.44,0.23,43689 ,CLE 
86,Carlos Rodon ,31.4,33,2,0,4.16,1.31,14,27,13,4,6,6,2,0,0.68,0.83,0.53,5674 d,NYY 
87,Adrian Morejon ,15.4,17,1,1,2.98,1.17,5,13,5,1,17,0,1,0,0.18,0.2,0.15,25391 ,SD 
88,Luke Weaver ,15.0,15,1,5,3.89,1.27,7,13,5,2,16,0,1,0,0.2,0.28,0.11,6196 d,PIT 
89,Joe Ryan ,22.3,24,1,0,3.80,1.16,9,20,5,3,4,4,1,0,0.93,0.95,0.91,43688 ,MIN 
90,Clay Holmes ,36.3,30,2,0,3.78,1.38,15,34,14,3,6,6,2,0,0.31,0.38,0.23,6584 d,CHC 
91,Dylan Lee ,15.2,18,1,1,3.29,1.13,6,12,5,2,16,0,1,0,0.23,0.25,0.21,8426 d,ATL 
92,Landen Roupp ,38.5,37,2,0,3.96,1.39,17,36,17,4,7,7,2,0,0.32,0.38,0.26,47041 ,SF 
93,Kenley Jansen ,14.5,15,1,6,4.20,1.31,7,12,6,2,15,0,1,0,0.55,0.71,0.38,3630 d,DET 
94,Drew Anderson ,29.8,32,2,0,4.04,1.34,13,27,12,4,8,5,2,0,0.01,0.02,0.01,6595 d,DET 
95,Edward Cabrera ,31.2,31,2,0,4.20,1.33,15,28,13,4,6,6,2,0,0.32,0.44,0.21,39222 ,CHC 
96,Cody Bradford ,31.0,25,2,0,4.35,1.27,15,30,8,4,11,5,2,0,0.05,0.08,0.03,45173 ,TEX 
97,Noah Cameron ,40.1,35,2,0,4.26,1.35,19,40,13,5,7,7,2,0,0.36,0.47,0.25,47086 ,KC 
98,Connor Prielipp ,32.8,33,2,0,4.08,1.37,15,31,12,4,10,6,2,0,0.05,0.07,0.03,46293 ,MIN 
99,Tyler Mahle ,37.1,34,2,0,4.24,1.35,17,35,14,5,7,7,2,0,0.18,0.27,0.09,6637 d,ATL 
100,Luis Castillo ,44.6,39,2,0,4.43,1.34,22,44,14,7,8,8,3,0,0.55,0.62,0.47,3679 d,CWS 
101,Nick Pivetta ,21.7,24,1,0,3.94,1.20,10,18,7,3,4,4,1,0,0.6,0.68,0.52,6590 d,SD 
102,Emerson Hancock ,39.9,34,2,0,4.31,1.35,19,39,12,6,9,7,2,0,0.7,0.75,0.66,43825 ,SEA 
103,Devin Williams ,7.7,10,1,4,3.32,1.20,3,6,3,1,8,0,0,0,0.71,0.78,0.63,27766 ,NYM 
104,Clayton Beeter ,14.6,16,1,6,4.11,1.45,7,12,8,2,15,0,1,0,0.11,0.17,0.05,43817 ,WSH 
105,Hayden Wesneski ,31.4,28,2,0,4.31,1.32,15,30,10,5,12,5,2,0,0.15,0.22,0.07,44900 ,HOU 
106,Jake Bennett ,36.1,27,2,0,4.20,1.34,17,37,10,4,11,7,2,0,0.4,0.48,0.32,46372 ,BOS 
107,Jack Flaherty ,24.9,27,2,0,4.18,1.33,12,22,10,3,5,5,2,0,0.39,0.47,0.31,6021 d,DET 
108,Garrett Cleavinger ,15.1,19,1,1,3.45,1.24,6,11,6,2,16,0,1,0,0.09,0.13,0.05,39173 ,TB 
109,Jeff Hoffman ,13.9,18,1,2,3.49,1.28,5,11,6,2,15,0,1,0,0.48,0.56,0.39,6014 d,MIN 
110,Yennier Cano ,14.6,13,1,4,3.66,1.36,6,14,5,1,16,0,1,0,0.05,0.08,0.02,45875 ,BAL 
111,Matthew Liberatore ,41.2,37,2,0,4.36,1.37,20,41,14,6,12,7,3,0,0.07,0.1,0.04,7459 d,STL 
112,Gage Jump ,34.3,35,2,0,4.28,1.38,16,32,13,5,7,7,2,0,0.13,0.17,0.09,44719 ,ATH 
113,Abner Uribe ,14.2,16,1,2,3.34,1.31,5,11,6,1,15,0,1,0,0.51,0.55,0.48,45146 ,MIL 
114,Ben Joyce ,14.2,16,1,4,3.73,1.40,6,12,7,1,15,0,1,0,0.05,0.07,0.02,46588 ,LAA 
115,Nick Martinez ,43.9,30,2,0,4.47,1.32,22,46,11,6,8,8,3,0,0.68,0.68,0.68,4928 d,TB 
116,Mason Montgomery ,15.0,19,1,2,3.52,1.33,6,13,6,2,15,0,1,0,0.06,0.1,0.03,46140 ,PIT 
117,Yusei Kikuchi ,30.6,31,2,0,4.29,1.36,15,29,12,4,6,6,2,0,0.07,0.08,0.07,7015 d,LAA 
118,Jeremiah Estrada ,15.2,21,1,0,3.42,1.23,6,11,7,2,15,0,1,0,0.06,0.06,0.07,46471 ,SD 
119,Griffin Jax ,18.0,21,1,0,3.61,1.24,7,16,6,2,7,3,1,0,0.44,0.47,0.41,43669 ,TB 
120,Shane Drohan ,27.5,26,2,0,4.20,1.35,13,26,11,4,8,5,2,0,0.19,0.29,0.1,43986 ,MIL 
121,Roki Sasaki ,34.5,35,2,0,4.33,1.38,17,32,14,5,10,6,2,0,0.52,0.64,0.39,7354019,LAD 
122,Andrew Kittredge ,14.9,14,1,3,3.97,1.28,7,14,4,2,16,0,1,0,0.04,0.06,0.02,6556 d,BAL 
123,Dean Kremer ,37.0,33,2,0,4.44,1.35,18,36,12,5,7,7,2,0,0.06,0.09,0.03,7918 d,MIN 
124,Kyle Leahy ,41.2,35,2,0,4.26,1.39,20,41,14,5,10,7,2,0,0.31,0.39,0.23,47196 ,STL 
125,Bryan Abreu ,14.8,19,1,1,3.45,1.29,6,11,7,2,16,0,1,0,0.28,0.24,0.33,8384 d,HOU 
126,Jacob Webb ,14.2,14,1,3,3.97,1.28,6,12,5,2,16,0,1,0,0.17,0.25,0.09,8371 d,CHC 
127,Nathan Eovaldi ,18.4,18,1,0,3.73,1.21,8,17,5,2,3,3,1,0,0.85,0.89,0.81,4423 d,TEX 
128,Kumar Rocker ,38.7,34,2,0,4.37,1.37,19,38,14,5,9,7,2,0,0.09,0.13,0.06,6919 d,TEX 
129,Steven Cruz ,14.7,15,1,4,4.11,1.36,7,13,6,2,16,0,1,0,0.03,0.06,0.01,45814 ,KC 
130,Nick Lodolo ,38.5,36,2,0,4.40,1.38,19,37,12,6,7,7,2,0,0.52,0.63,0.42,6953 d,CIN 
131,Eduardo Rodriguez ,42.5,34,3,0,4.51,1.41,21,44,15,6,8,8,2,0,0.66,0.68,0.64,3963 d,ARI 
132,Grayson Rodriguez ,34.5,33,2,0,4.35,1.38,17,33,13,5,6,6,2,0,0.05,0.07,0.03,7924 d,LAA 
133,Tyler Wells ,16.0,16,1,0,3.80,1.16,7,14,4,2,16,0,1,0,0.07,0.11,0.03,44081 ,TB 
134,Shane Bieber ,37.8,31,2,0,4.46,1.35,19,38,12,6,7,7,2,0,0.3,0.42,0.19,7178 d,TOR 
135,Bailey Ober ,40.8,32,2,0,4.70,1.31,21,42,10,7,7,7,3,0,0.16,0.17,0.15,44064 ,MIN 
136,Brandyn Garcia ,14.8,14,1,3,3.63,1.39,6,13,6,1,16,0,1,0,0.11,0.17,0.04,7354135,ARI 
137,Tyler Holton ,15.8,13,1,1,3.63,1.24,6,15,4,2,16,0,1,0,0.05,0.09,0.01,45538 ,DET 
138,Justin Wrobleski ,33.5,28,2,0,4.47,1.34,17,34,10,5,8,5,2,0,0.69,0.66,0.72,45412 ,LAD 
139,Brandon Pfaadt ,41.8,33,2,0,4.52,1.35,21,44,11,6,10,7,3,0,0.28,0.36,0.19,44436 ,ARI 
140,Dylan Smith ,15.1,14,1,5,4.16,1.45,7,14,7,2,16,0,1,0,0.01,0.02,0.0,44751 ,SF 
141,Reynaldo Lopez ,26.6,25,2,0,4.29,1.36,13,25,10,3,10,4,1,0,0.09,0.13,0.05,6012 d,ATL 
142,Zebby Matthews ,32.3,29,2,0,4.47,1.35,16,33,9,5,9,5,2,0,0.04,0.05,0.03,48349 ,MIN 
143,Hogan Harris ,15.3,16,1,5,4.21,1.47,7,14,8,2,16,0,1,0,0.09,0.13,0.05,46489 ,ATH 
144,Garrett Whitlock ,11.3,12,1,0,3.30,1.11,4,9,3,1,12,0,0,0,0.18,0.22,0.15,7916 d,BOS 
145,Janson Junk ,38.3,28,2,0,4.49,1.34,19,41,9,5,9,7,3,0,0.03,0.04,0.02,44817 ,MIA 
146,Justin Slaten ,15.3,16,1,1,3.77,1.26,6,14,5,2,16,0,1,0,0.03,0.05,0.01,44581 ,BOS 
147,Michael McGreevy ,39.6,27,2,0,4.41,1.35,19,42,10,5,7,7,3,0,0.23,0.27,0.18,44689 ,STL 
148,Kevin Kelly ,15.8,13,1,1,3.67,1.25,6,15,4,2,17,0,1,0,0.16,0.18,0.13,45797 ,TB 
149,Jose A. Ferrer ,15.4,14,1,1,3.44,1.30,6,14,5,1,16,0,1,0,0.02,0.03,0.01,46493 ,SEA 
150,Jack Leiter ,27.5,26,2,0,4.38,1.36,13,25,11,4,5,5,2,0,0.12,0.13,0.11,43712 ,TEX 
151,Kodai Senga ,22.0,23,1,2,4.02,1.39,10,19,10,3,16,1,1,0,0.1,0.14,0.06,6917 d,NYM 
152,Patrick Sandoval ,34.7,31,2,0,4.13,1.43,16,34,15,4,11,6,2,0,0.08,0.13,0.03,8031 d,BOS 
153,Jordan Romano ,13.6,14,1,6,4.72,1.47,7,13,6,2,14,0,1,0,0.08,0.11,0.05,7647 d,COL 
154,Yoendrys Gomez ,14.8,14,1,5,4.45,1.43,7,14,7,2,15,0,1,0,0.24,0.34,0.14,43698 ,MIN 
155,Justin Martinez ,11.1,14,1,2,3.30,1.37,4,8,6,1,11,0,1,0,0.04,0.08,0.01,46494 ,ARI 
156,Brent Headrick ,14.8,17,1,0,3.61,1.24,6,13,5,2,16,0,1,0,0.13,0.17,0.09,46412 ,NYY 
157,Carmen Mlodzinski ,33.6,27,2,0,4.21,1.40,16,34,12,4,11,5,2,0,0.04,0.05,0.03,43808 ,PIT 
158,Davis Martin ,40.3,33,2,0,4.39,1.39,20,40,14,5,7,7,3,0,0.44,0.44,0.45,46142 ,CWS 
159,Gabe Speier ,14.1,15,1,0,3.54,1.22,6,12,4,2,15,0,1,0,0.02,0.03,0.01,31848 ,SEA 
160,Robbie Ray ,43.4,42,2,0,4.59,1.39,22,39,20,7,8,8,3,0,0.77,0.87,0.68,5484 d,SD 
161,Merrill Kelly ,43.2,34,3,0,4.69,1.40,23,44,15,7,8,8,3,0,0.3,0.38,0.21,8374 d,ARI 
162,Tatsuya Imai ,26.5,29,2,0,4.31,1.41,13,23,13,4,12,4,2,0,0.22,0.28,0.15,7356400,HOU 
163,Robert Suarez ,10.3,10,1,1,3.50,1.16,4,9,3,1,11,0,1,0,0.39,0.41,0.38,45030 ,ATL 
164,Alex Vesia ,13.9,18,1,0,3.54,1.27,5,10,7,2,15,0,1,0,0.13,0.17,0.09,43639 ,LAD 
165,Aaron Ashby ,15.8,18,1,0,3.24,1.36,6,13,8,1,17,0,1,0,0.22,0.3,0.15,43700 ,MIL 
166,Kade Anderson ,12.9,14,1,0,3.55,1.21,5,11,4,2,5,2,0,0,0.15,0.22,0.08,7355455,SEA 
167,Spencer Miles ,15.9,15,1,0,3.64,1.26,6,15,5,2,15,0,1,0,0.02,0.03,0.01,7354939,TOR 
168,Sam Hentges ,15.1,15,1,2,3.67,1.40,6,14,7,1,16,0,1,0,0.0,0.0,0.0,8159 d,SF 
169,Gregory Soto ,14.3,16,1,1,3.49,1.37,6,12,6,1,15,0,1,0,0.26,0.3,0.22,7427 d,PIT 
170,Joe Musgrove ,22.0,20,1,0,4.08,1.29,10,21,6,3,4,4,1,0,0.15,0.21,0.08,5883 d,SD 
171,Jack Perkins ,37.5,38,2,0,4.49,1.42,19,35,16,6,9,7,2,0,0.02,0.03,0.01,7355142,ATH 
172,Ronel Blanco ,35.0,33,2,0,4.55,1.39,18,32,15,6,10,6,2,0,0.02,0.03,0.01,44184 ,HOU 
173,Andrew Alvarez ,34.0,27,2,0,4.12,1.44,16,34,14,3,7,7,2,0,0.03,0.04,0.02,7354090,WSH 
174,Kevin Ginkel ,14.3,14,1,2,4.06,1.33,6,13,5,2,15,0,1,0,0.02,0.02,0.01,8447 d,ARI 
175,Jack Dreyer ,13.5,14,1,0,3.67,1.23,5,12,5,2,15,0,1,0,0.02,0.03,0.01,47492 ,LAD 
176,Fernando Cruz ,15.2,20,1,1,3.86,1.37,6,12,8,2,16,0,1,0,0.07,0.09,0.05,45440 ,NYY 
177,Bubba Chandler ,34.9,32,2,0,4.32,1.43,17,33,15,4,7,7,2,0,0.4,0.59,0.22,44682 ,PIT 
178,Max Scherzer ,31.7,29,2,0,4.82,1.33,17,31,10,6,8,6,2,0,0.06,0.09,0.03,3744 d,TOR 
179,Steven Okert ,13.9,15,1,0,3.82,1.23,6,12,5,2,15,0,1,0,0.06,0.1,0.03,5927 d,HOU 
180,Brayan Bello ,25.7,21,2,0,4.23,1.40,12,26,9,3,12,3,2,0,0.07,0.08,0.05,44932 ,BOS 
181,Erik Miller ,15.1,18,1,1,3.45,1.43,6,12,9,1,16,0,1,0,0.03,0.04,0.01,23362 ,BOS 
182,Andre Pallante ,39.6,29,2,0,4.27,1.42,19,41,14,4,7,7,3,0,0.26,0.35,0.18,45747 ,STL 
183,Seranthony Dominguez ,14.1,17,1,0,3.59,1.31,6,11,7,2,15,0,1,0,0.16,0.21,0.1,7177 d,SEA 
184,Garrett Crochet ,8.3,10,1,0,3.29,1.10,3,7,2,1,4,1,0,0,0.84,0.83,0.84,43886 ,BOS 
185,Brandon Young ,30.6,25,2,0,4.48,1.38,15,31,10,4,6,6,2,0,0.25,0.31,0.18,45371 ,BAL 
186,Bennett Sousa ,13.7,15,1,0,3.70,1.27,6,12,5,2,15,0,1,0,0.01,0.01,0.0,43928 ,HOU 
187,Nate Lavender ,13.4,15,1,1,3.72,1.35,6,11,6,2,13,0,1,0,0.0,0.0,0.0,45920 ,NYM 
188,Andrew Abbott ,42.9,36,2,0,4.61,1.39,22,42,16,7,8,8,3,0,0.51,0.61,0.41,44726 ,CIN 
189,Orion Kerkering ,14.3,16,1,0,3.63,1.32,6,12,6,1,15,0,1,0,0.02,0.03,0.01,46918 ,PHI 
190,Jose Alvarado ,13.6,16,1,0,3.54,1.33,5,11,6,1,15,0,1,0,0.01,0.01,0.01,6550 d,PHI 
191,Sean Newcomb ,16.3,15,1,1,3.80,1.37,7,15,7,2,17,0,1,0,0.02,0.02,0.01,5961 d,CWS 
192,Didier Fuentes ,14.6,16,1,0,3.79,1.30,6,13,5,2,15,0,1,0,0.07,0.1,0.03,46939 ,ATL 
193,Ryan Zeferjahn ,14.1,18,1,1,3.80,1.40,6,11,8,2,15,0,1,0,0.05,0.07,0.02,38396 ,CHC 
194,Zac Thornton ,29.8,23,2,0,4.55,1.37,15,30,10,4,6,6,2,0,0.2,0.26,0.13,47920 ,NYM 
195,Emmet Sheehan ,11.8,13,1,0,3.87,1.21,5,10,4,2,6,1,0,0,0.43,0.45,0.41,45411 ,LAD 
196,Jonathan Loaisiga ,14.0,11,1,1,3.66,1.34,6,14,4,1,15,0,1,0,0.0,0.0,0.0,7982 d,ARI 
197,Peter Lambert ,35.0,32,2,0,4.56,1.41,18,34,14,5,9,6,2,0,0.53,0.62,0.43,7473 d,HOU 
198,Hunter Gaddis ,15.3,15,1,1,4.01,1.34,7,14,5,2,16,0,1,0,0.08,0.11,0.06,46133 ,CLE 
199,Robert Gasser ,23.1,22,1,0,4.23,1.33,11,22,7,3,9,3,1,0,0.08,0.11,0.05,45374 ,MIL 
200,Kirby Yates ,12.1,13,1,1,3.79,1.34,5,10,6,1,13,0,1,0,0.02,0.04,0.01,5217 d,PIT 
201,Evan Phillips ,12.1,13,1,0,3.75,1.26,5,11,4,2,13,0,1,0,0.01,0.01,0.0,7989 d,LAD 
202,Caleb Thielbar ,13.1,14,1,0,3.97,1.25,6,11,5,2,15,0,1,0,0.01,0.01,0.0,5363 d,CHC 
203,Erik Sabrowski ,14.3,19,1,0,3.64,1.39,6,10,8,2,15,0,1,0,0.09,0.1,0.07,45037 ,CLE 
204,Tyler Rogers ,15.7,10,1,1,3.77,1.34,7,16,4,2,17,0,1,0,0.19,0.22,0.16,30850 ,TOR 
205,Jonathan Bowlan ,14.4,15,1,0,3.81,1.31,6,13,5,2,15,0,1,0,0.01,0.02,0.01,43701 ,PHI 
206,Michael Petersen ,14.6,15,1,1,3.98,1.36,6,13,6,2,16,0,1,0,0.03,0.05,0.02,44948 ,MIA 
207,Blade Tidwell ,33.1,28,2,0,4.41,1.43,16,32,14,4,10,5,2,0,0.02,0.03,0.01,46292 ,SF 
208,Corbin Burnes ,13.1,13,1,0,3.78,1.28,6,12,4,1,2,2,1,0,0.11,0.17,0.05,7251 d,ARI 
209,Max Meyer ,15.9,16,1,0,3.92,1.32,7,15,6,2,3,3,1,0,0.77,0.76,0.77,43836 ,MIA 
210,Rico Garcia ,14.7,15,1,1,4.14,1.34,7,13,6,2,16,0,1,0,0.12,0.16,0.09,8498 d,BAL 
211,Matt Brash ,10.9,13,1,0,3.31,1.34,4,9,5,1,11,0,1,0,0.03,0.04,0.02,44295 ,SEA 
212,Keider Montero ,38.4,29,2,0,4.61,1.39,20,39,12,5,9,7,2,0,0.28,0.37,0.18,45088 ,DET 
213,Mason Fluharty ,13.8,15,1,0,3.77,1.33,6,12,6,2,15,0,1,0,0.01,0.01,0.0,47364 ,TOR 
214,Seth Lugo ,43.1,35,2,0,4.59,1.41,22,44,15,6,8,8,3,0,0.25,0.26,0.25,5890 d,KC 
215,Jason Foley ,13.6,11,1,1,3.94,1.33,6,13,4,1,14,0,1,0,0.0,0.0,0.0,44012 ,SF 
216,Elvis Alvarado ,15.2,17,1,2,4.32,1.42,7,13,7,2,16,0,1,0,0.01,0.01,0.0,26878 ,ATH 
217,Dylan Dodd ,13.3,13,1,0,3.91,1.28,6,13,4,2,14,0,1,0,0.03,0.05,0.01,45237 ,ATL 
218,Bradgley Rodriguez ,14.8,15,1,0,3.77,1.35,6,13,6,2,15,0,1,0,0.01,0.01,0.0,7355030,SD 
219,A.J. Minter ,13.1,13,1,0,3.94,1.28,6,12,4,2,15,0,1,0,0.01,0.01,0.0,7030 d,MIN 
220,Jovani Moran ,14.8,16,1,0,3.81,1.36,6,13,7,2,15,0,1,0,0.0,0.0,0.0,44290 ,BOS 
221,Chad Patrick ,19.5,19,1,0,4.24,1.33,9,18,7,3,15,1,1,0,0.07,0.09,0.05,45426 ,MIL 
222,Brooks Raley ,14.1,14,1,0,3.88,1.32,6,13,5,2,15,0,1,0,0.02,0.03,0.01,5362 d,PHI 
223,Bryan Hudson ,15.8,15,1,1,4.04,1.39,7,15,6,2,16,0,1,0,0.01,0.01,0.0,7396 d,CWS 
224,Eduard Bazardo ,14.6,14,1,0,4.00,1.31,6,13,5,2,15,0,1,0,0.05,0.07,0.03,44068 ,SEA 
225,Drew Sommers ,14.9,15,1,0,3.70,1.38,6,14,6,1,15,0,1,0,0.0,0.0,0.0,7355048,DET 
226,Cam Booser ,14.2,16,1,0,4.03,1.33,6,12,6,2,15,0,1,0,0.01,0.01,0.0,45448 ,TB 
227,Manuel Rodriguez ,11.4,11,1,0,3.60,1.32,5,10,4,1,12,0,1,0,0.0,0.0,0.0,39241 ,TB 
228,Juan Morillo ,14.0,14,1,1,3.77,1.44,6,13,7,1,15,0,1,0,0.04,0.06,0.02,44617 ,ARI 
229,JoJo Romero ,11.7,12,1,0,3.62,1.34,5,10,5,1,13,0,1,0,0.07,0.08,0.06,8369 d,MIL 
230,Franco Aleman ,12.3,14,1,0,3.66,1.37,5,11,5,1,12,0,1,0,0.0,0.0,0.0,47332 ,CLE 
231,Jackson Jobe ,26.8,22,2,0,4.50,1.43,13,26,12,4,8,5,2,0,0.28,0.34,0.23,44667 ,DET 
232,Luis Gastelum ,13.1,12,1,0,3.94,1.31,6,12,4,2,13,0,1,0,0.0,0.0,0.0,7354914,STL 
233,Enyel De Los Santos ,14.0,14,1,0,4.11,1.32,6,13,5,2,15,0,1,0,0.01,0.01,0.0,7504 d,HOU 
234,Peyton Gray ,14.1,14,1,0,4.06,1.33,6,13,5,2,15,0,1,0,0.0,0.0,0.0,7354096,TEX 
235,Kris Bubic ,8.9,9,1,0,3.45,1.30,3,8,3,1,7,1,0,0,0.27,0.31,0.23,7933 d,LAD 
236,Andrew Morris ,13.9,12,1,0,3.88,1.34,6,14,4,2,14,0,1,0,0.04,0.07,0.0,48202 ,MIN 
237,Jose Fermin ,15.6,17,1,1,4.22,1.42,7,14,8,2,16,0,1,0,0.0,0.0,0.0,7354960,LAA 
238,Edgardo Henriquez ,13.1,15,1,0,3.83,1.39,6,11,6,1,14,0,1,0,0.01,0.01,0.0,46764 ,LAD 
239,Bryan King ,13.4,12,1,0,3.89,1.34,6,13,4,2,14,0,1,0,0.03,0.03,0.02,46666 ,HOU 
240,J.T. Ginn ,36.4,32,2,0,4.56,1.45,18,36,15,5,7,7,2,0,0.26,0.34,0.18,7954 d,ATH 
241,Jake Irvin ,36.7,30,2,0,4.72,1.41,19,37,13,6,7,7,3,0,0.01,0.01,0.01,43981 ,WSH 
242,Hunter Dobbins ,38.0,29,2,0,4.51,1.44,19,39,13,5,12,6,2,0,0.03,0.04,0.01,48154 ,STL 
243,Nate Pearson ,14.2,13,1,3,4.55,1.49,7,13,7,2,15,0,1,0,0.0,0.0,0.0,7261 d,KC 
244,David Peterson ,23.9,20,1,0,4.00,1.43,11,23,9,2,8,3,1,0,0.15,0.22,0.07,7275 d,CHC 
245,Kyle Finnegan ,15.3,14,1,1,4.30,1.39,7,15,6,2,16,0,1,0,0.03,0.05,0.02,7565 d,DET 
246,Colin Holderman ,14.3,14,1,0,3.83,1.40,6,13,6,1,15,0,1,0,0.02,0.04,0.01,45621 ,CLE 
247,Jakob Junis ,10.9,9,1,0,4.01,1.27,5,10,3,1,12,0,1,0,0.04,0.06,0.03,6585 d,TEX 
248,Bryce Elder ,38.2,31,2,0,4.69,1.42,20,40,13,5,7,7,2,0,0.45,0.47,0.43,44280 ,ATL 
249,Calvin Faucher ,14.3,15,1,1,3.97,1.47,6,13,7,1,15,0,1,0,0.01,0.01,0.0,45017 ,MIA 
250,Will Dion ,12.0,11,1,0,4.05,1.31,5,12,4,2,13,0,1,0,0.0,0.0,0.0,45055 ,WSH 
251,Keaton Winn ,14.8,13,1,1,4.17,1.41,7,15,5,1,15,0,1,0,0.01,0.02,0.01,46495 ,SF 
252,AJ Smith-Shawver ,13.4,14,1,0,4.20,1.34,6,12,6,2,8,1,1,0,0.06,0.1,0.02,45241 ,ATL 
253,Tim Mayza ,12.3,11,1,0,3.94,1.34,5,12,4,1,13,0,1,0,0.0,0.0,0.0,6321 d,PHI 
254,Paul Sewald ,11.7,13,1,0,4.47,1.27,6,10,4,2,13,0,1,0,0.19,0.19,0.19,6147 d,TOR 
255,Connelly Early ,13.0,13,1,0,4.07,1.35,6,12,5,2,2,2,1,0,0.29,0.39,0.19,48029 ,WSH 
256,Tanner Banks ,11.0,10,1,0,4.08,1.29,5,10,4,2,12,0,1,0,0.0,0.0,0.0,8580 d,PHI 
257,Steven Matz ,14.9,13,1,0,4.23,1.33,7,15,4,2,14,0,1,0,0.03,0.03,0.03,5344 d,TB 
258,Brad Lord ,17.5,15,1,0,4.16,1.37,8,17,6,2,13,1,1,0,0.01,0.01,0.01,7354978,WSH 
259,Jared Koenig ,10.1,10,1,0,3.79,1.34,4,9,4,1,11,0,0,0,0.01,0.01,0.0,46228 ,MIL 
260,Mitch Bratt ,22.6,19,1,0,4.41,1.36,11,23,7,3,7,4,1,0,0.07,0.12,0.02,46284 ,ARI 
261,Chris Bassitt ,35.6,29,2,0,4.56,1.45,18,37,13,5,7,6,2,0,0.04,0.06,0.03,5554 d,BAL 
262,Jordan Hicks ,15.3,15,1,1,4.04,1.47,7,14,7,1,16,0,1,0,0.01,0.01,0.0,6897 d,CWS 
263,Tyler Alexander ,16.6,14,1,0,4.34,1.33,8,17,5,2,15,0,1,0,0.02,0.03,0.02,8681 d,TEX 
264,Tyler Kinley ,14.9,16,1,0,4.25,1.37,7,13,6,2,16,0,1,0,0.01,0.01,0.0,7371 d,ATL 
265,Camilo Doval ,13.4,14,1,0,3.78,1.43,6,12,7,1,14,0,1,0,0.03,0.03,0.03,43997 ,PIT 
266,Cristian Javier ,30.6,28,2,0,4.83,1.42,16,29,14,5,11,5,2,0,0.04,0.06,0.02,10002 ,HOU 
267,George Soriano ,15.3,15,1,1,4.36,1.42,7,14,6,2,16,0,1,0,0.02,0.03,0.01,45277 ,STL 
268,Anthony Bender ,9.4,10,1,0,3.79,1.36,4,8,4,1,10,0,0,0,0.01,0.01,0.0,44091 ,MIA 
269,Greg Weissert ,13.6,12,1,0,4.14,1.35,6,13,5,2,14,0,1,0,0.0,0.0,0.0,10611 ,BOS 
270,Brock Burke ,15.2,15,1,1,4.28,1.44,7,15,6,2,16,0,1,0,0.01,0.01,0.01,8166 d,CIN 
271,Brendon Little ,12.0,13,1,0,3.57,1.47,5,10,7,1,13,0,1,0,0.0,0.0,0.0,7297 d,TOR 
272,Braydon Fisher ,14.0,15,1,0,4.01,1.42,6,12,7,2,14,0,1,0,0.01,0.02,0.01,47489 ,TOR 
273,Aaron Civale ,12.1,11,1,0,4.34,1.30,6,12,3,2,12,0,1,0,0.02,0.02,0.02,21649 ,CHC 
274,Matt Festa ,13.7,14,1,0,4.27,1.36,6,13,5,2,15,0,1,0,0.0,0.0,0.0,8004 d,CLE 
275,Jason Adam ,9.6,9,1,0,4.08,1.30,4,8,4,1,11,0,1,0,0.08,0.07,0.1,7309 d,SD 
276,Grant Holmes ,39.0,35,2,0,4.64,1.46,20,39,16,6,11,7,2,0,0.18,0.25,0.12,6011 d,ATL 
277,Clarke Schmidt ,8.1,8,1,0,3.98,1.28,4,7,3,1,7,0,0,0,0.01,0.02,0.01,7264 d,NYY 
278,Drew Rom ,12.6,13,1,0,4.00,1.40,6,12,5,2,13,0,1,0,0.0,0.0,0.0,46127 ,ATH 
279,Brant Hurter ,9.5,8,1,0,3.69,1.36,4,9,3,1,10,0,1,0,0.01,0.01,0.0,45092 ,DET 
280,Anthony Kay ,36.4,29,2,0,4.50,1.47,18,37,14,5,7,7,3,0,0.11,0.16,0.06,7043 d,CWS 
281,Jacob Lopez ,37.5,36,2,0,4.78,1.45,20,36,16,6,10,7,3,0,0.09,0.15,0.03,26910 ,ATH 
282,Yohan Ramirez ,14.0,15,1,0,3.92,1.45,6,12,6,1,15,0,1,0,0.01,0.01,0.01,40933 ,PIT 
283,Ryne Stanek ,14.0,15,1,1,4.42,1.44,7,13,7,2,15,0,1,0,0.02,0.03,0.01,4943 d,STL 
284,Trey Yesavage ,10.4,11,1,0,4.19,1.34,5,9,5,1,2,2,0,0,0.63,0.79,0.47,7354369,TOR 
285,Trent Harris ,14.1,12,1,0,4.26,1.35,7,14,5,2,8,2,1,0,0.0,0.0,0.0,7354949,SF 
286,Yuki Matsui ,12.8,13,1,0,4.28,1.36,6,11,6,2,14,0,1,0,0.01,0.01,0.0,7013 d,SD 
287,Yerry De los Santos ,11.8,10,1,0,4.03,1.36,5,11,5,1,13,0,0,0,0.0,0.0,0.0,44150 ,NYY 
288,Chase Silseth ,12.5,13,1,0,3.97,1.42,6,11,6,2,13,0,1,0,0.0,0.0,0.0,45213 ,TEX 
289,Brady Basso ,14.9,13,1,0,4.24,1.37,7,15,5,2,15,0,1,0,0.0,0.0,0.0,48224 ,ATH 
290,Brent Suter ,13.5,11,1,0,4.10,1.37,6,14,4,2,14,0,1,0,0.0,0.0,0.0,6482 d,ATL 
291,Ryan Fernandez ,11.1,12,1,0,4.08,1.39,5,10,5,1,12,0,1,0,0.0,0.0,0.0,45889 ,STL 
292,Jefry Yan ,12.8,15,1,1,3.99,1.54,6,10,8,1,13,0,1,0,0.0,0.0,0.0,47024 ,NYM 
293,Blake Treinen ,11.0,12,1,0,4.14,1.38,5,10,4,1,12,0,1,0,0.01,0.01,0.0,5473 d,LAD 
294,Ryan Walker ,12.9,12,1,0,4.04,1.40,6,12,5,1,13,0,1,0,0.16,0.23,0.09,45949 ,SF 
295,Brady Singer ,43.4,38,2,0,4.82,1.43,23,44,15,7,8,8,3,0,0.16,0.23,0.1,6811 d,CIN 
296,Josh Simpson ,11.8,12,1,0,4.05,1.40,5,10,5,1,13,0,1,0,0.0,0.0,0.0,46500 ,SEA 
297,Dedniel Nunez ,12.3,12,1,0,4.28,1.36,6,11,5,2,13,0,1,0,0.0,0.0,0.0,44083 ,NYM 
298,Kervin Castro ,8.4,8,1,0,4.09,1.31,4,8,3,1,8,0,0,0,0.0,0.0,0.0,44074 ,NYY 
299,Luis Medina ,17.7,18,1,1,4.43,1.46,9,16,9,2,16,0,1,0,0.0,0.0,0.0,39252 ,ATH 
300,Carson Whisenhunt ,30.1,24,2,0,4.62,1.46,15,31,12,4,6,6,2,0,0.01,0.02,0.01,46305 ,SF 
301,Grant Wolfram ,13.7,13,1,0,4.10,1.41,6,13,6,2,15,0,1,0,0.0,0.0,0.0,48339 ,BAL 
302,Tommy Nance ,13.3,13,1,0,4.02,1.43,6,13,5,1,15,0,1,0,0.0,0.0,0.0,6117 d,MIN 
303,Slade Cecconi ,17.7,15,1,0,4.54,1.35,9,18,5,3,9,2,1,0,0.02,0.03,0.02,7270 d,CLE 
304,Pierce Johnson ,15.0,15,1,0,4.37,1.39,7,14,6,2,16,0,1,0,0.0,0.0,0.0,4212 d,CIN 
305,Ryan Helsley ,6.1,7,0,1,3.27,1.17,2,5,2,1,6,0,0,0,0.42,0.49,0.34,7481 d,BAL 
306,Craig Yoho ,13.1,13,1,0,4.10,1.42,6,12,6,2,13,0,1,0,0.0,0.0,0.0,48135 ,CLE 
307,Taylor Clarke ,13.9,10,1,0,4.31,1.34,7,14,4,2,15,0,1,0,0.02,0.03,0.01,7494 d,ARI 
308,Kody Funderburk ,12.2,11,1,0,3.79,1.45,5,11,5,1,13,0,1,0,0.0,0.0,0.0,45523 ,MIN 
309,Daniel Espino ,10.8,12,1,0,4.01,1.43,5,10,5,1,10,0,1,0,0.0,0.0,0.0,20680 ,CLE 
310,Daniel Duarte ,14.1,13,1,1,4.33,1.46,7,13,7,2,14,0,1,0,0.01,0.02,0.01,45002 ,NYM 
311,AJ Blubaugh ,12.6,12,1,0,4.23,1.39,6,12,6,2,13,0,1,0,0.01,0.01,0.01,7354036,HOU 
312,James Karinchak ,10.3,12,1,0,4.26,1.39,5,8,6,1,11,0,1,0,0.0,0.0,0.0,9938 d,ATL 
313,Andrew Painter ,29.5,25,2,0,4.83,1.44,16,30,11,5,6,6,2,0,0.09,0.12,0.07,44680 ,PHI 
314,Adrian Houser ,39.8,27,2,0,4.57,1.45,20,42,14,5,10,7,3,0,0.01,0.01,0.01,5857 d,SF 
315,Brandon Eisert ,9.9,9,1,0,4.16,1.36,5,10,4,1,10,0,1,0,0.0,0.0,0.0,45569 ,PIT 
316,Daniel Lynch ,25.1,19,1,0,4.42,1.40,12,25,9,3,8,4,1,0,0.02,0.03,0.01,7994 d,KC 
317,Caleb Ferguson ,13.3,12,1,0,4.06,1.43,6,13,6,1,14,0,1,0,0.0,0.0,0.0,7912 d,STL 
318,Logan Allen ,16.4,15,1,0,4.27,1.42,8,16,6,2,10,1,1,0,0.0,0.0,0.0,43900 ,CLE 
319,Paul Blackburn ,14.8,13,1,0,4.28,1.40,7,15,5,2,15,0,1,0,0.02,0.03,0.01,6440 d,NYY 
320,Ryan Rolison ,12.8,11,1,0,4.12,1.41,6,12,5,2,14,0,1,0,0.01,0.01,0.0,7482 d,CHC 
321,David Morgan ,12.7,13,1,0,4.18,1.43,6,12,6,1,13,0,1,0,0.0,0.0,0.0,7355207,SD 
322,Martin Perez ,27.9,22,2,0,4.65,1.47,14,29,11,4,5,5,2,0,0.2,0.29,0.1,3501 d,ATL 
323,Kyle Backhus ,8.7,8,1,0,4.02,1.38,4,8,3,1,9,0,1,0,0.0,0.0,0.0,46997 ,PHI 
324,Alex Lange ,13.7,14,1,1,4.31,1.50,7,12,7,1,15,0,1,0,0.04,0.07,0.02,26951 ,KC 
325,Griffin Canning ,16.5,16,1,0,4.41,1.41,8,16,7,2,13,1,1,0,0.01,0.01,0.0,7166 d,SD 
326,Austin Warren ,9.4,9,1,0,4.26,1.36,4,9,4,1,10,0,0,0,0.0,0.0,0.0,44317 ,NYM 
327,Tim Herrin ,14.6,14,1,0,4.07,1.46,7,13,7,1,16,0,1,0,0.0,0.0,0.0,45689 ,CLE 
328,Tejay Antone ,14.6,14,1,1,4.55,1.45,7,14,6,2,16,0,1,0,0.0,0.0,0.0,39285 ,CIN 
329,Brandon Sproat ,19.4,18,1,0,4.42,1.42,10,18,8,2,7,3,1,0,0.04,0.05,0.02,46394 ,MIL 
330,Anthony Nunez ,10.8,12,1,0,4.14,1.44,5,10,5,1,11,0,1,0,0.0,0.0,0.0,7355993,BAL 
331,Ethan Pecko ,10.0,9,1,0,4.46,1.33,5,10,3,1,2,2,1,0,0.0,0.0,0.0,48090 ,HOU 
332,Robert Stock ,28.5,26,2,0,4.63,1.50,15,28,12,4,9,5,2,0,0.01,0.01,0.0,7350 d,NYM 
333,Kyle Hart ,13.3,12,1,0,4.20,1.42,6,13,5,2,14,0,1,0,0.0,0.0,0.0,39258 ,SD 
334,DL Hall ,14.6,14,1,0,4.10,1.46,7,13,8,2,15,0,1,0,0.0,0.0,0.0,6845 d,MIL 
335,Victor Vodnik ,14.1,13,1,0,3.99,1.47,6,13,7,1,15,0,1,0,0.01,0.01,0.0,44332 ,MIA 
336,Rhett Lowder ,37.1,29,2,0,4.78,1.44,20,38,14,5,9,7,3,0,0.04,0.06,0.03,47229 ,CIN 
337,Lake Bachar ,13.0,13,1,0,4.35,1.41,6,12,5,2,13,0,1,0,0.0,0.0,0.0,47573 ,PIT 
338,Jake Bird ,13.0,14,1,0,4.22,1.45,6,12,5,1,14,0,1,0,0.0,0.0,0.0,45396 ,WSH 
339,Tobias Myers ,20.5,16,1,0,4.54,1.38,10,21,6,3,11,2,1,0,0.0,0.0,0.0,7898 d,NYM 
340,John King ,13.8,10,1,0,4.13,1.41,6,14,4,2,14,0,1,0,0.01,0.01,0.0,43998 ,MIA 
341,Tyron Guerrero ,15.0,14,1,0,4.28,1.43,7,14,6,2,16,0,1,0,0.04,0.06,0.01,5656 d,BOS 
342,Hagen Smith ,15.3,17,1,0,4.16,1.49,7,13,9,2,13,0,1,0,0.02,0.02,0.01,7354365,CWS 
343,Jackson Kent ,28.4,24,1,0,4.62,1.40,15,28,10,4,6,6,2,0,0.01,0.01,0.01,7354481,WSH 
344,Huascar Brazoban ,15.3,14,1,0,4.19,1.45,7,14,7,2,15,0,1,0,0.02,0.03,0.01,45492 ,CWS 
345,Jonah Tong ,7.9,8,1,0,4.09,1.40,4,7,4,1,3,1,1,0,0.02,0.03,0.01,7355065,NYM 
346,Chase Shugart ,12.4,11,1,0,4.32,1.40,6,12,5,2,13,0,1,0,0.0,0.0,0.0,47099 ,PHI 
347,Eduardo Rivera ,15.4,15,1,0,4.15,1.47,7,14,8,2,11,1,1,0,0.0,0.0,0.0,45233 ,BOS 
348,Cade Povich ,13.8,12,1,0,4.48,1.38,7,14,5,2,5,2,1,0,0.01,0.02,0.01,46138 ,BAL 
349,Jordan Montgomery ,22.9,17,1,0,4.52,1.39,11,24,7,3,12,2,1,0,0.0,0.0,0.0,7062 d,TEX 
350,Lucas Erceg ,14.1,12,1,0,4.10,1.45,6,13,6,1,15,0,1,0,0.1,0.12,0.08,6932 d,KC 
351,Ryan Yarbrough ,13.7,11,1,0,4.43,1.38,7,13,5,2,14,0,1,0,0.0,0.0,0.0,6719 d,NYY 
352,Orlando Ribalta ,13.9,13,1,1,4.54,1.47,7,13,7,2,15,0,1,0,0.0,0.0,0.0,7354812,WSH 
353,Ryan Thompson ,9.4,8,1,0,4.21,1.39,4,10,3,1,10,0,1,0,0.0,0.0,0.0,8201 d,ARI 
354,Mike Burrows ,20.4,18,1,0,4.70,1.38,11,20,7,3,7,3,1,0,0.04,0.07,0.02,45460 ,HOU 
355,Kendry Rojas ,15.0,14,1,0,4.25,1.45,7,14,7,2,11,1,1,0,0.0,0.0,0.0,45353 ,MIN 
356,Ryan Gusto ,30.7,26,1,0,4.62,1.41,16,31,11,4,10,5,2,0,0.01,0.01,0.01,48225 ,MIA 
357,Jesse Scholtens ,13.5,11,1,0,4.52,1.37,7,14,4,2,10,1,1,0,0.0,0.0,0.01,10244 ,TB 
358,Lazaro Estrada ,11.0,9,1,0,4.41,1.37,5,10,4,2,11,0,1,0,0.0,0.0,0.0,7354980,TOR 
359,Grant Anderson ,11.5,11,1,0,4.36,1.41,6,11,5,2,12,0,1,0,0.0,0.0,0.0,45646 ,MIL 
360,Reiver Sanmartin ,13.2,10,1,0,4.10,1.44,6,14,5,1,14,0,1,0,0.0,0.0,0.0,8424 d,SF 
361,Seth Halvorsen ,10.7,10,1,0,4.22,1.43,5,10,5,1,12,0,1,0,0.0,0.0,0.0,48102 ,LAD 
362,Ryan Watson ,12.4,11,1,0,4.42,1.40,6,12,4,2,13,0,1,0,0.0,0.0,0.0,47101 ,LAA 
363,Carlos Vargas ,10.8,9,1,0,4.19,1.42,5,11,4,1,12,0,1,0,0.0,0.0,0.0,44061 ,SEA 
364,Spencer Bivens ,13.6,10,1,0,4.16,1.43,6,14,5,1,14,0,1,0,0.0,0.0,0.0,47502 ,SF 
365,Yovanny Cruz ,13.6,14,1,1,4.48,1.51,7,13,7,2,14,0,1,0,0.0,0.0,0.0,48258 ,WSH 
366,Gerardo Carrillo ,12.7,13,1,0,4.05,1.50,6,12,6,1,14,0,1,0,0.0,0.0,0.0,43945 ,ARI 
367,Gordon Graceffo ,14.3,11,1,0,4.34,1.41,7,14,5,2,15,0,1,0,0.0,0.0,0.0,46141 ,STL 
368,Walker Buehler ,29.8,25,2,0,4.74,1.48,16,30,12,4,8,5,2,0,0.07,0.09,0.04,7002 d,SD 
369,Javier Assad ,15.9,13,1,0,4.44,1.41,8,16,6,2,11,1,1,0,0.04,0.06,0.02,45824 ,CHC 
370,Brock Stewart ,8.9,10,0,0,3.70,1.25,4,7,4,1,10,0,0,0,0.0,0.0,0.0,6424 d,LAD 
371,Michael Rucker ,12.7,12,1,0,4.32,1.44,6,12,5,2,13,0,1,0,0.0,0.0,0.0,40930 ,SEA 
372,Carl Edwards Jr. ,6.3,6,1,0,4.31,1.36,3,6,3,1,5,1,1,0,0.0,0.0,0.0,4906 d,DET 
373,Sam Moll ,13.8,14,1,0,4.28,1.47,7,12,7,2,15,0,1,0,0.0,0.0,0.0,5057 d,CIN 
374,Jameson Taillon ,15.9,13,1,0,4.95,1.32,9,16,4,3,6,2,1,0,0.04,0.05,0.03,4657 d,TOR 
375,Hayden Harris ,8.6,10,1,0,4.13,1.48,4,8,4,1,9,0,0,0,0.0,0.0,0.0,7354016,ATL 
376,Bruce Zimmermann ,7.9,6,1,0,4.54,1.32,4,9,2,1,4,1,1,0,0.0,0.0,0.0,8044 d,STL 
377,Zac Gallen ,17.1,14,1,0,4.60,1.39,9,17,6,2,3,3,1,0,0.31,0.27,0.34,7245 d,ARI 
378,Kai-Wei Teng ,14.6,15,1,0,4.43,1.45,7,13,7,2,10,1,1,0,0.01,0.01,0.01,26945 ,HOU 
379,George Klassen ,28.6,25,2,0,4.70,1.50,15,28,14,4,9,5,2,0,0.01,0.01,0.0,47186 ,LAA 
380,Brenan Hanifee ,12.2,8,1,0,4.15,1.42,6,13,4,1,12,0,1,0,0.0,0.0,0.0,47069 ,DET 
381,Trevor Williams ,20.5,17,1,0,4.63,1.40,11,22,6,3,10,3,1,0,0.0,0.0,0.0,4982 d,WSH 
382,Shane Smith ,13.1,12,1,0,4.37,1.44,6,12,6,2,3,3,1,0,0.03,0.04,0.02,7354099,CWS 
383,Craig Kimbrel ,12.4,13,1,0,4.43,1.45,6,11,6,2,13,0,1,0,0.0,0.0,0.0,3238 d,KC 
384,Blake Weiman ,12.7,11,1,0,4.54,1.40,6,13,4,2,14,0,1,0,0.0,0.0,0.0,8223 d,LAA 
385,Brandon Leibrandt ,7.7,6,1,0,4.70,1.31,4,8,2,2,5,1,1,0,0.0,0.0,0.0,7589 d,CIN 
386,Yaramil Hiraldo ,13.7,14,0,0,4.21,1.30,6,12,5,2,14,0,1,0,0.0,0.0,0.0,7974 d,BAL 
387,Luis Severino ,15.3,13,1,0,4.49,1.42,8,15,6,2,2,2,1,0,0.04,0.05,0.03,5244 d,ATH 
388,Quinn Mathews ,22.0,21,1,0,4.31,1.49,11,20,12,3,7,4,2,0,0.03,0.05,0.01,47889 ,STL 
389,Hoby Milner ,10.9,8,1,0,4.31,1.41,5,11,3,1,12,0,1,0,0.0,0.0,0.0,6628 d,CHC 
390,Chase Lee ,10.4,9,1,0,4.43,1.41,5,10,4,2,11,0,1,0,0.0,0.0,0.0,45645 ,TOR 
391,Tyler Zuber ,13.3,14,1,0,4.41,1.47,7,13,6,2,14,0,1,0,0.0,0.0,0.0,43624 ,MIA 
392,Philip Abner ,12.8,11,1,0,4.26,1.46,6,13,5,2,13,0,1,0,0.0,0.0,0.0,48059 ,ARI 
393,Josh Ekness ,12.4,12,1,0,4.25,1.48,6,11,6,1,12,0,1,0,0.0,0.0,0.0,47854 ,MIA 
394,Justin Verlander ,17.5,14,1,0,4.67,1.39,9,17,6,3,3,3,1,0,0.02,0.02,0.01,3623 d,DET 
395,Travis Adams ,12.0,10,1,0,4.44,1.42,6,12,5,2,13,0,1,0,0.0,0.0,0.0,7354827,MIN 
396,Matt Waldron ,15.8,13,1,0,4.73,1.38,8,16,5,2,10,1,1,0,0.0,0.0,0.0,45496 ,TOR 
397,Justin Bruihl ,14.0,11,1,0,4.19,1.47,7,14,5,1,15,0,1,0,0.0,0.0,0.0,44828 ,STL 
398,Robby Ahlstrom ,13.1,12,1,0,4.25,1.48,6,13,6,2,14,0,1,0,0.0,0.0,0.0,45984 ,TEX 
399,Tyler Samaniego ,11.3,9,1,0,4.14,1.47,5,11,5,1,12,0,1,0,0.0,0.0,0.0,47356 ,BOS 
400,Ben Brown ,8.1,8,0,0,3.82,1.21,3,7,3,1,5,0,0,0,0.26,0.3,0.21,8573 d,CHC 
401,Taylor Rogers ,12.3,12,1,0,4.24,1.49,6,12,6,2,14,0,1,0,0.01,0.01,0.0,5909 d,MIN 
402,Miguel Ullola ,10.4,12,1,0,4.42,1.48,5,9,6,2,11,0,1,0,0.0,0.0,0.0,46416 ,HOU 
403,Cade Gibson ,12.7,11,1,0,4.15,1.49,6,13,5,1,14,0,1,0,0.0,0.0,0.0,46740 ,MIA 
404,Enmanuel De Jesus ,13.7,12,1,0,4.29,1.47,7,13,6,2,14,0,1,0,0.0,0.0,0.0,8559 d,DET 
405,John Schreiber ,14.0,12,1,0,4.44,1.44,7,14,6,2,15,0,1,0,0.0,0.0,0.0,10132 ,KC 
406,Jonathan Pintaro ,10.4,10,1,0,4.19,1.49,5,10,5,1,11,0,1,0,0.0,0.0,0.0,7355667,NYM 
407,Adam Macko ,10.2,9,1,0,4.33,1.45,5,9,5,1,11,0,1,0,0.0,0.0,0.0,46128 ,TEX 
408,Wandy Peralta ,12.6,10,1,0,4.15,1.48,6,12,5,1,13,0,1,0,0.0,0.0,0.0,6501 d,SD 
409,Luke Murphy ,13.6,12,1,1,4.66,1.49,7,13,6,2,15,0,1,0,0.0,0.0,0.0,45215 ,LAA 
410,Isaac Mattson ,10.6,10,1,0,4.31,1.47,5,10,5,1,11,0,1,0,0.0,0.0,0.0,11236 ,PIT 
411,Simeon Woods Richardson ,20.3,16,1,0,4.74,1.39,11,20,8,3,9,3,1,0,0.0,0.0,0.0,26455 ,TOR 
412,Zack Littell ,15.4,11,1,0,4.78,1.36,8,16,4,3,10,1,1,0,0.02,0.03,0.02,6563 d,ARI 
413,Colin Rea ,16.7,13,1,0,4.60,1.41,9,17,5,2,10,2,1,0,0.06,0.09,0.03,5822 d,CHC 
414,Danny Young ,11.4,12,1,0,4.18,1.53,5,10,6,1,12,0,1,0,0.0,0.0,0.0,10197 ,ATL 
415,Jimmy Herget ,15.8,14,1,1,4.90,1.45,9,16,6,2,16,0,1,0,0.0,0.0,0.0,6636 d,COL 
416,Antonio Senzatela ,14.6,12,1,0,4.44,1.45,7,15,5,2,15,0,1,0,0.05,0.07,0.03,5930 d,MIL 
417,Ty Madden ,15.7,14,1,0,4.53,1.45,8,15,7,2,14,0,1,0,0.0,0.0,0.01,44668 ,DET 
418,John Klein ,6.6,6,1,0,4.80,1.37,4,6,3,1,6,1,1,0,0.0,0.0,0.0,7356370,TOR 
419,Seth Johnson ,14.5,14,1,1,4.65,1.52,7,14,7,2,15,0,1,0,0.0,0.0,0.0,23841 ,ATH 
420,Cole Winn ,11.9,11,1,0,4.49,1.46,6,11,5,2,13,0,1,0,0.0,0.0,0.0,7922 d,TEX 
421,Taylor Rashi ,8.9,9,1,0,4.47,1.47,4,9,4,1,9,0,0,0,0.0,0.0,0.0,45816 ,ATH 
422,Trent Thornton ,13.6,11,1,0,4.63,1.42,7,13,5,2,15,0,1,0,0.01,0.01,0.0,7635 d,CHC 
423,Chayce McDermott ,12.2,13,1,0,4.45,1.50,6,11,7,2,12,0,1,0,0.0,0.0,0.0,45205 ,NYM 
424,Luis Gil ,12.5,12,1,0,4.58,1.46,6,11,6,2,10,1,1,0,0.02,0.02,0.01,39290 ,NYY 
425,Ben Peoples ,11.4,10,1,0,4.45,1.47,6,10,6,2,12,0,1,0,0.0,0.0,0.0,46833 ,TEX 
426,Carson Seymour ,20.5,16,1,0,4.40,1.47,10,21,8,2,12,2,1,0,0.0,0.0,0.0,46715 ,SF 
427,Evan Sisk ,10.5,11,0,0,3.67,1.39,4,9,5,1,11,0,0,0,0.0,0.0,0.0,44806 ,PIT 
428,Tony Santillan ,10.9,11,1,0,4.70,1.45,6,10,5,2,12,0,1,0,0.03,0.04,0.03,8361 d,CIN 
429,Josh Walker ,14.2,13,1,0,4.47,1.48,7,14,6,2,15,0,1,0,0.0,0.0,0.0,45294 ,BAL 
430,Walbert Urena ,35.9,30,2,0,4.51,1.54,18,34,19,4,7,7,3,0,0.34,0.47,0.21,46803 ,LAA 
431,Tyler Phillips ,35.7,26,2,0,4.73,1.48,19,38,14,5,9,6,2,0,0.05,0.08,0.03,39151 ,MIA 
432,Tayler Saucedo ,11.9,11,1,0,4.32,1.51,6,12,5,1,13,0,1,0,0.0,0.0,0.0,44658 ,LAA 
433,Sammy Peralta ,11.9,10,1,0,4.57,1.45,6,13,4,2,12,0,1,0,0.0,0.0,0.0,46984 ,LAA 
434,Cole Sulser ,7.1,7,0,0,3.95,1.21,3,6,2,1,7,0,0,0,0.0,0.0,0.0,7522 d,TB 
435,Ty Blach ,6.7,5,1,0,4.67,1.41,4,8,2,1,4,1,1,0,0.0,0.0,0.0,5194 d,CHC 
436,Spencer Schwellenbach ,5.1,5,0,0,3.50,1.14,2,4,1,0,1,1,0,0,0.15,0.2,0.1,44729 ,ATL 
437,Scott Blewett ,12.8,10,1,0,4.69,1.42,7,13,5,2,13,0,1,0,0.0,0.0,0.0,7253 d,ATH 
438,Joe Whitman ,11.8,10,1,0,4.56,1.46,6,12,5,1,5,2,1,0,0.0,0.0,0.0,47948 ,SF 
439,Ryan Johnson ,22.0,18,1,0,4.70,1.43,11,22,8,3,8,3,2,0,0.01,0.01,0.0,7354412,LAA 
440,Jacob Waguespack ,15.7,15,1,0,4.53,1.49,8,15,7,2,16,0,1,0,0.0,0.0,0.0,8046 d,DET 
441,Luis Perales ,14.9,13,1,0,4.51,1.48,7,14,7,2,3,3,1,0,0.0,0.0,0.0,48184 ,WSH 
442,JR Ritchie ,11.4,10,1,0,4.63,1.46,6,11,5,1,6,1,1,0,0.02,0.02,0.02,46313 ,ATL 
443,Ron Marinaccio ,12.6,11,1,1,4.85,1.51,7,12,6,2,14,0,1,0,0.0,0.0,0.0,45015 ,CIN 
444,Brycen Mautz ,17.5,15,1,0,4.61,1.46,9,17,7,2,10,2,1,0,0.0,0.0,0.0,46332 ,STL 
445,Casey Legumina ,14.2,12,1,0,4.56,1.47,7,15,5,2,13,0,1,0,0.0,0.0,0.0,46501 ,TB 
446,Lyon Richardson ,6.6,6,1,0,4.08,1.58,3,7,4,1,3,1,1,0,0.0,0.0,0.0,44016 ,RP) FA
447,Tom Cosgrove ,13.4,12,1,1,4.76,1.53,7,13,6,2,14,0,1,0,0.0,0.0,0.0,45722 ,WSH 
448,Wilber Dotel ,14.7,12,1,0,4.56,1.47,7,14,6,2,10,1,1,0,0.0,0.0,0.0,7356365,PIT 
449,Albert Suarez ,12.1,9,1,0,4.73,1.43,6,13,4,2,13,0,1,0,0.0,0.0,0.0,4083 d,BAL 
450,Spencer Arrighetti ,17.2,17,1,0,4.73,1.47,9,16,8,3,3,3,1,0,0.15,0.16,0.14,46837 ,TOR 
451,Cal Quantrill ,18.4,14,1,0,4.77,1.42,10,19,6,3,10,2,1,0,0.02,0.03,0.01,6399 d,TEX 
452,DJ Herz ,8.7,9,0,0,3.89,1.34,4,7,4,1,4,1,0,0,0.0,0.0,0.0,44606 ,WSH 
453,Bradley Hanner ,11.7,11,1,0,4.68,1.48,6,11,6,2,13,0,1,0,0.0,0.0,0.0,46653 ,NYY 
454,Michael Grove ,9.2,10,0,0,4.17,1.32,4,9,3,1,10,0,0,0,0.0,0.0,0.0,43947 ,TB 
455,JT Brubaker ,14.3,11,1,1,4.76,1.52,8,15,6,2,15,0,1,0,0.0,0.0,0.0,8152 d,SF 
456,Julian Garcia ,14.7,15,1,0,4.85,1.47,8,14,7,2,15,0,1,0,0.0,0.0,0.0,44212 ,CIN 
457,Hunter Harvey ,5.2,6,0,0,3.57,1.27,2,5,2,1,6,0,0,0,0.0,0.0,0.0,4953 d,CHC 
458,Lance McCullers Jr. ,10.7,10,1,0,4.56,1.52,5,10,5,1,3,2,1,0,0.02,0.02,0.02,4831 d,SP) FA
459,Tim Hill ,14.5,8,1,0,4.45,1.46,7,16,4,2,15,0,1,0,0.01,0.01,0.01,8379 d,NYY 
460,Andrew Wantz ,6.0,6,1,0,4.50,1.58,3,6,3,1,5,0,1,0,0.0,0.0,0.0,44738 ,CHC 
461,Noah Schultz ,13.4,12,1,0,4.65,1.49,7,13,6,2,3,3,1,0,0.03,0.04,0.02,46315 ,CWS 
462,Felix Bautista ,4.7,6,0,0,3.55,1.26,2,4,2,0,5,0,0,0,0.01,0.02,0.0,45019 ,BAL 
463,Brendan Beck ,5.4,5,0,0,3.78,1.22,2,5,2,1,5,0,0,0,0.0,0.0,0.0,45310 ,NYY 
464,Aaron Brooks ,7.6,5,1,0,4.76,1.46,4,9,2,1,4,1,1,0,0.0,0.0,0.0,5471 d,TB 
465,Graham Ashcraft ,6.2,6,0,0,3.92,1.26,3,5,2,1,6,0,0,0,0.01,0.01,0.01,44328 ,CIN 
466,Alex Hoppe ,13.1,12,1,0,4.44,1.54,6,13,6,1,14,0,1,0,0.0,0.0,0.0,46562 ,BAL 
467,Braxton Garrett ,7.2,6,0,0,3.89,1.29,3,7,2,1,4,0,0,0,0.01,0.01,0.01,6815 d,CHC 
468,Brennan Bernardino ,14.9,13,1,0,4.59,1.50,8,15,6,2,16,0,1,0,0.0,0.0,0.0,46244 ,COL 
469,Carlos Carrasco ,7.7,6,1,0,4.70,1.50,4,9,2,2,4,1,1,0,0.0,0.0,0.0,3150 d,ATL 
470,Matt Svanson ,10.4,10,0,0,3.87,1.41,4,10,4,1,11,0,0,0,0.01,0.01,0.0,48191 ,STL 
471,Hunter Barco ,16.0,14,1,0,4.53,1.51,8,16,7,2,8,2,1,0,0.0,0.0,0.0,7434 d,PIT 
472,Alec Gamboa ,12.3,10,1,0,4.42,1.53,6,13,6,1,12,0,1,0,0.0,0.0,0.0,7354040,BOS 
473,Jack Weisenburger ,11.6,10,1,0,4.72,1.49,6,11,5,2,12,0,1,0,0.0,0.0,0.0,45227 ,NYM 
474,Trey Gibson ,11.7,10,1,0,4.66,1.50,6,12,5,1,4,2,1,0,0.0,0.0,0.01,47827 ,BAL 
475,Brett Kerry ,11.9,9,1,0,5.07,1.41,7,13,4,2,11,0,1,0,0.0,0.0,0.0,46139 ,LAA 
476,Cody Bolton ,5.6,6,1,0,4.78,1.59,3,6,3,1,3,1,1,0,0.0,0.0,0.0,43958 ,HOU 
477,CJ Van Eyk ,10.1,7,1,0,4.64,1.49,5,10,4,1,10,0,1,0,0.0,0.0,0.0,43816 ,TOR 
478,Riley Cornelio ,14.3,13,1,0,4.76,1.49,8,14,7,2,7,2,1,0,0.0,0.0,0.0,7356366,WSH 
479,Justin Sterner ,8.7,8,0,0,4.33,1.30,4,8,3,1,9,0,0,0,0.01,0.01,0.0,44717 ,ATH 
480,Justin Steele ,4.8,5,0,0,3.42,1.32,2,5,1,0,3,1,0,0,0.04,0.05,0.03,8158 d,CHC 
481,Yacksel Rios ,5.7,5,1,0,4.73,1.58,3,6,3,1,5,0,1,0,0.0,0.0,0.0,7311 d,RP) FA
482,Kutter Crawford ,4.3,4,0,0,3.79,1.21,2,4,1,0,3,0,0,0,0.0,0.0,0.0,9957 d,BOS 
483,Austin Peterson ,7.4,6,0,0,4.28,1.27,4,7,2,1,6,0,0,0,0.0,0.0,0.0,7355058,CLE 
484,Gavin Collyer ,9.0,9,1,0,4.58,1.59,5,8,6,1,10,0,1,0,0.0,0.0,0.0,7356935,TEX 
485,Jose Suarez ,8.1,7,0,0,4.07,1.34,4,7,3,1,8,0,0,0,0.0,0.0,0.0,7919 d,ATH 
486,Mason Englert ,8.8,8,0,0,4.32,1.32,4,9,2,1,5,1,0,0,0.0,0.0,0.0,46135 ,TB 
487,Trevor Richards ,11.7,12,0,0,4.49,1.36,6,11,5,2,12,0,0,0,0.0,0.0,0.0,7242 d,CWS 
488,Dax Fulton ,10.8,9,1,0,4.50,1.56,5,11,5,1,8,1,1,0,0.0,0.0,0.0,43820 ,MIA 
489,Ryne Nelson ,8.8,7,0,0,4.34,1.30,4,9,3,1,2,2,0,0,0.16,0.28,0.04,38389 ,ARI 
490,Ricky Tiedemann ,4.1,4,0,0,3.36,1.30,2,4,2,0,3,0,0,0,0.01,0.01,0.0,45344 ,TOR 
491,Khristian Curtis ,12.9,11,1,0,4.74,1.51,7,13,6,2,6,2,1,0,0.0,0.0,0.0,47905 ,PIT 
492,Joe Mantiply ,5.0,4,0,0,3.73,1.28,2,5,1,1,5,0,0,0,0.0,0.0,0.0,6502 d,TOR 
493,Jeffrey Springs ,21.0,18,1,0,5.08,1.42,12,22,8,4,4,4,2,0,0.08,0.08,0.08,8051 d,ATH 
494,Spencer Strider ,2.9,4,0,0,3.32,1.25,1,3,1,0,3,0,0,0,0.41,0.4,0.43,44282 ,ATL 
495,Colton Gordon ,9.1,7,0,0,4.33,1.32,4,9,3,1,7,0,0,0,0.0,0.0,0.0,46842 ,MIL 
496,Andrew Walters ,6.5,8,0,0,4.12,1.38,3,6,3,1,7,0,0,0,0.0,0.0,0.0,47770 ,CLE 
497,Tyler Davis ,10.8,10,1,0,4.75,1.55,6,10,6,1,11,0,1,0,0.0,0.0,0.0,7355303,CWS 
498,Victor Mederos ,12.2,10,1,0,4.85,1.50,7,12,5,2,12,0,1,0,0.0,0.0,0.0,7272 d,ATL 
499,Zach Franklin ,6.9,7,0,0,4.13,1.36,3,6,3,1,7,0,0,0,0.0,0.0,0.0,48042 ,NYM 
500,Will Klein ,3.4,4,0,0,3.62,1.27,1,3,2,0,4,0,0,0,0.01,0.01,0.0,44629 ,LAD 
501,Marco Gonzales ,8.4,6,1,0,4.80,1.54,5,10,3,2,4,1,1,0,0.0,0.0,0.0,4945 d,TEX 
502,Eric Lauer ,14.5,12,1,0,5.19,1.43,8,15,5,3,7,2,1,0,0.09,0.14,0.05,6409 d,LAD 
503,River Ryan ,7.5,7,0,0,4.15,1.37,3,8,3,1,2,1,0,0,0.04,0.08,0.01,45389 ,DET 
504,Owen Murphy ,8.4,8,0,0,4.50,1.33,4,8,3,1,5,1,0,0,0.01,0.01,0.0,46314 ,ATL 
505,Coleman Crow ,7.7,7,0,0,4.44,1.32,4,7,3,1,3,1,0,0,0.0,0.0,0.0,45209 ,MIL 
506,Dennis Santana ,5.9,5,0,0,4.47,1.25,3,5,2,1,6,0,0,0,0.18,0.3,0.07,7410 d,ARI 
507,Juan Mejia ,16.0,16,1,0,4.69,1.55,8,16,8,2,17,0,1,0,0.0,0.0,0.0,48267 ,COL 
508,Nick Frasso ,12.8,12,1,0,4.80,1.54,7,13,6,2,13,0,1,0,0.0,0.0,0.0,43907 ,COL 
509,Robert Garcia ,3.8,4,0,0,3.57,1.34,2,4,1,0,4,0,0,0,0.03,0.03,0.04,47023 ,TEX 
510,Bryce Conley ,6.7,5,1,0,5.40,1.50,4,8,3,1,4,1,1,0,0.0,0.0,0.0,44494 ,NYM 
511,Elieser Hernandez ,6.3,6,0,0,4.26,1.34,3,7,2,1,5,1,1,0,0.0,0.0,0.0,7361 d,ATL 
512,Codi Heuer ,8.5,7,0,0,4.25,1.37,4,8,3,1,9,0,0,0,0.0,0.0,0.0,43650 ,BAL 
513,Luis Mey ,12.0,13,1,0,4.61,1.62,6,11,8,1,13,0,1,0,0.0,0.0,0.0,44484 ,CIN 
514,Jack Anderson ,9.5,8,0,0,4.48,1.35,5,10,3,1,10,0,1,0,0.0,0.0,0.0,47727 ,MIN 
515,Luis Morales ,13.8,12,1,0,4.91,1.51,8,14,6,2,8,1,1,0,0.0,0.0,0.0,48306 ,ATH 
516,Joe Boyle ,6.7,7,0,0,4.09,1.41,3,6,4,1,4,0,0,0,0.01,0.01,0.0,44486 ,TB 
517,Jonathan Santucci ,5.8,5,0,0,4.16,1.34,3,5,2,1,1,1,0,0,0.0,0.0,0.0,7354385,NYM 
518,Tyler Uberstine ,3.2,3,0,0,3.76,1.27,1,3,1,0,3,0,0,0,0.0,0.0,0.0,46878 ,ATL 
519,Peter Strzelecki ,11.8,10,1,0,4.85,1.54,6,12,5,2,12,0,1,0,0.0,0.0,0.0,46153 ,STL 
520,JP Sears ,9.1,8,0,0,4.53,1.35,5,9,3,1,5,1,1,0,0.01,0.01,0.0,7334 d,SD 
521,Tristan Beck ,9.1,7,0,0,4.22,1.39,4,9,3,1,9,0,0,0,0.0,0.0,0.0,6996 d,SF 
522,Sawyer Gipson-Long ,5.5,5,0,0,4.23,1.34,3,5,2,1,4,0,0,0,0.0,0.0,0.0,45077 ,DET 
523,Angel Chivilli ,10.7,9,0,0,4.42,1.39,5,10,4,2,11,0,1,0,0.0,0.0,0.0,46872 ,NYY 
524,Cade Winquest ,5.3,4,0,0,4.16,1.33,2,5,2,1,5,0,0,0,0.0,0.0,0.0,7354274,STL 
525,Cooper Criswell ,7.9,7,0,0,4.26,1.40,4,8,2,1,6,0,0,0,0.0,0.0,0.0,44839 ,SEA 
526,Kyle Hurt ,7.4,8,0,0,4.14,1.45,3,7,4,1,7,0,0,0,0.0,0.0,0.0,43985 ,LAD 
527,Garrett Stallings ,10.4,9,0,0,4.62,1.36,5,11,3,2,11,0,1,0,0.0,0.0,0.0,47515 ,MIL 
528,Danny Coulombe ,7.0,6,0,0,4.20,1.39,3,7,3,1,7,0,0,0,0.0,0.0,0.0,5586 d,RP) FA
529,Angel Bastardo ,7.4,8,0,0,4.25,1.43,4,7,4,1,8,0,0,0,0.0,0.0,0.0,48185 ,BOS 
530,Jonathan Cannon ,16.2,12,1,0,4.98,1.47,9,17,6,2,7,2,1,0,0.0,0.0,0.0,46318 ,CWS 
531,Carlos Lagrange ,5.2,6,0,0,4.24,1.39,2,4,3,1,5,0,0,0,0.02,0.04,0.01,48354 ,NYY 
532,Andrew Nardi ,3.6,4,0,0,3.80,1.38,2,3,2,0,4,0,0,0,0.0,0.0,0.0,46456 ,MIA 
533,Hayden Juenger ,12.6,10,1,0,4.93,1.52,7,13,5,2,13,0,1,0,0.0,0.0,0.0,45357 ,ATH 
534,Phil Maton ,3.5,4,0,0,3.88,1.38,2,3,1,0,4,0,0,0,0.01,0.01,0.01,7090 d,CHC 
535,Grant Holman ,3.4,3,0,0,3.58,1.38,1,3,1,0,4,0,0,0,0.0,0.0,0.0,45231 ,PHI 
536,Jose Cuas ,12.0,11,1,0,4.79,1.58,6,12,6,2,13,0,1,0,0.0,0.0,0.0,8002 d,KC 
537,Chris Murphy ,8.9,8,0,0,4.18,1.44,4,8,4,1,9,0,0,0,0.0,0.0,0.0,45467 ,CWS 
538,Ryan Sloan ,4.2,4,0,0,4.38,1.30,2,4,1,0,1,1,0,0,0.02,0.03,0.01,7354376,SEA 
539,Hancel Rincon ,6.6,6,0,0,4.44,1.36,3,7,2,1,7,0,0,0,0.0,0.0,0.0,7356674,STL 
540,Chad Dallas ,7.9,7,0,0,4.28,1.41,4,8,3,1,8,0,0,0,0.0,0.0,0.0,45349 ,TOR 
541,Yilber Diaz ,10.4,10,1,0,4.78,1.62,6,10,6,1,11,0,1,0,0.0,0.0,0.0,47008 ,DET 
542,Yariel Rodriguez ,5.1,5,0,0,4.20,1.39,2,4,2,1,5,0,0,0,0.0,0.0,0.0,48332 ,TOR 
543,Jordan Leasure ,3.9,4,0,0,4.19,1.35,2,4,2,1,4,0,0,0,0.0,0.0,0.0,47411 ,CWS 
544,Jake Woodford ,6.1,5,0,0,3.70,1.48,3,7,2,1,5,1,1,0,0.0,0.0,0.0,7751 d,TB 
545,Caleb Kilian ,5.1,5,0,0,4.21,1.39,2,5,2,1,5,0,0,0,0.02,0.03,0.01,44815 ,PHI 
546,Cole Irvin ,7.9,6,1,0,5.11,1.58,5,9,3,2,4,1,1,0,0.0,0.0,0.0,7588 d,LAD 
547,Ricky Vanasco ,6.3,6,0,0,4.41,1.38,3,5,3,1,6,0,0,0,0.0,0.0,0.0,45008 ,DET 
548,Max Lazar ,7.2,5,0,0,4.51,1.33,4,7,2,1,8,0,0,0,0.0,0.0,0.0,48260 ,PHI 
549,Cole Wilcox ,8.5,8,0,0,4.21,1.45,4,8,4,1,9,0,0,0,0.0,0.0,0.0,7403 d,SEA 
550,Edwin Uceta ,3.0,4,0,0,4.14,1.37,1,3,1,0,3,0,0,0,0.03,0.03,0.03,43645 ,TB 
551,Matt Krook ,4.4,4,0,0,3.04,1.58,2,4,3,1,5,0,0,0,0.0,0.0,0.0,4986 d,WSH 
552,Trevor Martin ,3.7,3,0,0,4.21,1.32,2,3,1,0,4,0,0,0,0.0,0.0,0.0,48335 ,TB 
553,Cionel Perez ,5.9,5,0,0,4.14,1.42,3,5,3,1,6,0,0,0,0.0,0.0,0.0,6631 d,NYM 
554,Matt Gage ,5.2,4,0,0,4.04,1.41,2,5,2,1,5,0,0,0,0.0,0.0,0.0,7842 d,SF 
555,Shawn Armstrong ,4.0,4,0,0,4.39,1.35,2,4,1,0,4,0,0,0,0.01,0.01,0.0,5597 d,CLE 
556,Ryan Lambert ,4.3,5,0,0,4.47,1.38,2,3,3,1,4,0,0,0,0.0,0.0,0.0,7354733,NYM 
557,Jhony Brito ,7.2,5,0,0,4.40,1.37,4,7,3,1,8,0,0,0,0.0,0.0,0.0,45324 ,SD 
558,Drey Jameson ,6.7,6,0,0,4.20,1.44,3,7,3,1,7,0,0,0,0.0,0.0,0.0,23995 ,ARI 
559,Jace Beck ,5.6,5,0,0,4.48,1.37,3,5,2,1,1,1,0,0,0.0,0.0,0.0,44416 ,MIA 
560,Rob Zastryzny ,4.6,4,0,0,4.33,1.37,2,4,2,1,5,0,0,0,0.0,0.0,0.0,5041 d,MIL 
561,Bryse Wilson ,9.2,7,0,0,4.49,1.39,5,10,3,1,9,0,0,0,0.0,0.0,0.0,7397 d,MIL 
562,Matt Wilkinson ,5.4,5,0,0,4.29,1.41,3,5,2,1,1,1,0,0,0.0,0.0,0.0,48054 ,SF 
563,Yorman Gomez ,8.4,7,0,0,4.37,1.42,4,8,3,1,9,0,0,0,0.0,0.0,0.0,7356367,CLE 
564,Jhonathan Diaz ,4.4,3,0,0,4.12,1.37,2,5,1,1,2,1,0,0,0.0,0.0,0.0,44026 ,SEA 
565,Hunter Stratton ,5.6,5,0,0,4.45,1.38,3,6,2,1,6,0,0,0,0.0,0.0,0.0,45464 ,SD 
566,Tanner Rainey ,8.3,8,0,0,4.40,1.44,4,7,4,1,9,0,0,0,0.0,0.0,0.0,7886 d,DET 
567,Geoff Hartlieb ,3.8,3,0,0,3.92,1.41,2,4,1,0,4,0,0,0,0.0,0.0,0.0,8234 d,ATH 
568,Prelander Berroa ,4.1,4,0,0,4.34,1.38,2,3,2,0,4,0,0,0,0.0,0.0,0.0,26966 ,CWS 
569,Pete Hansen ,3.9,3,0,0,4.37,1.33,2,4,1,1,2,0,0,0,0.0,0.0,0.0,46815 ,STL 
570,Duncan Davitt ,5.8,5,0,0,4.58,1.36,3,6,2,1,6,0,0,0,0.0,0.0,0.0,7355997,ATL 
571,Alex Cook ,8.3,7,0,0,4.46,1.41,4,8,3,1,8,0,1,0,0.0,0.0,0.0,7354110,TB 
572,Nick Burdi ,1.4,2,0,0,3.17,1.41,1,2,1,0,2,0,0,0,0.0,0.0,0.0,6231 d,RP) RET
573,Max Kranick ,11.1,8,0,0,4.65,1.37,6,11,4,2,12,0,1,0,0.0,0.0,0.0,43959 ,WSH 
574,Joel Kuhnel ,7.1,5,0,0,4.15,1.43,3,8,2,1,7,0,0,0,0.01,0.01,0.01,29151 ,MIL 
575,Paxton Schultz ,8.3,7,0,0,4.52,1.40,4,8,3,1,8,0,1,0,0.0,0.0,0.0,7355148,WSH 
576,Kyle Freeland ,42.2,32,2,0,5.10,1.46,24,49,11,7,8,8,3,0,0.02,0.03,0.01,6041 d,COL 
577,Blake Burkhalter ,3.7,3,0,0,4.47,1.32,2,4,1,0,4,0,0,0,0.0,0.0,0.0,46930 ,ATL 
578,Johan Oviedo ,8.5,8,0,0,4.31,1.46,4,8,4,1,6,0,0,0,0.0,0.0,0.0,7131 d,BOS 
579,Gavin Stone ,3.5,3,0,0,4.32,1.35,2,4,1,1,4,0,0,0,0.0,0.0,0.0,44899 ,LAD 
580,Eric Orze ,9.0,8,0,0,4.23,1.47,4,9,4,1,10,0,0,0,0.0,0.0,0.0,45296 ,MIN 
581,Matt Bowman ,5.5,5,0,0,4.55,1.38,3,6,2,1,6,0,0,0,0.0,0.0,0.0,5945 d,MIN 
582,Garrett Acton ,6.3,6,0,0,4.50,1.41,3,6,3,1,7,0,0,0,0.0,0.0,0.0,45222 ,MIN 
583,Kohl Drake ,7.5,6,0,0,4.33,1.43,4,7,3,1,5,0,0,0,0.0,0.0,0.0,7354990,ARI 
584,Gage Ziehl ,4.0,3,0,0,4.35,1.36,2,4,1,1,4,0,0,0,0.0,0.0,0.0,7354437,BOS 
585,Winston Santos ,3.8,3,0,0,4.25,1.38,2,4,1,1,4,0,0,0,0.0,0.0,0.0,46421 ,TEX 
586,Jose Leclerc ,4.5,5,0,0,4.42,1.43,2,4,2,1,5,0,0,0,0.0,0.0,0.0,5914 d,SD 
587,Hunter Bigge ,6.8,6,0,0,4.61,1.39,3,6,3,1,7,0,0,0,0.0,0.0,0.0,47284 ,TB 
588,Thomas Pannone ,5.1,4,0,0,4.45,1.38,3,6,2,1,1,1,0,0,0.0,0.0,0.0,7162 d,MIL 
589,Lucas Giolito ,9.4,8,0,0,4.69,1.39,5,9,4,1,4,1,1,0,0.02,0.02,0.01,4723 d,SD 
590,Gabriel Hughes ,32.3,27,1,0,4.83,1.48,17,35,12,4,12,5,2,0,0.01,0.02,0.01,46289 ,COL 
591,Jordan Wicks ,3.0,3,0,0,4.05,1.44,1,3,1,0,3,0,0,0,0.0,0.0,0.0,44679 ,CHC 
592,Jared Shuster ,3.4,2,0,0,3.91,1.42,1,4,1,0,4,0,0,0,0.0,0.0,0.0,43875 ,STL 
593,Jose Urquidy ,2.9,2,0,0,4.45,1.32,1,3,1,0,3,0,0,0,0.0,0.0,0.0,22917 ,CWS 
594,Jairo Iriarte ,2.4,2,0,0,3.76,1.46,1,3,1,0,2,1,0,0,0.0,0.0,0.0,46888 ,CWS 
595,Eli Morgan ,4.0,4,0,0,4.52,1.41,2,4,2,0,5,0,0,0,0.0,0.0,0.0,43930 ,KC 
596,Joey Estes ,12.7,9,1,0,5.43,1.46,8,14,4,3,7,1,1,0,0.0,0.0,0.0,44916 ,ATH 
597,Joe Jacques ,1.5,2,0,0,2.93,1.63,1,2,1,0,2,0,0,0,0.0,0.0,0.0,46651 ,NYM 
598,Elmer Rodriguez ,6.7,6,0,0,4.25,1.48,3,6,3,1,4,0,0,0,0.01,0.02,0.01,46877 ,NYY 
599,Nick Mears ,4.3,4,0,0,4.47,1.42,2,4,2,1,4,0,0,0,0.0,0.0,0.0,43637 ,KC 
600,Steven Wilson ,3.3,3,0,0,4.77,1.34,2,3,1,0,3,0,0,0,0.0,0.0,0.0,44195 ,TB 
601,Alan Rangel ,11.1,9,0,0,4.82,1.38,6,11,4,2,6,1,1,0,0.0,0.0,0.0,44942 ,PHI 
602,Carlos Estevez ,2.9,3,0,0,4.54,1.40,1,3,1,0,3,0,0,0,0.25,0.32,0.18,5929 d,KC 
603,Kyle Nicolas ,4.3,4,0,0,4.56,1.41,2,4,2,0,4,0,0,0,0.0,0.0,0.0,43834 ,WSH 
604,Ben Lively ,3.8,3,0,0,4.68,1.36,2,4,1,1,2,0,0,0,0.01,0.01,0.0,5211 d,CLE 
605,Caden Dana ,18.8,16,1,0,5.06,1.50,11,18,9,3,6,3,1,0,0.0,0.0,0.0,46396 ,LAA 
606,John Rooney ,1.5,2,0,0,3.01,1.67,1,2,1,0,2,0,0,0,0.0,0.0,0.0,47606 ,TB 
607,Jedixson Paez ,2.7,2,0,0,4.94,1.28,2,3,1,0,2,1,0,0,0.0,0.0,0.0,46881 ,BOS 
608,Tyler Ferguson ,6.7,7,0,0,4.48,1.48,3,6,3,1,7,0,0,0,0.0,0.0,0.0,45618 ,CHC 
609,Easton McGee ,9.8,8,0,0,4.59,1.43,5,10,3,1,10,0,1,0,0.0,0.0,0.0,46482 ,KC 
610,Yosver Zulueta ,4.2,4,0,0,4.47,1.45,2,4,2,0,4,0,0,0,0.0,0.0,0.0,44366 ,BAL 
611,Andry Lara ,2.9,2,0,0,4.58,1.36,2,3,1,1,2,1,0,0,0.0,0.0,0.0,7354826,WSH 
612,Ryan Gallagher ,2.0,2,0,0,4.57,1.39,1,2,1,0,0,0,0,0,0.0,0.0,0.0,7354697,MIN 
613,Kevin Herget ,3.0,2,0,0,4.53,1.37,1,3,1,0,3,0,0,0,0.0,0.0,0.0,46459 ,NYM 
614,Sean Sullivan ,2.9,2,0,0,4.60,1.36,2,3,1,0,1,1,0,0,0.0,0.0,0.0,7354004,PIT 
615,Justin Hagenman ,2.5,2,0,0,4.33,1.42,1,3,1,0,3,0,0,0,0.0,0.0,0.0,45641 ,NYM 
616,Robinson Ortiz ,8.4,8,0,0,4.45,1.48,4,8,4,1,8,0,0,0,0.0,0.0,0.0,7193 d,SEA 
617,Joe Rock ,5.3,5,0,0,4.43,1.47,3,5,2,1,5,0,0,0,0.0,0.0,0.0,44762 ,CWS 
618,Leandro Lopez ,3.3,3,0,0,4.07,1.51,2,4,2,1,1,1,0,0,0.0,0.0,0.0,7356374,TEX 
619,J.P. France ,4.3,4,0,0,4.17,1.51,2,5,2,1,4,1,0,0,0.0,0.0,0.0,45204 ,"SP,RP) FA"
620,Ben Casparius ,2.9,3,0,0,4.39,1.47,1,3,1,0,3,0,0,0,0.0,0.0,0.0,45407 ,LAD 
621,Nestor German ,4.3,3,0,0,4.72,1.37,2,4,1,1,1,1,0,0,0.0,0.0,0.0,7355079,BAL 
622,Parker Mushinski ,12.7,11,1,0,4.86,1.61,7,13,6,2,13,0,1,0,0.0,0.0,0.0,45474 ,COL 
623,Zach McCambley ,9.5,9,0,0,4.43,1.49,5,9,5,1,10,0,1,0,0.0,0.0,0.0,43984 ,CIN 
624,Pedro Avila ,5.9,5,0,0,4.57,1.44,3,6,3,1,4,1,1,0,0.0,0.0,0.0,6614 d,RP) FA
625,Landon Knack ,9.2,9,0,0,4.96,1.40,5,9,4,2,10,0,1,0,0.0,0.0,0.0,43915 ,LAD 
626,Josh White ,4.9,5,0,0,4.40,1.50,2,5,3,1,5,0,0,0,0.0,0.0,0.0,7355423,MIA 
627,Beau Brieske ,7.7,7,0,0,4.77,1.42,4,7,3,1,8,0,0,0,0.0,0.0,0.0,45085 ,DET 
628,C.J. Culpepper ,1.9,2,0,0,4.35,1.48,1,2,1,0,2,0,0,0,0.0,0.0,0.0,48348 ,MIN 
629,Lucas Braun ,8.9,6,0,0,4.77,1.38,5,9,3,1,2,2,1,0,0.0,0.0,0.0,48082 ,KC 
630,Kyle Carr ,2.0,2,0,0,4.36,1.48,1,2,1,0,2,0,0,0,0.0,0.0,0.0,47866 ,NYY 
631,Gavin Hollowell ,3.0,3,0,0,4.45,1.48,1,3,2,0,3,0,0,0,0.0,0.0,0.0,44311 ,CHC 
632,Dom Hamel ,3.0,3,0,0,4.45,1.48,2,3,2,1,2,1,0,0,0.0,0.0,0.0,45291 ,NYY 
633,Mitch Farris ,11.2,11,0,0,4.72,1.45,6,11,5,2,10,0,1,0,0.0,0.0,0.0,7354892,LAA 
634,Eiberson Castellano ,11.3,9,1,0,5.06,1.59,6,12,5,2,10,0,1,0,0.0,0.0,0.0,7354869,COL 
635,Trenton Denholm ,4.0,3,0,0,4.63,1.41,2,4,1,1,4,0,0,0,0.0,0.0,0.0,46967 ,CLE 
636,Nick Raquet ,8.2,6,0,0,4.51,1.44,4,8,3,1,9,0,1,0,0.0,0.0,0.0,46356 ,BAL 
637,Jake Cousins ,2.0,2,0,0,4.50,1.46,1,2,1,0,2,0,0,0,0.0,0.0,0.0,44219 ,LAD 
638,Randy Vasquez ,17.9,12,1,0,5.02,1.49,10,19,7,3,8,3,1,0,0.12,0.12,0.12,44895 ,SD 
639,PJ Poulin ,2.4,2,0,0,4.16,1.50,1,2,1,0,2,0,0,0,0.0,0.0,0.0,45601 ,WSH 
640,Anthony Molina ,7.8,6,0,0,4.66,1.42,4,8,3,1,6,0,0,0,0.0,0.0,0.0,46960 ,SF 
641,Tanner McDougal ,13.3,12,0,0,4.49,1.48,7,12,7,2,13,0,1,0,0.0,0.0,0.0,45058 ,CWS 
642,Nigel Belgrave ,1.8,2,0,0,5.00,1.39,1,2,1,0,2,0,0,0,0.0,0.0,0.0,47990 ,MIA 
643,Johan Moreno ,1.8,2,0,0,4.52,1.48,1,2,1,0,2,0,0,0,0.0,0.0,0.0,7357174,SD 
644,T.J. Brock ,4.0,4,0,0,4.47,1.49,2,4,2,1,4,0,0,0,0.0,0.0,0.0,46561 ,TOR 
645,Ethan Roberts ,5.2,5,0,0,4.52,1.48,3,5,2,1,5,0,0,0,0.0,0.0,0.0,45007 ,CHC 
646,Gus Varland ,5.9,6,0,0,4.80,1.44,3,6,2,1,6,0,0,0,0.01,0.01,0.0,44167 ,WSH 
647,Alexander Alberto ,3.8,4,0,0,4.76,1.45,2,4,2,1,4,0,0,0,0.0,0.0,0.0,7356378,TB 
648,Paul Gervase ,6.3,6,0,0,4.75,1.44,3,6,3,1,7,0,0,0,0.0,0.0,0.0,7354079,LAD 
649,Marco Raya ,7.1,6,0,0,4.44,1.48,4,7,3,1,8,0,0,0,0.0,0.0,0.0,45071 ,MIN 
650,Tyler Gilbert ,7.2,6,0,0,4.65,1.44,4,7,3,1,7,0,0,0,0.0,0.0,0.0,8370 d,CWS 
651,Connor Phillips ,6.1,6,0,0,4.53,1.49,3,5,4,1,6,0,0,0,0.0,0.0,0.0,45860 ,CIN 
652,Jack Wenninger ,4.3,4,0,0,4.69,1.45,2,4,2,1,1,1,0,0,0.01,0.01,0.0,48075 ,NYM 
653,Ryan Weiss ,2.8,3,0,0,4.53,1.51,1,3,1,0,2,0,0,0,0.0,0.0,0.0,45012 ,HOU 
654,Blake Wehunt ,2.1,2,0,0,4.52,1.49,1,2,1,0,0,0,0,0,0.0,0.0,0.0,48080 ,BOS 
655,Rolddy Munoz ,2.5,2,0,0,4.37,1.49,1,2,1,0,3,0,0,0,0.0,0.0,0.0,47409 ,ATL 
656,Burch Smith ,1.9,1,0,0,4.60,1.40,1,2,1,0,2,0,0,0,0.0,0.0,0.0,5440 d,DET 
657,Josh Stephan ,3.4,3,0,0,5.33,1.33,2,4,1,1,2,1,0,0,0.0,0.0,0.0,46942 ,TOR 
658,Thomas Harrington ,5.5,4,0,0,4.75,1.41,3,6,2,1,4,0,0,0,0.0,0.0,0.0,46309 ,PIT 
659,Mason Molina ,2.1,2,0,0,4.55,1.50,1,2,1,0,0,0,0,0,0.0,0.0,0.0,7354588,STL 
660,Cam Sanders ,10.1,11,0,0,4.51,1.52,5,9,6,1,11,0,1,0,0.0,0.0,0.0,45166 ,BAL 
661,Blake Walston ,3.8,3,0,0,4.36,1.50,2,4,2,1,4,0,0,0,0.0,0.0,0.0,23976 ,ARI 
662,Brandon Neeck ,3.0,3,0,0,4.48,1.52,1,3,2,0,3,0,0,0,0.0,0.0,0.0,46742 ,PIT 
663,Luis De Leon ,2.1,2,0,0,4.47,1.52,1,2,1,0,0,0,0,0,0.0,0.0,0.0,48330 ,BAL 
664,Jaden Woods ,1.7,2,0,0,5.17,1.44,1,2,1,0,2,0,0,0,0.0,0.0,0.0,47152 ,CWS 
665,Jack Dallas ,1.7,2,0,0,5.20,1.45,1,2,1,0,2,0,0,0,0.0,0.0,0.0,46739 ,PHI 
666,Logan VanWey ,6.0,6,0,0,4.42,1.53,3,6,3,1,6,0,0,0,0.0,0.0,0.0,47682 ,HOU 
667,Aaron Rozek ,1.8,1,0,0,4.47,1.47,1,2,1,0,2,0,0,0,0.0,0.0,0.0,7354058,MIN 
668,Jaxon Wiggins ,3.0,3,0,0,4.55,1.52,2,3,2,0,1,1,0,0,0.01,0.01,0.0,47162 ,CHC 
669,Cameron Foster ,4.5,4,0,0,4.50,1.50,2,5,2,1,5,0,0,0,0.0,0.0,0.0,46745 ,BAL 
670,Jeff Criswell ,5.8,6,0,0,4.63,1.50,3,6,3,1,6,0,0,0,0.0,0.0,0.0,43888 ,COL 
671,Zak Kent ,4.5,4,0,0,4.57,1.49,2,5,2,1,5,0,0,0,0.0,0.0,0.0,45175 ,WSH 
672,Brandon Waddell ,2.7,3,0,0,5.01,1.48,2,3,1,1,2,1,0,0,0.0,0.0,0.0,8225 d,NYM 
673,Seth Martinez ,2.7,2,0,0,4.48,1.51,1,3,1,0,3,0,0,0,0.0,0.0,0.0,44186 ,BOS 
674,Jagger Haynes ,3.6,3,0,0,5.07,1.41,2,4,2,1,1,1,0,0,0.0,0.0,0.0,44191 ,SD 
675,Richard Lovelady ,2.5,2,0,0,4.45,1.54,1,3,1,0,3,0,0,0,0.0,0.0,0.0,7533 d,WSH 
676,Woo-Suk Go ,6.6,6,0,0,4.78,1.46,4,7,3,1,7,0,0,0,0.0,0.0,0.0,48284 ,MIN 
677,Kade Strowd ,7.6,7,0,0,4.29,1.55,4,8,4,1,8,0,0,0,0.0,0.0,0.0,47100 ,ARI 
678,Brandan Bidois ,6.8,7,0,0,4.58,1.52,3,6,4,1,7,0,0,0,0.0,0.0,0.0,7355090,MIA 
679,Wikelman Gonzalez ,5.9,6,0,0,4.66,1.51,3,5,3,1,6,0,0,0,0.0,0.0,0.0,45333 ,MIA 
680,Drew Thorpe ,7.4,6,0,0,4.80,1.44,4,8,3,1,2,1,1,0,0.0,0.0,0.0,47300 ,CWS 
681,Matt Pushard ,4.5,4,0,0,4.98,1.44,3,5,2,1,5,0,0,0,0.0,0.0,0.0,48327 ,MIA 
682,Luke Little ,7.5,8,0,0,4.30,1.58,4,6,5,1,8,0,0,0,0.0,0.0,0.0,44602 ,KC 
683,Cameron Weston ,7.8,7,0,0,4.67,1.48,4,8,3,1,6,0,1,0,0.0,0.0,0.0,7355227,BAL 
684,Troy Watson ,3.7,3,0,0,4.81,1.47,2,4,2,1,4,0,0,0,0.0,0.0,0.0,47338 ,DET 
685,Brian Keller ,8.3,7,0,0,4.88,1.43,5,8,3,1,5,1,0,0,0.0,0.0,0.0,7867 d,PHI 
686,Connor Seabold ,3.0,2,0,0,5.35,1.36,2,3,1,0,3,0,0,0,0.0,0.0,0.0,43957 ,KC 
687,Will Childers ,1.6,2,0,0,5.47,1.52,1,2,1,0,2,0,0,0,0.0,0.0,0.0,7355170,MIL 
688,Shawn Dubin ,1.7,2,0,0,5.44,1.51,1,2,1,0,2,0,0,0,0.0,0.0,0.0,43916 ,RP) FA
689,Brandon Williamson ,20.0,16,1,0,5.05,1.51,11,20,9,3,9,3,1,0,0.0,0.0,0.0,38375 ,CIN 
690,Mark Manfredi ,5.6,5,0,0,4.60,1.51,3,5,3,1,6,0,0,0,0.0,0.0,0.0,7356980,COL 
691,Tommy McCollum ,1.6,2,0,0,5.50,1.53,1,2,1,0,2,0,0,0,0.0,0.0,0.0,7356396,TB 
692,Bobby Miller ,3.2,3,0,0,5.19,1.45,2,3,1,0,4,0,0,0,0.0,0.0,0.0,43804 ,LAD 
693,Isaiah Campbell ,1.5,1,0,0,6.08,1.35,1,2,1,0,2,0,0,0,0.0,0.0,0.0,38329 ,ARI 
694,Daison Acosta ,3.6,4,0,0,4.98,1.52,2,4,2,1,4,0,0,0,0.0,0.0,0.0,47109 ,SD 
695,David Sandlin ,9.2,8,0,0,4.68,1.48,5,10,4,1,8,1,1,0,0.01,0.01,0.0,47089 ,CWS 
696,Carter Baumler ,4.7,4,0,0,4.59,1.53,2,5,2,1,5,0,0,0,0.0,0.0,0.0,44344 ,TEX 
697,Peyton Pallette ,5.1,5,0,0,4.44,1.58,3,5,3,1,5,0,0,0,0.0,0.0,0.0,46306 ,CWS 
698,Collin Baumgartner ,2.7,2,0,0,5.03,1.49,2,3,2,1,3,0,0,0,0.0,0.0,0.0,7357220,COL 
699,Raymond Burgos ,6.8,5,0,0,4.75,1.46,4,7,2,1,7,0,0,0,0.0,0.0,0.0,46759 ,BOS 
700,Eddy Yean ,9.5,8,0,0,4.51,1.51,5,9,4,1,10,0,0,0,0.0,0.0,0.0,44092 ,WSH 
701,Trent Baker ,4.6,4,0,0,5.04,1.46,3,5,2,1,5,0,0,0,0.0,0.0,0.0,45676 ,MIN 
702,Ben Bowden ,4.7,4,0,0,4.81,1.50,3,5,3,1,5,0,0,0,0.0,0.0,0.0,8507 d,ATH 
703,Charlie Barnes ,4.6,4,0,0,4.57,1.55,2,5,2,1,3,1,0,0,0.0,0.0,0.0,43670 ,LAD 
704,Marquis Grissom ,1.6,2,0,0,5.68,1.58,1,2,1,0,2,0,0,0,0.0,0.0,0.0,7354977,WSH 
705,Brooks Kriske ,3.2,3,0,0,5.00,1.53,2,3,2,0,3,0,0,0,0.0,0.0,0.0,39164 ,ATH 
706,Matt Seelinger ,3.5,4,0,0,5.20,1.52,2,3,2,0,4,0,0,0,0.0,0.0,0.0,45036 ,NYM 
707,Chase Solesky ,6.0,4,0,0,4.72,1.47,3,6,2,1,5,0,0,0,0.0,0.0,0.0,7354053,CIN 
708,Braden Nett ,2.8,2,0,0,4.62,1.58,1,3,2,0,2,0,0,0,0.0,0.0,0.0,46577 ,ATH 
709,Erick Fedde ,23.5,17,1,0,5.06,1.48,13,25,9,4,10,3,2,0,0.02,0.02,0.01,6029 d,CWS 
710,Trey Supak ,3.3,2,0,0,5.51,1.38,2,4,1,1,2,1,1,0,0.0,0.0,0.0,7246 d,TEX 
711,Jorge Alcala ,1.5,2,0,0,5.84,1.62,1,2,1,0,2,0,0,0,0.0,0.0,0.0,32878 ,RP) FA
712,Tucker Davidson ,3.7,3,0,0,4.79,1.54,2,4,2,1,2,0,0,0,0.0,0.0,0.0,8478 d,PHI 
713,Tyler Schweitzer ,9.5,6,0,0,4.68,1.45,5,10,3,1,10,0,1,0,0.0,0.0,0.0,48351 ,CWS 
714,Guillo Zuniga ,3.6,3,0,0,5.01,1.51,2,3,2,0,4,0,0,0,0.0,0.0,0.0,7510 d,NYM 
715,Peyton Alford ,1.6,2,0,0,5.81,1.61,1,2,1,0,2,0,0,0,0.0,0.0,0.0,45640 ,SEA 
716,Connor Thomas ,6.5,4,0,0,4.80,1.45,3,7,2,1,7,0,0,0,0.0,0.0,0.0,45724 ,KC 
717,Harrison Cohen ,1.5,2,0,0,5.90,1.64,1,2,1,0,2,0,0,0,0.0,0.0,0.0,46544 ,NYY 
718,Jason Alexander ,10.5,8,0,0,4.70,1.47,5,11,4,2,6,1,1,0,0.0,0.0,0.0,10607 ,HOU 
719,Nolan Kingham ,4.6,4,0,0,4.99,1.50,3,5,2,1,5,0,0,0,0.0,0.0,0.0,44286 ,SEA 
720,Luis Curvelo ,5.9,5,0,0,5.01,1.47,3,6,3,1,6,0,0,0,0.0,0.0,0.0,45194 ,TEX 
721,Stephen Jones ,4.6,4,0,0,4.90,1.52,3,5,3,1,5,0,0,0,0.0,0.0,0.0,45741 ,MIA 
722,Troy Taylor ,5.5,5,0,0,4.73,1.54,3,5,3,1,6,0,0,0,0.0,0.0,0.0,47701 ,SEA 
723,Wilian Bormie ,3.0,3,0,0,5.10,1.57,2,3,2,0,3,0,0,0,0.0,0.0,0.0,7357038,TEX 
724,Julian Aguiar ,5.2,4,0,0,5.11,1.45,3,5,2,1,3,0,0,0,0.0,0.0,0.0,46794 ,CIN 
725,Eric Cerantola ,3.3,3,0,0,4.72,1.61,2,3,2,0,3,0,0,0,0.0,0.0,0.0,45097 ,SF 
726,Zach Maxwell ,9.1,9,0,0,4.72,1.52,5,8,5,1,10,0,0,0,0.0,0.0,0.0,48296 ,CIN 
727,Sam Bachman ,9.6,9,0,0,4.49,1.55,5,9,5,1,10,0,1,0,0.01,0.01,0.0,44677 ,LAA 
728,Hunter Parks ,3.5,3,0,0,4.99,1.55,2,3,2,1,4,0,0,0,0.0,0.0,0.0,45112 ,CIN 
729,Jose Franco ,6.2,6,0,0,4.93,1.51,3,6,3,1,7,0,0,0,0.0,0.0,0.0,7356362,CIN 
730,Austin Love ,7.9,7,0,0,4.59,1.54,4,8,4,1,8,0,1,0,0.0,0.0,0.0,45127 ,STL 
731,Antwone Kelly ,7.3,6,0,0,4.89,1.48,4,7,3,1,6,0,0,0,0.0,0.0,0.0,7356476,PIT 
732,Alek Jacob ,6.8,6,0,0,4.94,1.49,4,7,3,1,7,0,0,0,0.0,0.0,0.0,46893 ,SD 
733,Carson Palmquist ,9.4,9,0,0,4.67,1.53,5,9,4,1,9,0,1,0,0.0,0.0,0.0,46365 ,WSH 
734,Eric Reyzelman ,3.5,4,0,0,4.89,1.64,2,3,2,0,4,0,0,0,0.0,0.0,0.0,46522 ,NYY 
735,Andrew Baker ,4.7,4,0,0,5.00,1.52,3,5,3,1,5,0,0,0,0.0,0.0,0.0,47016 ,COL 
736,Emiliano Teodo ,5.4,6,0,0,4.85,1.58,3,5,3,1,6,0,0,0,0.0,0.0,0.0,46399 ,TEX 
737,Mitch Spence ,8.9,6,0,0,4.76,1.47,5,10,3,1,5,1,0,0,0.0,0.0,0.0,45318 ,KC 
738,Jonathan Hernandez ,4.3,4,0,0,4.77,1.60,2,4,2,0,4,0,0,0,0.0,0.0,0.0,7920 d,LAD 
739,Jack Ralston ,8.6,9,0,0,4.73,1.55,5,8,5,1,9,0,0,0,0.0,0.0,0.0,45134 ,MIA 
740,Ryan Ramsey ,4.3,3,0,0,5.34,1.47,3,5,2,1,1,1,0,0,0.0,0.0,0.0,7356990,KC 
741,Beau Burrows ,2.9,3,0,0,5.64,1.57,2,3,2,0,3,0,0,0,0.0,0.0,0.0,39323 ,PIT 
742,Xzavion Curry ,7.2,5,0,0,5.07,1.45,4,8,3,1,7,0,0,0,0.0,0.0,0.0,44893 ,NYM 
743,Jaden Hill ,10.2,10,0,0,4.70,1.54,5,10,5,1,11,0,1,0,0.0,0.0,0.0,44709 ,COL 
744,Daniel Harper ,1.5,1,0,0,6.10,1.69,1,2,1,0,2,0,0,0,0.0,0.0,0.0,7354250,PHI 
745,Tanner Gordon ,24.7,19,1,0,5.32,1.45,15,29,6,5,14,2,2,0,0.0,0.0,0.0,45244 ,COL 
746,Chase Petty ,17.2,13,1,0,5.22,1.53,10,18,7,3,11,2,1,0,0.0,0.0,0.0,44688 ,CIN 
747,Wyatt Mills ,10.1,9,0,0,4.65,1.54,5,10,5,1,11,0,0,0,0.0,0.0,0.0,44058 ,WSH 
748,Cole Henry ,6.2,6,0,0,4.95,1.56,3,6,3,1,6,0,0,0,0.0,0.0,0.0,43818 ,WSH 
749,Garrett Hawkins ,5.6,5,0,0,5.07,1.54,3,6,3,1,6,0,0,0,0.0,0.0,0.0,45387 ,SD 
750,Dylan Ross ,4.6,5,0,0,5.09,1.61,3,4,3,0,5,0,0,0,0.0,0.0,0.0,46573 ,NYM 
751,Noah Murdock ,6.2,6,0,0,4.39,1.67,3,6,4,1,7,0,0,0,0.0,0.0,0.0,45100 ,PIT 
752,Mike Paredes ,4.0,3,0,0,5.23,1.56,2,5,1,1,3,0,0,0,0.0,0.0,0.0,7357001,MIN 
753,Domingo Gonzalez ,4.6,4,0,0,4.86,1.62,3,5,3,1,5,0,0,0,0.0,0.0,0.0,46657 ,SEA 
754,Dan Hammer ,4.6,4,0,0,4.87,1.62,3,5,3,1,5,0,0,0,0.0,0.0,0.0,7354875,NYM 
755,Tanner Andrews ,4.2,4,0,0,5.41,1.56,3,4,3,1,5,0,0,0,0.0,0.0,0.0,45046 ,TOR 
756,Mason Black ,17.6,13,1,0,5.16,1.54,10,19,8,3,8,2,1,0,0.0,0.0,0.0,46147 ,KC 
757,Nolan Hoffman ,8.9,8,0,0,4.69,1.56,5,9,4,1,10,0,1,0,0.0,0.0,0.0,45031 ,KC 
758,Bradley Blalock ,8.2,6,0,0,5.07,1.47,5,9,3,1,5,1,1,0,0.0,0.0,0.0,44601 ,MIA 
759,Henry Williams ,5.8,4,0,0,5.36,1.46,3,6,2,1,1,1,0,0,0.0,0.0,0.0,46341 ,KC 
760,Nick Davila ,9.7,7,0,0,4.69,1.52,5,10,4,1,10,0,1,0,0.0,0.0,0.0,7354070,SEA 
761,Alimber Santa ,10.6,10,0,0,4.50,1.59,5,10,6,1,11,0,0,0,0.0,0.0,0.0,46838 ,HOU 
762,Antoine Kelly ,8.2,8,0,0,4.37,1.65,4,8,5,1,8,0,0,0,0.0,0.0,0.0,43706 ,CHC 
763,Valente Bellozo ,4.7,3,0,0,5.42,1.49,3,5,1,1,4,0,0,0,0.0,0.0,0.0,44398 ,COL 
764,German Marquez ,7.6,6,0,0,5.45,1.43,5,8,3,1,2,1,1,0,0.01,0.01,0.0,5893 d,MIN 
765,Najer Victor ,7.1,7,0,0,5.00,1.56,4,7,4,1,7,0,0,0,0.0,0.0,0.0,7354961,LAA 
766,Zach Agnos ,13.7,10,1,0,5.26,1.59,8,15,5,2,14,0,1,0,0.0,0.0,0.0,7354314,COL 
767,Alex McFarlane ,10.5,10,0,0,4.68,1.57,5,10,5,2,10,0,0,0,0.0,0.0,0.0,46578 ,PHI 
768,Yunior Tur ,10.2,9,0,0,5.01,1.51,6,10,5,2,11,0,1,0,0.0,0.0,0.0,7354973,ATH 
769,TJ Shook ,7.0,5,0,0,5.15,1.51,4,7,3,1,7,0,0,0,0.0,0.0,0.0,47359 ,COL 
770,Karson Milbrandt ,8.4,7,0,0,5.02,1.53,5,8,4,1,2,2,1,0,0.01,0.02,0.0,46371 ,MIA 
771,Shaun Anderson ,5.1,4,0,0,5.47,1.55,3,6,2,1,5,0,0,0,0.0,0.0,0.0,7291 d,LAA 
772,Juan Burgos ,8.8,7,0,0,4.71,1.58,5,9,4,1,9,0,0,0,0.0,0.0,0.0,7354112,ARI 
773,Jose Quintana ,12.1,8,1,0,5.41,1.61,7,14,5,2,2,2,1,0,0.0,0.0,0.0,4113 d,COL 
774,Wilkin Ramos ,4.4,4,0,0,5.10,1.70,3,5,3,1,5,0,0,0,0.0,0.0,0.0,46656 ,SF 
775,Joel Peguero ,10.3,8,0,0,4.72,1.56,5,11,5,1,11,0,1,0,0.0,0.0,0.0,45549 ,SF 
776,Zach Brzykcy ,9.9,9,0,0,4.84,1.57,5,10,5,1,11,0,1,0,0.0,0.0,0.0,45269 ,MIA 
777,Kade Morris ,9.1,6,0,0,4.94,1.52,5,10,3,1,5,1,1,0,0.0,0.0,0.0,47771 ,ATH 
778,Mason Barnett ,26.7,22,1,0,5.07,1.52,15,27,12,4,10,4,2,0,0.01,0.01,0.0,47092 ,ATH 
779,Sam Aldegheri ,15.8,11,1,0,5.26,1.57,9,17,7,2,8,2,1,0,0.0,0.0,0.0,47811 ,LAA 
780,Chris Roycroft ,10.4,8,0,0,4.68,1.59,5,11,5,1,11,0,1,0,0.0,0.0,0.0,46525 ,TB 
781,Mason Adams ,12.5,10,0,0,4.99,1.52,7,13,5,2,6,2,1,0,0.0,0.0,0.0,7354067,COL 
782,Beck Way ,8.8,7,0,0,4.89,1.60,5,9,4,1,9,0,1,0,0.0,0.0,0.0,43919 ,KC 
783,Carlos Rodriguez ,4.8,4,0,0,5.62,1.66,3,6,3,1,3,1,0,0,0.0,0.0,0.0,47297 ,MIL 
784,Carlos Duran ,11.0,11,0,0,4.80,1.62,6,10,7,1,12,0,0,0,0.0,0.0,0.0,44614 ,KC 
785,Sean Sullivan ,7.2,5,0,0,5.62,1.51,5,8,2,1,1,1,1,0,0.0,0.0,0.0,47828 ,COL 
786,Blas Castano ,9.1,6,0,0,5.22,1.59,5,10,3,1,10,0,1,0,0.0,0.0,0.0,7354069,COL 
787,Randy Dobnak ,37.0,21,2,0,5.04,1.56,21,42,14,4,7,7,3,0,0.06,0.09,0.03,28165 ,KC 
788,Ryan Feltner ,35.5,27,2,0,5.45,1.56,22,39,15,6,9,7,3,0,0.01,0.01,0.01,44878 ,COL 
789,Tomoyuki Sugano ,36.9,23,2,0,5.62,1.51,23,45,10,7,7,7,3,0,0.05,0.07,0.03,6991 d,COL 
790,Michael Lorenzen ,39.4,29,2,0,5.37,1.56,24,44,15,6,10,7,3,0,0.01,0.01,0.01,4976 d,COL 
