VBR,Player,AB,R,HR,RBI,SB,AVG,OBP,H,2B,3B,BB,SO,SLG,OPS,Rost,Yahoo,ESPN,PlayerId,Team
1,Jose Ramirez ,318,57,21,72,15,0.287,0.384,91,24,4,45,52,0.586,0.969,0.99,0.99,1.0,5288,CLE 
2,Aaron Judge ,295,59,26,58,4,0.29,0.379,86,13,0,41,90,0.599,0.978,0.99,0.99,1.0,4955,NYY 
3,Ronald Acuna Jr. ,291,61,19,47,17,0.281,0.389,82,16,1,44,85,0.543,0.932,0.99,0.99,1.0,6966,ATL 
4,Trea Turner ,327,51,13,55,17,0.298,0.355,98,19,2,27,62,0.488,0.843,0.99,0.99,1.0,5828,LAD 
5,Bryce Harper ,283,56,19,56,8,0.292,0.405,83,21,1,46,77,0.575,0.98,0.99,0.99,1.0,4293,PHI 
6,Rafael Devers ,320,60,20,54,2,0.303,0.368,97,24,1,27,74,0.573,0.941,0.99,0.99,1.0,5175,BOS 
7,Paul Goldschmidt ,297,53,17,56,4,0.306,0.39,91,20,1,40,73,0.552,0.942,0.99,0.99,1.0,4403,STL 
8,Vladimir Guerrero Jr. ,307,53,22,57,1,0.289,0.378,89,14,1,39,55,0.557,0.935,0.99,0.99,1.0,6050,TOR 
9,Pete Alonso ,296,49,22,65,2,0.269,0.361,80,13,1,34,76,0.539,0.9,0.99,0.99,1.0,6960,NYM 
10,Yordan Alvarez ,282,50,21,59,0,0.293,0.383,83,14,1,37,77,0.579,0.962,0.99,0.99,1.0,6461,HOU 
11,Manny Machado ,294,51,15,52,7,0.3,0.38,88,17,1,34,54,0.519,0.899,0.99,0.99,1.0,3778,SD 
12,Mike Trout ,257,55,21,50,3,0.283,0.419,73,16,1,48,73,0.601,1.021,0.99,0.99,1.0,3785,LAA 
13,Freddie Freeman ,317,56,13,51,5,0.291,0.393,92,23,1,44,61,0.489,0.882,0.99,0.99,1.0,3365,LAD 
14,Mookie Betts ,280,58,17,44,7,0.276,0.365,77,16,1,35,49,0.521,0.885,0.99,0.99,1.0,4921,LAD 
15,Kyle Tucker ,287,42,17,53,11,0.272,0.358,78,16,1,35,58,0.511,0.869,0.99,0.99,1.0,6006,HOU 
16,Luis Robert ,299,46,13,43,12,0.283,0.332,85,14,1,17,76,0.472,0.804,0.99,0.99,0.99,6935,CWS 
17,Bo Bichette ,335,51,14,47,8,0.276,0.324,92,19,1,23,69,0.466,0.79,0.99,0.99,1.0,6808,TOR 
18,Juan Soto ,274,53,17,45,6,0.267,0.431,73,15,1,67,52,0.517,0.947,0.99,0.99,1.0,6906,WSH 
19,Tim Anderson ,308,47,10,36,11,0.308,0.344,95,17,1,13,69,0.468,0.812,0.98,0.98,0.97,4956,CWS 
20,George Springer ,290,53,17,46,4,0.266,0.347,77,14,2,32,70,0.506,0.853,0.99,0.98,1.0,4614,TOR 
21,Xander Bogaerts ,301,49,11,45,3,0.304,0.377,92,22,0,32,63,0.489,0.866,0.99,0.99,1.0,4347,BOS 
22,J.D. Martinez ,292,48,14,45,0,0.304,0.379,89,23,1,32,77,0.527,0.906,0.99,0.98,0.99,4339,BOS 
23,Francisco Lindor ,305,48,13,50,9,0.25,0.331,76,13,2,33,59,0.431,0.762,0.99,0.99,1.0,4569,NYM 
24,Austin Riley ,304,46,19,50,1,0.264,0.336,80,16,1,26,87,0.515,0.851,0.99,0.99,0.99,6022,ATL 
25,Byron Buxton ,253,46,19,42,6,0.255,0.316,65,15,1,18,68,0.543,0.859,0.98,0.98,0.98,4672,MIN 
26,Starling Marte ,281,47,9,37,14,0.275,0.333,77,14,2,17,58,0.433,0.767,0.99,0.99,0.98,4377,NYM 
27,C.J. Cron ,289,43,17,52,0,0.275,0.345,79,16,1,25,71,0.514,0.859,0.97,0.96,0.97,4688,COL 
28,Trevor Story ,294,45,13,48,11,0.24,0.319,71,18,1,31,83,0.444,0.763,0.98,0.98,0.97,4747,BOS 
29,Jazz Chisholm Jr. ,270,43,14,42,13,0.239,0.301,65,10,4,22,85,0.461,0.761,0.98,0.98,0.97,8449,MIA 
30,Dansby Swanson ,295,45,12,43,8,0.269,0.338,79,15,1,28,81,0.45,0.788,0.94,0.95,0.94,5965,ATL 
31,Kyle Schwarber ,271,50,21,46,2,0.23,0.346,62,12,0,45,88,0.506,0.853,0.97,0.96,0.98,5686,PHI 
32,Jose Altuve ,293,49,15,38,4,0.275,0.346,80,16,1,29,48,0.485,0.832,0.99,0.98,1.0,4334,HOU 
33,Brandon Lowe ,299,50,18,47,3,0.239,0.328,71,15,2,35,94,0.48,0.808,0.81,0.85,0.77,7236,TB 
34,Anthony Rizzo ,279,45,17,48,5,0.241,0.342,67,12,1,32,51,0.474,0.817,0.97,0.95,0.99,4307,NYY 
35,Tommy Edman ,288,50,7,30,14,0.276,0.338,80,14,3,24,48,0.418,0.756,0.97,0.96,0.99,7752,STL 
36,Jose Abreu ,310,46,15,49,0,0.267,0.353,83,18,1,35,78,0.471,0.824,0.97,0.97,0.98,4594,CWS 
37,Teoscar Hernandez ,285,41,15,47,5,0.26,0.319,74,15,1,22,84,0.48,0.799,0.94,0.96,0.91,4846,TOR 
38,Adolis Garcia ,305,41,15,48,9,0.235,0.281,72,14,2,17,101,0.439,0.719,0.85,0.9,0.8,6901,TEX 
39,Randy Arozarena ,296,43,11,40,12,0.253,0.327,75,17,2,25,88,0.437,0.764,0.93,0.96,0.9,6962,TB 
40,Bobby Witt Jr. ,296,42,12,41,11,0.251,0.302,74,17,3,20,75,0.447,0.749,0.95,0.96,0.94,6810,KC 
41,Cedric Mullins II ,317,45,10,33,15,0.253,0.316,80,17,2,25,66,0.414,0.73,0.98,0.97,0.98,7400,BAL 
42,Giancarlo Stanton ,261,37,18,52,0,0.259,0.346,68,10,0,33,83,0.508,0.853,0.98,0.98,0.98,3783,NYY 
43,Josh Bell ,282,42,13,49,0,0.279,0.366,79,13,1,36,62,0.471,0.836,0.96,0.94,0.99,4664,WSH 
44,Matt Olson ,299,43,16,50,1,0.256,0.364,76,22,0,44,73,0.496,0.86,0.99,0.98,1.0,5718,ATL 
45,Nolan Arenado ,294,39,15,51,1,0.265,0.338,78,16,1,29,49,0.476,0.813,0.99,0.99,1.0,4350,STL 
46,Nick Castellanos ,305,43,13,47,2,0.269,0.33,82,19,1,24,73,0.463,0.793,0.97,0.97,0.98,4631,PHI 
47,Kris Bryant ,276,48,12,39,3,0.274,0.364,76,17,1,33,69,0.477,0.841,0.93,0.94,0.93,4934,COL 
48,Rhys Hoskins ,280,45,17,47,1,0.247,0.344,69,16,1,39,79,0.495,0.84,0.91,0.9,0.92,6744,PHI 
49,Marcus Semien ,328,47,12,40,10,0.24,0.311,79,16,1,34,70,0.409,0.721,0.97,0.97,0.98,4544,TEX 
50,Corey Seager ,302,44,15,43,3,0.258,0.334,78,14,1,32,57,0.463,0.797,0.98,0.97,0.99,4805,TEX 
51,Bryan Reynolds ,302,44,14,38,3,0.271,0.356,82,15,3,35,69,0.474,0.83,0.94,0.93,0.94,6818,PIT 
52,Julio Rodriguez ,278,37,10,35,13,0.266,0.332,74,14,1,24,70,0.434,0.766,0.89,0.92,0.86,43685,SEA 
53,Wander Franco ,293,46,9,38,5,0.28,0.332,82,17,4,23,40,0.454,0.786,0.99,0.98,1.0,7147,TB 
54,Ryan Mountcastle ,287,39,15,45,2,0.263,0.312,76,14,1,18,80,0.478,0.79,0.87,0.88,0.85,7239,BAL 
55,Christian Yelich ,276,47,11,35,9,0.255,0.358,70,12,2,40,76,0.431,0.789,0.97,0.96,0.97,4596,MIL 
56,Ty France ,294,38,11,45,0,0.292,0.368,86,15,0,22,60,0.463,0.831,0.97,0.95,0.98,8163,SEA 
57,Fernando Tatis Jr. ,166,34,14,34,8,0.286,0.376,47,9,1,21,49,0.596,0.972,0.97,0.96,0.98,6853,SD 
58,Jared Walsh ,281,38,15,48,1,0.256,0.323,72,15,1,22,80,0.478,0.802,0.91,0.93,0.9,8473,LAA 
59,Jorge Polanco ,290,41,11,43,5,0.258,0.332,75,15,1,32,57,0.434,0.766,0.91,0.91,0.92,5354,MIN 
60,Tyler O'Neill ,245,37,13,43,7,0.244,0.308,60,10,1,21,83,0.454,0.761,0.78,0.86,0.69,5050,STL 
61,Austin Hays ,281,39,12,42,3,0.268,0.323,75,16,1,19,63,0.458,0.781,0.83,0.79,0.86,7238,BAL 
62,Ketel Marte ,290,43,9,35,4,0.282,0.353,82,23,2,27,48,0.465,0.818,0.95,0.93,0.96,5179,ARI 
63,Mitch Haniger ,277,42,16,44,1,0.243,0.318,67,12,1,26,77,0.465,0.783,0.69,0.72,0.67,6481,SEA 
64,Franmil Reyes ,289,37,17,47,1,0.241,0.314,70,11,0,28,96,0.455,0.768,0.56,0.56,0.57,6005,CLE 
65,Ian Happ ,263,39,12,40,5,0.257,0.357,68,14,2,39,87,0.458,0.815,0.83,0.8,0.86,6008,CHC 
66,Jonathan India ,273,46,10,35,5,0.262,0.357,72,16,1,32,71,0.439,0.796,0.77,0.81,0.73,6895,CIN 
67,Ramon Laureano ,292,41,11,35,9,0.25,0.325,73,17,1,26,84,0.432,0.758,0.18,0.28,0.08,6740,OAK 
68,Whit Merrifield ,336,44,5,35,13,0.252,0.296,85,18,1,21,54,0.362,0.659,0.96,0.96,0.95,6338,KC 
69,Nelson Cruz ,263,38,13,45,1,0.263,0.346,69,11,0,27,69,0.459,0.805,0.78,0.78,0.78,3796,WSH 
70,Carlos Correa ,269,41,11,40,0,0.283,0.363,76,17,0,32,58,0.473,0.835,0.96,0.95,0.97,4673,MIN 
71,Jeremy Pena ,287,37,12,36,7,0.258,0.314,74,12,2,19,78,0.434,0.748,0.66,0.74,0.59,43642,HOU 
72,Marcell Ozuna ,282,39,15,40,2,0.251,0.317,71,12,0,26,68,0.449,0.766,0.85,0.8,0.91,4726,ATL 
73,Daulton Varsho ,281,40,12,38,6,0.249,0.318,70,15,1,25,67,0.443,0.761,0.94,0.94,0.94,7551,ARI 
74,Andres Gimenez ,268,35,9,36,10,0.26,0.312,70,14,2,15,68,0.43,0.742,0.5,0.65,0.35,7049,CLE 
75,Charlie Blackmon ,288,41,11,39,2,0.268,0.332,77,14,2,24,54,0.445,0.777,0.85,0.78,0.92,4418,COL 
76,Josh Naylor ,283,36,12,45,1,0.266,0.326,75,17,1,24,55,0.454,0.78,0.41,0.39,0.44,6054,CLE 
77,Tommy Pham ,249,42,10,33,7,0.257,0.355,64,12,1,37,65,0.435,0.79,0.56,0.57,0.55,5584,CIN 
78,Willson Contreras ,248,42,13,36,2,0.256,0.363,64,13,1,30,78,0.477,0.84,0.98,0.98,0.98,5919,CHC 
79,Gleyber Torres ,268,36,13,38,4,0.257,0.323,69,12,1,25,59,0.452,0.776,0.88,0.86,0.89,5133,NYY 
80,Jake Cronenworth ,294,45,8,43,2,0.259,0.342,76,18,3,31,50,0.423,0.765,0.96,0.94,0.98,7868,SD 
81,Willy Adames ,261,40,14,40,3,0.238,0.315,62,14,1,29,80,0.453,0.769,0.85,0.85,0.85,5988,MIL 
82,Matt Chapman ,281,43,15,43,1,0.227,0.316,64,13,1,34,93,0.441,0.756,0.78,0.75,0.81,6315,TOR 
83,Jorge Soler ,291,42,17,42,0,0.228,0.32,66,15,0,36,87,0.452,0.773,0.73,0.68,0.78,4495,MIA 
84,Amed Rosario ,309,42,5,30,8,0.274,0.311,85,14,4,16,65,0.396,0.707,0.56,0.58,0.54,5994,CLE 
85,Alex Bregman ,283,44,11,43,1,0.246,0.358,69,18,0,46,44,0.43,0.788,0.98,0.96,1.0,5973,HOU 
86,Will Smith ,231,37,13,42,1,0.251,0.357,58,11,0,33,57,0.477,0.835,0.99,0.98,1.0,7671,LAD 
87,Rowdy Tellez ,262,33,14,44,0,0.256,0.325,67,15,0,23,62,0.473,0.798,0.47,0.46,0.49,5030,MIL 
88,Oneil Cruz ,236,32,11,34,7,0.265,0.32,62,12,2,18,63,0.472,0.792,0.66,0.77,0.55,39199,PIT 
89,Nathaniel Lowe ,287,38,11,37,2,0.265,0.342,76,12,1,32,80,0.435,0.777,0.4,0.38,0.42,7914,TEX 
90,Hunter Renfroe ,248,36,16,39,1,0.243,0.303,60,12,0,21,70,0.479,0.782,0.72,0.7,0.74,4959,MIL 
91,DJ LeMahieu ,292,44,7,35,2,0.272,0.346,80,15,0,31,45,0.398,0.744,0.95,0.92,0.99,4417,NYY 
92,Lourdes Gurriel Jr. ,281,34,10,40,2,0.271,0.322,76,18,1,18,62,0.441,0.763,0.79,0.72,0.85,6931,TOR 
93,Chris Taylor ,273,39,10,37,5,0.249,0.333,68,17,3,32,86,0.44,0.773,0.84,0.88,0.81,4888,LAD 
94,Steven Kwan ,295,41,6,33,5,0.274,0.346,81,15,3,30,41,0.405,0.752,0.26,0.16,0.36,44349,CLE 
95,Cody Bellinger ,266,38,12,39,6,0.229,0.316,61,14,2,30,67,0.438,0.755,0.88,0.84,0.92,6045,LAD 
96,J.T. Realmuto ,264,39,8,35,7,0.253,0.328,67,14,2,24,69,0.414,0.742,0.98,0.98,0.99,5371,PHI 
97,Trey Mancini ,284,37,11,37,0,0.274,0.353,78,14,1,29,72,0.441,0.794,0.69,0.68,0.71,5976,BAL 
98,Josh Rojas ,283,41,8,32,8,0.25,0.33,71,14,2,34,74,0.396,0.726,0.31,0.3,0.32,26964,ARI 
99,Joey Gallo ,250,41,18,41,2,0.201,0.333,50,8,0,46,105,0.448,0.782,0.45,0.37,0.53,4711,NYY 
100,Mark Canha ,263,42,9,36,3,0.257,0.361,68,11,1,34,68,0.409,0.77,0.55,0.44,0.67,5670,NYM 
101,Justin Turner ,276,39,10,44,1,0.25,0.327,69,17,0,28,52,0.417,0.744,0.79,0.7,0.89,4261,LAD 
102,Joey Votto ,262,38,13,42,1,0.239,0.357,63,14,1,43,71,0.446,0.803,0.6,0.53,0.68,3535,CIN 
103,Taylor Ward ,223,37,11,33,3,0.268,0.359,60,12,1,30,65,0.479,0.838,0.92,0.9,0.93,6071,LAA 
104,Max Muncy ,245,43,13,43,1,0.221,0.359,54,11,1,48,67,0.436,0.795,0.85,0.8,0.9,5207,LAD 
105,Eric Hosmer ,300,35,8,40,2,0.272,0.334,82,15,0,27,65,0.405,0.739,0.5,0.4,0.6,3329,SD 
106,Randal Grichuk ,261,34,11,40,2,0.262,0.306,68,12,1,15,59,0.447,0.752,0.44,0.38,0.49,5423,COL 
107,Harrison Bader ,254,37,9,29,10,0.25,0.314,63,10,2,20,68,0.403,0.718,0.58,0.65,0.51,6480,STL 
108,Andrew Benintendi ,284,35,7,34,4,0.281,0.349,80,15,2,29,61,0.421,0.769,0.78,0.7,0.86,5972,KC 
109,Ke'Bryan Hayes ,290,38,6,33,7,0.266,0.339,77,18,2,31,68,0.402,0.74,0.8,0.78,0.82,6910,PIT 
110,Brendan Rodgers ,267,38,10,37,0,0.268,0.317,72,15,1,16,59,0.438,0.755,0.56,0.59,0.54,5966,COL 
111,Alex Verdugo ,285,38,7,38,2,0.269,0.327,77,18,1,23,50,0.409,0.735,0.76,0.63,0.89,5983,BOS 
112,Anthony Santander ,265,35,13,40,1,0.246,0.316,65,12,0,24,62,0.444,0.76,0.56,0.39,0.73,4903,BAL 
113,Jeff McNeil ,261,35,6,34,2,0.295,0.356,77,17,1,20,39,0.437,0.793,0.87,0.82,0.92,8027,NYM 
114,Gavin Lux ,257,42,7,31,5,0.263,0.34,67,12,2,30,63,0.403,0.742,0.54,0.54,0.53,7421,LAD 
115,Shohei Ohtani ,285,52,19,49,10,0.258,0.348,73,15,2,37,93,0.518,0.866,0.5,0.0,1.0,7354,LAA 
116,Ryan McMahon ,283,38,10,42,2,0.242,0.327,68,15,2,33,84,0.411,0.738,0.64,0.67,0.61,5009,COL 
117,Ozzie Albies ,228,35,9,33,5,0.259,0.312,59,14,1,16,45,0.453,0.765,0.89,0.89,0.9,5980,ATL 
118,Seiya Suzuki ,212,32,10,33,4,0.267,0.355,57,13,1,28,48,0.473,0.828,0.75,0.74,0.76,6973,CHC 
119,Frank Schwindel ,271,32,12,41,1,0.253,0.299,68,14,0,17,52,0.433,0.732,0.36,0.23,0.5,7532,CHC 
120,Patrick Wisdom ,246,35,15,38,3,0.219,0.298,54,12,0,26,100,0.45,0.748,0.54,0.69,0.39,6255,CHC 
121,Thairo Estrada ,251,37,7,31,6,0.263,0.315,66,13,1,16,52,0.406,0.721,0.66,0.69,0.63,7544,SF 
122,Joc Pederson ,222,33,13,37,2,0.245,0.324,54,10,1,22,59,0.469,0.793,0.78,0.78,0.78,4769,SF 
123,Jurickson Profar ,255,40,8,33,5,0.245,0.336,63,15,2,33,45,0.406,0.742,0.87,0.84,0.9,4581,SD 
124,Christopher Morel ,236,35,9,31,6,0.253,0.325,60,12,2,23,0,0.44,0.764,0.43,0.6,0.27,44057,CHC 
125,Avisail Garcia ,284,35,10,35,4,0.249,0.306,71,11,0,18,74,0.397,0.703,0.35,0.3,0.41,4140,MIA 
126,Max Kepler ,246,36,11,37,3,0.238,0.334,59,12,1,32,53,0.431,0.766,0.49,0.28,0.7,5357,MIN 
127,Mike Yastrzemski ,250,40,11,34,1,0.25,0.346,62,16,1,33,72,0.455,0.8,0.56,0.42,0.69,8467,SF 
128,Miguel Sano ,256,36,16,41,1,0.212,0.31,54,11,0,34,102,0.444,0.754,0.09,0.09,0.1,4634,MIN 
129,AJ Pollock ,230,32,10,34,3,0.263,0.318,61,14,0,16,52,0.452,0.769,0.33,0.4,0.26,4637,CWS 
130,Adam Duvall ,260,37,14,41,1,0.219,0.282,57,11,1,21,83,0.43,0.712,0.33,0.38,0.28,5317,ATL 
131,Gio Urshela ,283,34,9,37,1,0.264,0.311,75,15,0,20,64,0.41,0.721,0.28,0.33,0.22,5595,MIN 
132,Seth Brown ,263,31,13,40,5,0.219,0.282,58,14,2,21,85,0.428,0.71,0.06,0.06,0.05,30700,OAK 
133,Luis Arraez ,246,37,3,25,2,0.319,0.391,79,11,1,28,26,0.407,0.798,0.9,0.87,0.93,8162,MIN 
134,Jesus Aguilar ,272,31,12,41,0,0.251,0.32,68,13,0,27,60,0.432,0.752,0.3,0.25,0.35,5287,MIA 
135,Garrett Cooper ,250,32,8,35,1,0.281,0.357,70,14,1,26,73,0.445,0.802,0.27,0.36,0.18,7279,MIA 
136,Michael Brantley ,267,35,6,31,1,0.294,0.363,78,15,1,27,35,0.431,0.794,0.84,0.75,0.94,3748,HOU 
137,Jesus Sanchez ,264,35,12,37,1,0.242,0.301,64,10,3,19,75,0.444,0.745,0.17,0.21,0.13,6890,MIA 
138,Javier Baez ,290,33,11,36,6,0.231,0.278,67,14,1,15,92,0.399,0.678,0.82,0.9,0.73,4606,DET 
139,Manuel Margot ,233,30,6,30,8,0.272,0.355,63,12,2,22,44,0.412,0.768,0.21,0.22,0.21,5888,TB 
140,Eugenio Suarez ,266,36,14,40,0,0.226,0.32,60,12,1,32,89,0.439,0.759,0.66,0.76,0.55,5332,SEA 
141,Myles Straw ,296,47,1,18,15,0.242,0.325,72,13,1,37,64,0.31,0.635,0.36,0.35,0.37,7628,CLE 
142,Yoan Moncada ,276,37,10,36,2,0.243,0.33,67,14,1,33,83,0.407,0.737,0.47,0.46,0.48,5679,CWS 
143,Luke Voit ,230,33,12,38,1,0.241,0.327,55,11,0,27,72,0.446,0.773,0.49,0.58,0.41,7230,SD 
144,Brandon Belt ,221,35,12,32,2,0.243,0.353,54,10,1,34,64,0.46,0.813,0.36,0.34,0.38,3107,SF 
145,Eddie Rosario ,235,32,10,33,4,0.249,0.297,59,11,1,16,39,0.434,0.73,0.31,0.19,0.43,4556,ATL 
146,Brandon Crawford ,267,35,9,37,3,0.243,0.324,65,12,2,27,62,0.399,0.723,0.45,0.42,0.48,4461,SF 
147,Kolten Wong ,252,37,7,26,8,0.251,0.33,63,13,2,24,46,0.403,0.733,0.5,0.37,0.62,4486,MIL 
148,Josh Donaldson ,237,35,12,35,1,0.242,0.35,57,13,0,37,64,0.445,0.795,0.61,0.52,0.69,3594,NYY 
149,Christian Walker ,259,34,14,37,1,0.229,0.313,59,13,1,28,71,0.448,0.761,0.45,0.47,0.44,4905,ARI 
150,Tyler Naquin ,228,32,9,34,3,0.258,0.315,59,14,1,17,60,0.448,0.763,0.06,0.08,0.05,5902,CIN 
151,Owen Miller ,292,39,7,37,1,0.254,0.307,74,20,1,22,76,0.397,0.705,0.39,0.32,0.47,10063,CLE 
152,Brandon Drury ,255,38,10,37,0,0.244,0.301,62,13,0,20,67,0.413,0.715,0.85,0.85,0.86,5607,CIN 
153,Eduardo Escobar ,280,36,10,37,1,0.241,0.305,68,16,3,25,65,0.426,0.731,0.59,0.52,0.66,4117,NYM 
154,Luis Garcia ,260,32,8,33,2,0.27,0.307,70,14,2,14,48,0.433,0.74,0.13,0.18,0.09,7507,WSH 
155,Dylan Carlson ,271,36,9,32,2,0.254,0.326,69,15,2,26,71,0.423,0.75,0.5,0.45,0.55,6407,STL 
156,Brandon Nimmo ,252,42,7,27,2,0.261,0.372,66,13,4,38,65,0.42,0.791,0.54,0.36,0.71,4685,NYM 
157,Connor Joe ,262,38,8,28,2,0.264,0.357,69,13,2,35,64,0.426,0.783,0.5,0.39,0.61,7302,COL 
158,Jonathan Villar ,255,33,7,27,10,0.241,0.303,61,10,1,22,71,0.376,0.679,0.1,0.16,0.04,4771,CHC 
159,MJ Melendez ,247,33,12,35,1,0.241,0.319,59,13,2,28,70,0.45,0.769,0.34,0.53,0.15,10031,KC 
160,J.P. Crawford ,286,38,6,25,4,0.271,0.351,77,16,1,33,57,0.398,0.749,0.65,0.48,0.82,4950,SEA 
161,Eloy Jimenez ,197,27,11,35,0,0.268,0.321,53,10,0,14,51,0.493,0.814,0.86,0.88,0.83,5141,CWS 
162,Alec Bohm ,269,36,7,32,2,0.259,0.312,70,12,1,21,69,0.387,0.699,0.24,0.3,0.19,7921,PHI 
163,Riley Greene ,244,33,9,30,4,0.252,0.321,61,10,3,23,75,0.422,0.743,0.46,0.61,0.31,19457,DET 
164,Andrew McCutchen ,244,33,9,34,4,0.236,0.323,58,10,0,30,63,0.389,0.712,0.23,0.15,0.3,3052,MIL 
165,Wilmer Flores ,237,33,9,35,0,0.257,0.323,61,13,0,21,36,0.428,0.752,0.59,0.46,0.71,4257,SF 
166,Kike Hernandez ,280,40,9,35,1,0.234,0.306,65,18,1,27,61,0.406,0.712,0.41,0.2,0.63,5522,BOS 
167,Nico Hoerner ,259,30,4,27,7,0.274,0.329,71,12,2,18,44,0.381,0.71,0.1,0.14,0.07,7934,CHC 
168,Isiah Kiner-Falefa ,258,35,2,24,9,0.266,0.316,69,12,1,17,41,0.349,0.664,0.17,0.2,0.13,7662,NYY 
169,Yuli Gurriel ,281,34,7,33,2,0.255,0.311,72,20,0,21,37,0.406,0.717,0.56,0.44,0.67,6438,HOU 
170,Wil Myers ,245,31,8,35,4,0.24,0.313,59,13,1,25,78,0.4,0.713,0.08,0.09,0.06,3471,SD 
171,Trent Grisham ,268,37,8,33,6,0.219,0.314,59,13,2,35,69,0.378,0.692,0.44,0.38,0.49,7502,SD 
172,Austin Meadows ,237,31,9,34,2,0.249,0.337,59,12,2,27,57,0.435,0.771,0.58,0.53,0.63,4936,DET 
173,Alex Kirilloff ,229,29,9,31,2,0.264,0.318,60,12,1,16,54,0.442,0.76,0.27,0.28,0.25,6414,MIN 
174,Tyler Stephenson ,209,30,7,33,1,0.275,0.349,57,12,0,21,47,0.435,0.783,0.8,0.82,0.77,6024,CIN 
175,Akil Baddoo ,231,32,8,26,8,0.234,0.312,54,10,3,25,66,0.4,0.711,0.09,0.08,0.09,7862,DET 
176,Kyle Farmer ,228,27,7,34,3,0.263,0.318,60,14,0,13,49,0.413,0.731,0.61,0.63,0.58,5706,CIN 
177,Santiago Espinal ,248,30,5,29,4,0.272,0.328,68,16,1,20,42,0.396,0.724,0.44,0.44,0.44,8474,TOR 
178,Jordan Luplow ,209,32,11,31,4,0.218,0.32,46,10,1,29,61,0.429,0.75,0.01,0.01,0.0,7287,ARI 
179,Andrew Vaughn ,208,27,9,32,1,0.271,0.341,56,11,0,20,49,0.452,0.793,0.68,0.74,0.63,22216,CWS 
180,Mike Moustakas ,238,31,11,34,2,0.233,0.316,55,12,0,25,54,0.42,0.737,0.06,0.04,0.08,3779,CIN 
181,Jarred Kelenic ,237,32,10,32,6,0.216,0.291,51,10,1,24,66,0.403,0.694,0.27,0.25,0.29,6884,SEA 
182,Alejandro Kirk ,201,29,8,29,0,0.284,0.361,57,12,0,23,32,0.463,0.824,0.86,0.88,0.84,43675,TOR 
183,Jose Iglesias ,248,29,3,27,3,0.293,0.331,73,16,1,10,35,0.4,0.731,0.06,0.07,0.06,3581,COL 
184,Jesse Winker ,265,33,9,34,0,0.244,0.349,65,13,0,40,54,0.396,0.746,0.71,0.62,0.81,5719,SEA 
185,Jorge Mateo ,258,27,6,24,14,0.225,0.264,58,13,3,12,74,0.363,0.627,0.17,0.22,0.11,5971,BAL 
186,Alek Thomas ,211,30,6,25,5,0.266,0.326,56,11,3,18,52,0.431,0.756,0.2,0.25,0.15,8265,ARI 
187,Bobby Dalbec ,229,31,12,33,1,0.224,0.301,51,10,1,21,84,0.44,0.741,0.12,0.15,0.08,8355,BOS 
188,Jack Suwinski ,226,31,10,29,3,0.236,0.305,53,10,1,20,0,0.42,0.725,0.09,0.13,0.05,44698,PIT 
189,Luis Urias ,222,32,9,29,2,0.241,0.334,54,9,1,27,53,0.408,0.742,0.45,0.38,0.52,6936,MIL 
190,Lane Thomas ,216,31,8,30,4,0.236,0.314,51,11,1,24,64,0.416,0.73,0.09,0.12,0.06,8293,WSH 
191,Cesar Hernandez ,289,40,4,24,2,0.262,0.323,76,14,2,24,63,0.364,0.688,0.12,0.12,0.12,4279,WSH 
192,Hunter Dozier ,242,30,9,29,2,0.247,0.313,60,13,2,22,72,0.426,0.74,0.19,0.2,0.19,4977,KC 
193,Yandy Diaz ,242,33,6,27,1,0.268,0.377,65,10,0,39,46,0.388,0.765,0.2,0.1,0.3,6677,TB 
194,David Peralta ,246,27,8,33,1,0.256,0.323,63,14,2,22,51,0.425,0.748,0.09,0.04,0.14,5497,ARI 
195,Josh Lowe ,207,29,7,27,7,0.23,0.306,48,10,2,22,66,0.403,0.709,0.06,0.08,0.04,10142,TB 
196,Jonathan Schoop ,301,32,10,33,1,0.233,0.275,70,14,1,15,66,0.383,0.659,0.31,0.19,0.43,4487,DET 
197,Yadiel Hernandez ,222,27,7,31,2,0.257,0.317,57,10,1,18,55,0.408,0.724,0.06,0.07,0.05,10179,WSH 
198,Jeimer Candelario ,278,35,9,33,0,0.229,0.305,64,14,2,27,69,0.39,0.695,0.25,0.07,0.42,5920,DET 
199,Bobby Bradley ,224,30,13,34,0,0.211,0.287,47,9,1,21,87,0.432,0.719,0.01,0.01,0.0,6002,CLE 
200,Mitch Garver ,209,29,11,30,1,0.23,0.317,48,10,0,25,68,0.443,0.759,0.29,0.43,0.15,6239,TEX 
201,Joey Wendle ,219,28,5,24,6,0.26,0.315,57,12,2,14,49,0.395,0.71,0.13,0.14,0.11,5169,MIA 
202,LaMonte Wade Jr. ,209,30,8,28,3,0.239,0.332,50,9,1,26,53,0.415,0.747,0.02,0.03,0.02,7573,SF 
203,Michael A. Taylor ,228,28,7,26,5,0.245,0.31,56,10,1,20,70,0.386,0.695,0.01,0.02,0.01,5442,KC 
204,Brad Miller ,193,26,10,30,3,0.229,0.313,44,6,1,22,61,0.426,0.739,0.04,0.04,0.04,4684,TEX 
205,Ji-Man Choi ,205,28,8,34,0,0.246,0.351,50,12,0,33,65,0.428,0.779,0.11,0.12,0.1,5302,TB 
206,Spencer Torkelson ,244,30,11,32,1,0.223,0.315,54,11,1,30,63,0.405,0.72,0.38,0.27,0.49,43877,DET 
207,Kole Calhoun ,236,30,10,31,1,0.231,0.303,54,11,1,22,62,0.412,0.715,0.08,0.09,0.06,4554,TEX 
208,David Fletcher ,290,34,2,24,5,0.263,0.31,76,15,2,19,31,0.35,0.659,0.21,0.04,0.39,7075,LAA 
209,Darin Ruf ,206,31,8,28,2,0.237,0.365,49,9,0,30,64,0.408,0.773,0.03,0.03,0.03,4616,SF 
210,Miguel Rojas ,258,30,5,25,5,0.252,0.31,65,12,1,19,38,0.37,0.68,0.04,0.03,0.05,5504,MIA 
211,Maikel Franco ,271,27,8,34,0,0.246,0.283,67,15,0,14,47,0.391,0.674,0.07,0.07,0.06,4725,WSH 
212,Tyrone Taylor ,209,25,8,31,3,0.238,0.295,50,11,1,14,51,0.425,0.72,0.04,0.05,0.03,7578,MIL 
213,Sheldon Neuse ,277,30,7,30,4,0.232,0.288,64,10,2,20,86,0.354,0.642,0.03,0.04,0.02,7488,OAK 
214,Ha-Seong Kim ,212,29,6,27,5,0.234,0.31,50,10,2,21,49,0.386,0.696,0.11,0.11,0.11,6866,SD 
215,Miguel Cabrera ,245,24,7,31,0,0.266,0.32,65,8,0,19,60,0.382,0.702,0.06,0.06,0.07,3759,DET 
216,Nolan Gorman ,207,27,8,28,1,0.25,0.303,52,10,0,14,53,0.418,0.72,0.43,0.61,0.25,7471,STL 
217,Brandon Marsh ,227,28,6,28,4,0.244,0.31,55,10,1,21,75,0.379,0.69,0.17,0.2,0.13,7393,LAA 
218,Jake Meyers ,196,26,7,26,4,0.245,0.308,48,10,1,15,56,0.419,0.726,0.01,0.01,0.0,10160,HOU 
219,Brian Anderson ,210,30,7,24,2,0.25,0.342,53,12,0,24,58,0.407,0.75,0.02,0.02,0.02,6730,MIA 
220,Aaron Hicks ,213,31,7,25,4,0.227,0.341,49,7,0,35,57,0.361,0.702,0.04,0.03,0.04,4483,NYY 
221,Robbie Grossman ,243,31,6,25,6,0.226,0.333,55,11,1,36,62,0.347,0.68,0.3,0.24,0.36,4795,DET 
222,Adley Rutschman ,219,30,8,26,1,0.242,0.325,53,12,1,25,48,0.41,0.735,0.57,0.69,0.46,8022,BAL 
223,Gary Sanchez ,203,26,11,32,1,0.213,0.302,43,11,0,21,63,0.428,0.73,0.52,0.6,0.43,4670,MIN 
224,Kevin Kiermaier ,221,30,6,23,6,0.229,0.291,51,9,2,16,60,0.374,0.665,0.02,0.02,0.01,5131,TB 
225,Travis d'Arnaud ,192,26,8,29,0,0.252,0.309,48,10,0,13,49,0.429,0.738,0.78,0.83,0.73,4099,ATL 
226,Keibert Ruiz ,208,24,7,27,1,0.265,0.325,55,12,0,17,27,0.422,0.748,0.72,0.68,0.76,6912,WSH 
227,Jarren Duran ,190,26,5,20,7,0.251,0.31,48,9,2,14,56,0.394,0.704,0.08,0.13,0.04,10054,BOS 
228,Paul DeJong ,213,27,9,29,3,0.215,0.294,46,10,0,21,60,0.39,0.684,0.01,0.01,0.01,7111,STL 
229,Christian Bethancourt ,182,26,7,24,3,0.249,0.311,45,10,1,15,0,0.422,0.733,0.11,0.18,0.05,4767,OAK 
230,Nick Senzel ,212,29,5,22,5,0.247,0.309,52,11,1,18,46,0.383,0.692,0.02,0.03,0.01,6475,CIN 
231,Adam Frazier ,285,34,3,25,3,0.248,0.314,71,15,1,25,41,0.345,0.659,0.34,0.22,0.46,6243,SEA 
232,Didi Gregorius ,199,25,7,28,1,0.253,0.311,50,10,2,14,34,0.42,0.731,0.04,0.04,0.04,4317,PHI 
233,Sean Murphy ,234,29,10,31,0,0.219,0.301,51,14,1,23,68,0.409,0.71,0.56,0.48,0.64,6609,OAK 
234,Pavin Smith ,233,27,8,29,1,0.236,0.308,55,10,1,24,48,0.387,0.695,0.04,0.03,0.04,6959,ARI 
235,Yasmani Grandal ,226,27,10,32,1,0.215,0.342,48,8,0,43,66,0.38,0.722,0.59,0.54,0.63,4445,CWS 
236,Raimel Tapia ,222,28,3,21,6,0.255,0.3,57,12,1,14,41,0.357,0.657,0.06,0.1,0.03,5240,TOR 
237,Victor Robles ,207,29,4,23,7,0.231,0.307,48,10,1,16,55,0.35,0.657,0.01,0.02,0.01,5978,WSH 
238,Ben Gamel ,220,29,5,24,3,0.248,0.34,55,12,2,30,65,0.389,0.729,0.03,0.03,0.02,5459,PIT 
239,Luis Gonzalez ,176,23,6,24,3,0.261,0.328,46,10,1,16,0,0.422,0.75,0.08,0.11,0.05,8338,SF 
240,Danny Jansen ,164,25,10,26,0,0.234,0.314,38,8,0,17,38,0.465,0.779,0.08,0.1,0.05,7237,TOR 
241,Evan Longoria ,176,23,8,26,1,0.247,0.314,44,8,0,16,43,0.434,0.748,0.03,0.04,0.02,3342,SF 
242,Jo Adell ,178,21,8,26,3,0.243,0.292,43,9,1,11,55,0.435,0.727,0.09,0.15,0.04,6899,LAA 
243,Rougned Odor ,200,26,10,30,1,0.212,0.283,42,10,2,16,62,0.42,0.703,0.03,0.03,0.02,4776,BAL 
244,Cavan Biggio ,210,31,7,25,3,0.219,0.336,46,11,1,35,65,0.38,0.716,0.07,0.08,0.06,4988,TOR 
245,Juan Yepez ,176,24,8,24,1,0.253,0.318,44,10,0,16,43,0.448,0.766,0.12,0.16,0.07,44924,STL 
246,William Contreras ,160,24,8,24,0,0.258,0.322,41,8,0,16,46,0.461,0.783,0.44,0.54,0.33,7659,ATL 
247,Trevor Larnach ,214,28,8,26,1,0.231,0.313,49,12,0,23,76,0.392,0.704,0.02,0.02,0.01,7176,MIN 
248,Chad Pinder ,209,24,8,25,1,0.244,0.295,51,11,0,14,56,0.411,0.706,0.01,0.01,0.01,4980,OAK 
249,Rafael Ortega ,189,25,5,18,6,0.248,0.326,47,9,1,22,45,0.385,0.711,0.02,0.02,0.02,5424,CHC 
250,Michael Chavis ,185,22,7,25,2,0.246,0.295,46,8,1,11,59,0.422,0.718,0.04,0.04,0.03,6946,PIT 
251,Aristides Aquino ,161,22,9,25,3,0.214,0.287,35,7,0,15,56,0.435,0.722,0.0,0.0,0.0,6544,CIN 
252,Andy Ibanez ,200,25,6,23,2,0.252,0.307,50,10,1,15,35,0.395,0.703,0.0,0.0,0.0,6676,TEX 
253,Kevin Newman ,217,24,3,22,4,0.261,0.307,57,11,2,13,23,0.364,0.671,0.01,0.01,0.0,6044,PIT 
254,Jake Burger ,170,23,9,24,0,0.243,0.296,41,9,0,12,51,0.449,0.746,0.17,0.24,0.1,10074,CWS 
255,Nicky Lopez ,270,32,1,18,7,0.244,0.312,66,11,1,24,41,0.311,0.623,0.06,0.05,0.06,7530,KC 
256,Sam Hilliard ,179,24,8,24,4,0.212,0.283,38,7,2,18,66,0.404,0.687,0.0,0.0,0.0,7679,COL 
257,Andrew Velazquez ,197,24,5,20,10,0.206,0.263,41,9,2,14,65,0.343,0.606,0.01,0.01,0.0,6228,LAA 
258,Ramon Urias ,213,26,7,24,1,0.239,0.306,51,12,0,18,58,0.391,0.697,0.01,0.0,0.01,8377,BAL 
259,Nick Madrigal ,213,25,2,17,4,0.279,0.325,59,9,2,12,18,0.365,0.69,0.15,0.03,0.27,6954,CHC 
260,Yoshi Tsutsugo ,218,26,8,30,0,0.216,0.311,47,10,0,30,63,0.375,0.686,0.01,0.01,0.01,41015,PIT 
261,Tony Kemp ,239,29,3,19,5,0.244,0.332,58,10,1,28,39,0.337,0.669,0.03,0.02,0.03,5979,OAK 
262,Tommy La Stella ,191,25,5,23,0,0.263,0.324,50,10,1,16,22,0.411,0.735,0.01,0.01,0.01,5248,SF 
263,Yonathan Daza ,192,23,2,19,2,0.29,0.337,56,10,1,12,37,0.379,0.716,0.03,0.04,0.02,7667,COL 
264,Jonah Heim ,192,23,7,24,2,0.237,0.292,45,9,0,14,39,0.391,0.683,0.46,0.45,0.47,6457,TEX 
265,Kyle Lewis ,165,22,7,22,2,0.242,0.317,40,7,1,18,53,0.427,0.745,0.16,0.2,0.11,6397,SEA 
266,Elvis Andrus ,240,28,4,19,5,0.238,0.293,57,15,1,17,40,0.351,0.643,0.02,0.02,0.03,3324,OAK 
267,Carlos Santana ,223,27,7,27,1,0.22,0.339,49,10,0,39,43,0.366,0.705,0.23,0.04,0.41,3162,KC 
268,Bryson Stott ,189,25,6,23,3,0.23,0.301,43,8,1,19,51,0.374,0.675,0.05,0.06,0.04,22308,PHI 
269,Christian Vazquez ,204,22,4,25,2,0.258,0.308,52,11,0,14,41,0.377,0.685,0.58,0.63,0.53,5391,BOS 
270,Stephen Piscotty ,202,23,7,24,2,0.231,0.296,47,9,0,17,55,0.385,0.681,0.0,0.0,0.0,5702,OAK 
271,Josh Harrison ,200,26,4,20,3,0.248,0.308,50,11,2,11,33,0.373,0.681,0.04,0.05,0.04,4372,CWS 
272,Dominic Smith ,177,21,6,26,1,0.244,0.312,43,10,1,15,45,0.404,0.716,0.02,0.02,0.01,4946,NYM 
273,Odubel Herrera ,157,21,5,20,2,0.264,0.316,42,9,1,11,30,0.436,0.752,0.01,0.01,0.01,5663,PHI 
274,Jackson Frazier ,165,22,7,21,2,0.234,0.328,39,9,0,21,53,0.415,0.743,0.0,0.0,0.0,4935,CHC 
275,Jace Peterson ,155,22,5,19,5,0.232,0.32,36,8,1,19,40,0.391,0.711,0.09,0.14,0.05,5478,MIL 
276,Gavin Sheets ,178,21,8,24,0,0.238,0.303,42,8,0,16,45,0.412,0.715,0.01,0.01,0.01,43643,CWS 
277,Nick Pratto ,149,21,7,21,2,0.234,0.314,35,7,1,16,50,0.447,0.761,0.01,0.02,0.01,7154,KC 
278,Abraham Toro ,193,25,7,23,2,0.22,0.289,42,9,0,16,37,0.374,0.663,0.02,0.02,0.01,8427,SEA 
279,Jean Segura ,136,19,4,16,4,0.279,0.331,38,6,1,9,21,0.417,0.748,0.53,0.42,0.64,4179,PHI 
280,Chas McCormick ,165,21,7,21,2,0.233,0.304,39,7,1,16,49,0.404,0.708,0.01,0.01,0.01,10177,HOU 
281,Austin Slater ,132,20,5,16,5,0.246,0.34,33,5,1,17,41,0.411,0.751,0.01,0.01,0.0,7070,SF 
282,Brendan Donovan ,156,22,2,20,2,0.274,0.355,43,9,0,19,35,0.363,0.718,0.51,0.61,0.42,45005,STL 
283,Daniel Vogelbach ,170,23,8,22,0,0.224,0.339,38,7,0,28,46,0.408,0.748,0.02,0.02,0.02,4697,PIT 
284,Jake Fraley ,131,19,6,19,4,0.228,0.323,30,6,0,17,40,0.411,0.733,0.01,0.01,0.0,8083,CIN 
285,Colin Moran ,156,18,6,26,0,0.244,0.316,38,7,0,16,43,0.411,0.727,0.0,0.0,0.01,4937,CIN 
286,Nick Solak ,153,21,5,17,3,0.251,0.32,38,6,0,13,35,0.389,0.709,0.01,0.01,0.01,7470,TEX 
287,Garrett Hampson ,136,20,4,15,5,0.247,0.307,34,6,2,12,36,0.398,0.705,0.01,0.02,0.01,7545,COL 
288,Elias Diaz ,180,21,6,22,0,0.247,0.304,44,9,0,14,34,0.398,0.702,0.08,0.1,0.06,5591,COL 
289,Mike Zunino ,162,20,10,26,0,0.191,0.262,31,6,0,13,64,0.418,0.68,0.07,0.1,0.04,4663,TB 
290,Carson Kelly ,178,22,7,23,0,0.223,0.312,40,8,0,21,42,0.381,0.693,0.08,0.06,0.1,6253,ARI 
291,Seth Beer ,158,19,6,22,0,0.246,0.328,39,8,0,13,40,0.415,0.743,0.02,0.02,0.01,6974,ARI 
293,Omar Narvaez ,172,20,5,21,0,0.258,0.34,44,8,0,19,39,0.393,0.733,0.18,0.1,0.27,6155,MIL 
294,J.D. Davis ,146,20,5,19,1,0.254,0.342,37,7,1,17,45,0.419,0.761,0.01,0.01,0.01,6148,NYM 
295,Kevin Smith ,182,20,6,22,4,0.211,0.268,38,9,1,13,56,0.381,0.649,0.0,0.0,0.01,9985,OAK 
296,Jon Berti ,125,19,2,12,8,0.245,0.336,31,6,0,16,33,0.349,0.686,0.52,0.73,0.3,6776,MIA 
297,Austin Nola ,174,21,4,21,1,0.25,0.322,43,8,0,16,34,0.367,0.689,0.12,0.14,0.1,6548,SD 
298,Franchy Cordero ,149,22,4,20,2,0.236,0.3,35,10,0,14,51,0.387,0.687,0.01,0.01,0.01,6552,BOS 
299,Max Stassi ,170,22,7,21,0,0.225,0.309,38,7,0,19,58,0.394,0.703,0.02,0.03,0.02,5251,LAA 
300,Jed Lowrie ,190,22,5,24,0,0.234,0.307,44,10,0,20,46,0.375,0.682,0.01,0.01,0.01,3479,OAK 
301,Justin Upton ,135,19,7,20,1,0.225,0.312,30,5,0,16,45,0.422,0.734,0.0,0.0,0.0,3622,SEA 
302,Jackie Bradley Jr. ,205,21,4,23,3,0.222,0.289,46,12,1,17,62,0.354,0.644,0.01,0.01,0.01,4567,BOS 
303,Andrelton Simmons ,204,22,2,20,3,0.243,0.291,50,8,0,13,28,0.318,0.609,0.0,0.0,0.0,4583,CHC 
304,Jake McCarthy ,137,19,4,15,6,0.225,0.291,31,6,2,11,42,0.38,0.671,0.0,0.0,0.0,8273,ARI 
305,Jorge Alfaro ,146,17,5,18,2,0.251,0.298,37,7,0,7,50,0.403,0.7,0.17,0.28,0.07,4714,SD 
306,Willi Castro ,175,21,4,16,3,0.246,0.293,43,8,2,9,44,0.385,0.678,0.01,0.01,0.01,5997,DET 
307,Leury Garcia ,189,23,3,18,3,0.24,0.281,45,8,1,10,43,0.339,0.62,0.01,0.01,0.01,4539,CWS 
308,Nick Gordon ,155,18,3,15,5,0.251,0.297,39,7,2,9,38,0.381,0.678,0.01,0.01,0.0,5960,MIN 
309,Harold Ramirez ,137,18,4,18,2,0.257,0.319,35,7,0,11,0,0.408,0.727,0.02,0.02,0.01,5959,TB 
310,Oscar Mercado ,138,19,4,16,4,0.236,0.296,33,7,1,11,29,0.39,0.686,0.01,0.01,0.02,4967,CLE 
311,Adam Engel ,150,19,4,15,5,0.233,0.291,35,9,1,9,42,0.386,0.677,0.0,0.0,0.0,6234,CWS 
312,Alcides Escobar ,201,22,3,19,2,0.241,0.286,49,10,1,10,39,0.341,0.628,0.01,0.01,0.0,3031,WSH 
313,Robinson Cano ,175,19,5,21,0,0.245,0.294,43,8,0,11,31,0.385,0.68,0.01,0.0,0.01,3865,SD 
314,Alex Dickerson ,131,18,6,19,0,0.246,0.316,32,6,0,11,33,0.443,0.759,0.0,0.0,0.0,5655,ATL 
315,Emmanuel Rivera ,157,19,5,19,1,0.244,0.295,38,7,1,10,34,0.397,0.692,0.0,0.0,0.0,44159,KC 
316,Jacob Stallings ,199,22,4,24,0,0.232,0.306,46,9,0,20,48,0.341,0.646,0.02,0.02,0.02,6310,MIA 
317,Eli White ,162,21,4,16,6,0.213,0.286,34,6,1,15,53,0.338,0.623,0.01,0.01,0.0,8216,TEX 
318,Yadier Molina ,195,19,4,22,1,0.24,0.277,47,8,0,9,34,0.352,0.629,0.09,0.08,0.11,4020,STL 
319,Jose Siri ,132,18,4,15,6,0.222,0.275,29,6,1,8,49,0.381,0.656,0.0,0.0,0.0,5727,HOU 
320,Jose Barrero ,125,17,4,16,3,0.248,0.308,31,7,1,9,34,0.413,0.721,0.01,0.01,0.0,7218,CIN 
321,Brett Phillips ,140,19,5,16,7,0.187,0.276,26,5,1,17,57,0.346,0.622,0.01,0.01,0.0,5969,TB 
322,Geraldo Perdomo ,199,24,3,18,3,0.229,0.32,45,7,2,25,50,0.327,0.647,0.01,0.01,0.0,43732,ARI 
323,Cristian Pache ,227,24,5,21,3,0.205,0.255,47,9,1,15,69,0.322,0.577,0.01,0.01,0.01,7653,OAK 
324,Jason Heyward ,158,20,4,18,2,0.236,0.313,37,6,1,16,34,0.369,0.682,0.0,0.0,0.01,3459,CHC 
325,James McCann ,169,19,5,20,1,0.23,0.292,39,7,0,12,52,0.366,0.658,0.03,0.04,0.02,5563,NYM 
326,Johan Camargo ,144,17,5,19,0,0.25,0.312,36,7,1,13,33,0.412,0.724,0.0,0.0,0.01,6533,PHI 
327,Keston Hiura ,121,17,6,17,2,0.223,0.308,27,5,0,11,46,0.418,0.726,0.01,0.01,0.01,7180,MIL 
328,Ryan Jeffers ,163,20,7,21,0,0.209,0.288,34,7,0,16,57,0.383,0.671,0.02,0.02,0.01,8660,MIN 
329,Steven Duggar ,149,18,3,16,4,0.234,0.301,35,8,1,14,48,0.372,0.672,0.0,0.0,0.0,7065,TEX 
330,Taylor Walls ,182,22,4,16,6,0.2,0.29,36,8,1,22,55,0.318,0.608,0.01,0.01,0.0,43756,TB 
331,Dylan Moore ,103,15,4,12,7,0.21,0.308,22,4,1,12,33,0.374,0.682,0.02,0.03,0.01,6484,SEA 
332,Jose Miranda ,128,16,5,17,0,0.261,0.306,33,8,0,7,20,0.428,0.734,0.04,0.06,0.02,44244,MIN 
333,Harold Castro ,166,17,3,16,1,0.265,0.294,44,7,1,7,37,0.373,0.667,0.02,0.03,0.01,5033,DET 
334,Tyler Wade ,135,18,2,11,8,0.221,0.289,30,6,0,12,37,0.313,0.601,0.02,0.02,0.02,5990,LAA 
335,Bryan De La Cruz ,142,17,4,16,1,0.253,0.308,36,6,1,11,36,0.387,0.695,0.0,0.0,0.0,44192,MIA 
336,Kyle Isbel ,130,16,3,14,4,0.247,0.303,32,6,1,9,33,0.38,0.683,0.0,0.0,0.0,8285,KC 
337,Joey Bart ,163,20,5,18,1,0.223,0.29,36,6,0,12,53,0.366,0.657,0.04,0.05,0.04,7956,SF 
338,Corey Dickerson ,140,17,4,16,1,0.251,0.299,35,7,1,9,28,0.395,0.694,0.0,0.0,0.01,4072,STL 
339,Salvador Perez ,112,14,6,18,0,0.242,0.285,27,6,0,5,29,0.467,0.753,0.92,0.93,0.92,4147,KC 
340,Matt Vierling ,124,16,4,14,3,0.243,0.302,30,6,0,9,32,0.382,0.685,0.01,0.01,0.0,10043,PHI 
341,Eric Haase ,142,17,6,19,1,0.213,0.274,30,5,1,11,50,0.398,0.672,0.02,0.03,0.02,7567,DET 
342,Albert Almora Jr. ,123,15,3,16,1,0.267,0.298,33,6,0,6,23,0.389,0.687,0.02,0.03,0.02,4668,CIN 
343,Kyle Higashioka ,132,16,7,19,0,0.208,0.263,28,6,0,9,39,0.399,0.662,0.02,0.02,0.02,6168,NYY 
344,Triston Casas ,107,16,4,15,1,0.248,0.329,27,6,1,12,28,0.441,0.77,0.04,0.07,0.01,6997,BOS 
345,Austin Hedges ,187,19,7,22,1,0.191,0.247,36,5,0,12,57,0.33,0.577,0.0,0.0,0.0,4680,CLE 
346,Yan Gomes ,127,15,5,16,0,0.248,0.297,32,6,0,8,30,0.416,0.714,0.01,0.02,0.01,4522,CHC 
347,Yu Chang ,136,16,5,17,1,0.226,0.285,31,7,1,10,40,0.4,0.685,0.0,0.0,0.0,5034,PIT 
348,Luis Guillorme ,146,19,2,12,1,0.264,0.353,39,6,0,20,30,0.344,0.697,0.05,0.06,0.04,6758,NYM 
349,Edwin Rios ,95,14,6,16,0,0.229,0.293,22,4,0,8,35,0.454,0.746,0.02,0.03,0.01,7414,LAD 
350,Lars Nootbaar ,112,15,4,14,2,0.238,0.314,27,4,0,12,26,0.385,0.699,0.0,0.0,0.0,44339,STL 
351,Albert Pujols ,118,13,5,18,1,0.232,0.29,27,4,0,8,21,0.396,0.686,0.02,0.02,0.03,3027,STL 
352,Travis Demeritte ,103,15,6,14,1,0.228,0.29,23,4,0,9,39,0.436,0.727,0.0,0.0,0.0,4981,ATL 
353,Donovan Solano ,120,15,3,14,0,0.276,0.326,33,7,1,8,25,0.416,0.742,0.01,0.01,0.0,4591,CIN 
354,Francisco Mejia ,133,16,4,17,0,0.236,0.286,32,7,1,7,29,0.401,0.687,0.03,0.04,0.02,5998,TB 
355,Aledmys Diaz ,131,15,4,17,0,0.244,0.303,32,6,0,9,26,0.387,0.69,0.01,0.02,0.01,5460,HOU 
356,TJ Friedl ,110,15,3,12,3,0.243,0.315,27,4,0,10,23,0.365,0.68,0.0,0.0,0.0,8358,CIN 
357,Martin Maldonado ,195,23,6,22,0,0.184,0.267,36,7,0,19,63,0.324,0.59,0.01,0.01,0.01,4351,HOU 
358,Cal Raleigh ,127,14,6,17,1,0.213,0.27,27,6,0,9,35,0.403,0.673,0.03,0.04,0.01,8457,SEA 
359,Kelvin Gutierrez ,154,16,3,16,2,0.233,0.291,36,5,1,12,43,0.345,0.636,0.0,0.0,0.0,7666,BAL 
360,Gilberto Celestino ,125,16,3,13,1,0.259,0.318,32,6,0,11,31,0.387,0.705,0.0,0.0,0.0,10042,MIN 
361,Vidal Brujan ,107,13,2,11,6,0.228,0.29,25,6,1,9,21,0.352,0.642,0.02,0.03,0.01,10035,TB 
362,Tyler Nevin ,116,15,4,15,1,0.231,0.303,27,5,0,11,28,0.368,0.671,0.0,0.0,0.0,8294,BAL 
363,Christian Arroyo ,111,14,4,14,1,0.238,0.292,26,6,0,6,28,0.4,0.692,0.0,0.0,0.0,5036,BOS 
364,Josh VanMeter ,108,14,4,13,2,0.225,0.31,24,5,1,13,31,0.396,0.705,0.0,0.0,0.0,6641,PIT 
365,Jose Trevino ,116,13,3,14,1,0.247,0.284,29,5,0,6,24,0.376,0.66,0.12,0.17,0.07,7023,NYY 
366,Matt Reynolds ,97,13,3,12,2,0.252,0.32,24,4,1,9,0,0.415,0.735,0.01,0.01,0.0,5859,CIN 
367,Brent Rooker ,98,14,5,14,0,0.221,0.308,22,5,0,10,36,0.428,0.736,0.0,0.0,0.0,7318,SD 
368,Cooper Hummel ,111,15,4,13,1,0.227,0.338,25,5,1,17,31,0.389,0.726,0.0,0.0,0.0,44594,ARI 
369,Edmundo Sosa ,122,15,2,12,2,0.245,0.299,30,5,1,6,27,0.36,0.659,0.0,0.0,0.0,6587,STL 
370,DJ Stewart ,96,13,5,13,1,0.218,0.323,21,4,0,14,30,0.411,0.733,0.0,0.0,0.0,7406,BAL 
371,Matt Duffy ,123,14,1,11,2,0.268,0.336,33,5,0,11,25,0.341,0.676,0.01,0.01,0.0,5032,LAA 
372,Brennen Davis ,92,13,4,12,1,0.239,0.315,22,4,1,9,30,0.425,0.74,0.02,0.04,0.01,43673,CHC 
373,Luis Rengifo ,112,14,3,12,2,0.234,0.297,26,4,1,9,24,0.374,0.671,0.01,0.01,0.0,8153,LAA 
374,Greg Allen ,89,12,2,9,4,0.242,0.32,22,4,1,7,22,0.355,0.675,0.0,0.0,0.0,6777,PIT 
375,Luis Torrens ,114,13,4,14,0,0.233,0.294,27,5,0,9,31,0.38,0.674,0.01,0.01,0.01,6629,SEA 
376,Bradley Zimmer ,104,14,3,10,4,0.21,0.299,22,4,0,10,41,0.349,0.647,0.0,0.0,0.0,5967,TOR 
377,Reese McGuire ,136,16,3,13,1,0.229,0.285,31,7,0,10,30,0.345,0.629,0.0,0.0,0.0,4941,CWS 
378,Cole Tucker ,133,15,2,12,3,0.222,0.289,30,6,1,12,34,0.335,0.624,0.0,0.0,0.0,5985,ARI 
379,Mike Brosseau ,90,12,4,12,1,0.237,0.313,21,4,0,9,27,0.409,0.722,0.0,0.0,0.0,8485,MIL 
380,Derek Hill ,106,12,2,9,4,0.232,0.287,25,4,1,7,34,0.359,0.646,0.0,0.0,0.0,10000,DET 
381,Curt Casali ,118,14,4,14,0,0.22,0.304,26,5,0,13,37,0.361,0.665,0.01,0.01,0.01,5533,SF 
382,Victor Reyes ,88,10,2,9,2,0.268,0.305,24,4,1,4,21,0.397,0.702,0.0,0.0,0.0,7369,DET 
383,C.J. Abrams ,85,11,2,9,3,0.242,0.296,21,5,0,6,19,0.363,0.658,0.1,0.15,0.04,19879,SD 
384,Tucker Barnhart ,174,15,3,16,0,0.226,0.296,39,7,0,16,45,0.323,0.619,0.02,0.02,0.01,4847,DET 
385,Victor Caratini ,93,12,3,12,0,0.243,0.329,23,4,0,11,24,0.376,0.705,0.01,0.01,0.0,5080,MIL 
386,Dom Nunez ,108,14,5,14,0,0.198,0.296,21,4,0,15,40,0.377,0.673,0.0,0.0,0.0,5020,COL 
387,Colton Welker ,84,11,3,11,0,0.257,0.316,22,4,1,7,20,0.422,0.738,0.0,0.0,0.0,7250,COL 
388,Hanser Alberto ,93,11,2,10,1,0.268,0.292,25,5,0,2,11,0.383,0.675,0.0,0.0,0.0,5644,LAD 
389,Austin Barnes ,98,14,3,12,1,0.217,0.307,21,4,0,11,27,0.358,0.665,0.01,0.01,0.01,5633,LAD 
390,Niko Goodrum ,95,12,3,10,3,0.209,0.281,20,4,0,9,33,0.357,0.638,0.0,0.0,0.0,6751,HOU 
391,Alfonso Rivas ,117,14,2,13,0,0.237,0.32,28,6,0,13,33,0.345,0.666,0.01,0.01,0.0,44183,CHC 
392,Rodolfo Castro ,90,10,4,12,1,0.226,0.276,20,4,0,6,25,0.39,0.667,0.0,0.0,0.0,8553,PIT 
393,Riley Adams ,105,13,4,12,0,0.217,0.308,23,4,0,11,39,0.375,0.684,0.0,0.0,0.0,43678,WSH 
394,Ernie Clement ,124,14,1,10,2,0.242,0.294,30,6,0,8,19,0.314,0.608,0.0,0.0,0.0,8532,CLE 
395,Matt Beaty ,93,12,2,12,1,0.241,0.313,22,5,1,7,19,0.385,0.698,0.0,0.0,0.0,7673,SD 
396,Isaac Paredes ,87,12,3,11,0,0.242,0.327,21,4,0,11,16,0.416,0.743,0.07,0.1,0.04,10050,TB 
397,Richie Palacios ,78,10,2,9,2,0.26,0.335,20,6,0,8,17,0.4,0.735,0.0,0.0,0.0,44377,CLE 
398,Nomar Mazara ,78,10,3,11,0,0.25,0.311,20,4,0,6,21,0.413,0.725,0.01,0.02,0.01,5913,SD 
399,Michael Hermosillo ,78,11,3,10,2,0.216,0.307,17,3,0,8,27,0.396,0.703,0.0,0.0,0.0,7078,CHC 
400,Lewin Diaz ,79,10,4,12,0,0.235,0.286,18,3,0,5,19,0.432,0.718,0.0,0.0,0.0,26308,MIA 
401,Kevin Plawecki ,101,12,2,12,0,0.245,0.316,25,5,0,9,19,0.374,0.689,0.0,0.0,0.0,5684,BOS 
402,Tomas Nido ,125,12,3,14,0,0.224,0.262,28,5,1,6,34,0.337,0.599,0.0,0.0,0.0,6539,NYM 
403,Andrew Knizner ,108,12,2,12,1,0.228,0.302,25,4,0,10,23,0.336,0.638,0.01,0.01,0.01,7107,STL 
404,Kyle Garlick ,75,10,4,11,0,0.226,0.278,17,4,0,5,25,0.433,0.712,0.0,0.0,0.0,8515,MIN 
405,Mauricio Dubon ,89,11,2,10,1,0.251,0.296,22,4,1,6,17,0.383,0.679,0.01,0.01,0.01,6615,HOU 
406,Ehire Adrianza ,92,12,2,10,1,0.238,0.308,22,5,0,8,21,0.363,0.671,0.0,0.0,0.0,5316,WSH 
407,Stephen Vogt ,113,13,4,13,0,0.205,0.282,23,5,0,12,31,0.366,0.647,0.0,0.0,0.0,4087,OAK 
408,Alejo Lopez ,77,10,1,8,1,0.286,0.348,22,3,0,7,12,0.368,0.716,0.0,0.0,0.0,8683,CIN 
409,Diego Castillo ,83,10,3,10,1,0.232,0.296,19,4,0,7,0,0.385,0.681,0.01,0.02,0.0,9984,PIT 
410,Orlando Arcia ,72,9,2,9,1,0.264,0.323,19,3,0,6,14,0.414,0.737,0.12,0.19,0.06,4860,ATL 
411,Sam Huff ,77,9,4,10,0,0.235,0.286,18,4,0,6,28,0.437,0.723,0.01,0.01,0.0,43641,TEX 
412,Edward Olivares ,61,8,2,8,2,0.263,0.317,16,3,0,4,13,0.421,0.739,0.05,0.09,0.01,7536,KC 
413,Pedro Severino ,82,9,3,11,0,0.24,0.306,20,4,0,8,22,0.394,0.7,0.0,0.0,0.0,5844,MIL 
414,Robinson Chirinos ,119,13,4,14,0,0.196,0.291,23,6,1,13,42,0.358,0.649,0.0,0.0,0.0,3866,BAL 
415,Leody Taveras ,79,10,2,8,3,0.222,0.29,17,3,1,7,23,0.363,0.653,0.0,0.0,0.0,39153,TEX 
416,David Bote ,63,8,3,9,1,0.238,0.32,15,3,1,7,17,0.422,0.742,0.0,0.0,0.0,7663,CHC 
417,Jason Vosler ,66,9,3,8,0,0.238,0.301,16,2,0,6,17,0.392,0.693,0.0,0.0,0.0,7623,SF 
418,Travis Swaggerty ,69,9,2,7,2,0.236,0.305,16,3,1,7,19,0.376,0.682,0.0,0.0,0.0,7500,PIT 
419,Ben Rortvedt ,96,11,3,11,0,0.212,0.279,20,4,0,8,29,0.354,0.633,0.0,0.0,0.0,8534,NYY 
420,Zack Collins ,75,10,3,10,0,0.208,0.31,16,3,0,11,28,0.391,0.7,0.01,0.01,0.01,5022,TOR 
421,Charlie Culberson ,71,9,2,8,1,0.233,0.281,17,3,1,4,19,0.362,0.642,0.0,0.0,0.0,4462,TEX 
422,Marwin Gonzalez ,73,9,2,8,1,0.23,0.296,17,4,0,6,19,0.362,0.658,0.01,0.01,0.01,4336,NYY 
423,Sergio Alcantara ,93,11,2,9,1,0.218,0.296,20,3,1,10,26,0.329,0.625,0.0,0.0,0.0,5710,SD 
424,Daz Cameron ,62,8,2,7,2,0.232,0.302,14,4,0,5,19,0.385,0.687,0.0,0.0,0.0,6018,DET 
425,Mason Martin ,58,8,3,9,0,0.217,0.285,13,3,0,5,22,0.419,0.704,0.0,0.0,0.0,7910,PIT 
426,Matt Carpenter ,61,9,3,9,0,0.211,0.328,13,3,0,10,21,0.396,0.723,0.05,0.07,0.04,4386,NYY 
427,Tucupita Marcano ,76,10,1,7,1,0.248,0.312,19,5,0,7,13,0.34,0.653,0.01,0.01,0.0,43731,PIT 
428,Tim Locastro ,51,8,1,5,3,0.235,0.316,12,2,0,4,11,0.362,0.679,0.0,0.0,0.0,7329,NYY 
429,Jack Mayfield ,69,8,2,9,1,0.222,0.273,15,3,0,4,17,0.376,0.649,0.0,0.0,0.0,7625,LAA 
430,Jason Castro ,79,10,3,9,0,0.199,0.304,16,3,0,11,29,0.351,0.655,0.0,0.0,0.0,3454,HOU 
431,Aramis Garcia ,84,9,3,9,0,0.21,0.259,18,3,0,5,28,0.357,0.616,0.0,0.0,0.0,6199,CIN 
432,Ryan McKenna ,74,9,2,8,1,0.223,0.301,16,3,0,8,25,0.348,0.649,0.0,0.0,0.0,8020,BAL 
433,Nolan Jones ,57,8,2,7,1,0.23,0.321,13,3,0,7,20,0.392,0.713,0.01,0.01,0.0,10128,CLE 
434,Jose Herrera ,85,10,2,8,1,0.212,0.291,18,3,0,9,23,0.31,0.601,0.0,0.0,0.0,44302,ARI 
435,Kurt Suzuki ,80,9,2,9,0,0.23,0.299,18,3,0,6,16,0.362,0.661,0.0,0.0,0.0,3650,LAA 
436,Gabriel Arias ,59,7,2,7,0,0.252,0.302,15,3,0,4,15,0.388,0.69,0.0,0.0,0.0,10084,CLE 
437,Shed Long Jr. ,57,7,2,7,1,0.233,0.3,13,3,1,5,17,0.407,0.707,0.0,0.0,0.0,8080,BAL 
438,Taylor Trammell ,63,8,2,8,1,0.205,0.285,13,3,0,7,22,0.358,0.644,0.01,0.01,0.01,6417,SEA 
439,Luis Barrera ,84,8,1,7,2,0.229,0.287,19,4,0,7,20,0.323,0.609,0.0,0.0,0.0,8147,OAK 
440,Donovan Walton ,66,9,2,7,0,0.228,0.296,15,4,0,6,12,0.379,0.675,0.0,0.0,0.0,10091,SF 
441,Jake Marisnick ,59,7,2,7,1,0.219,0.276,13,3,1,4,20,0.372,0.649,0.0,0.0,0.0,4557,PIT 
442,Ryan O'Hearn ,57,7,2,8,0,0.228,0.3,13,2,0,5,17,0.397,0.697,0.0,0.0,0.0,6681,KC 
443,Mickey Moniak ,57,7,2,7,1,0.218,0.275,12,2,0,4,17,0.372,0.647,0.0,0.0,0.0,8368,PHI 
444,Chris Owings ,67,8,2,6,2,0.199,0.27,13,3,1,6,23,0.339,0.609,0.0,0.0,0.0,4258,NYY 
445,Guillermo Heredia ,69,9,2,7,0,0.219,0.302,15,4,0,7,18,0.355,0.657,0.0,0.0,0.0,6057,ATL 
446,Luke Raley ,45,6,2,6,1,0.226,0.298,10,2,0,3,15,0.39,0.688,0.0,0.0,0.0,8040,TB 
447,Miguel Andujar ,44,6,2,6,0,0.26,0.296,11,2,0,2,8,0.431,0.727,0.01,0.01,0.0,6570,NYY 
448,Jake Lamb ,53,7,2,8,0,0.211,0.305,11,2,0,6,17,0.369,0.675,0.0,0.0,0.0,5546,LAD 
449,Jose Azocar ,43,6,1,5,1,0.246,0.314,11,2,0,4,0,0.403,0.717,0.0,0.0,0.0,9972,SD 
450,Roman Quinn ,44,6,1,4,3,0.215,0.289,9,1,0,4,14,0.299,0.587,0.0,0.0,0.0,4823,KC 
451,Austin Allen ,57,6,2,7,0,0.235,0.282,13,3,0,3,15,0.404,0.686,0.0,0.0,0.0,7385,OAK 
452,Bryan Lavastida ,40,6,1,5,1,0.242,0.312,10,2,0,4,10,0.382,0.693,0.0,0.0,0.0,44355,CLE 
453,Michael Harris II ,34,5,1,5,1,0.256,0.321,9,2,0,3,0,0.435,0.756,0.55,0.66,0.43,43924,ATL 
454,P.J. Higgins ,55,7,1,7,0,0.234,0.308,13,0,0,6,14,0.289,0.597,0.0,0.0,0.0,8502,CHC 
455,Billy McKinney ,57,7,2,7,0,0.204,0.283,12,3,1,6,17,0.379,0.661,0.0,0.0,0.0,4965,OAK 
456,Nick Allen ,66,7,1,6,1,0.226,0.279,15,3,0,4,15,0.336,0.615,0.0,0.0,0.0,40272,OAK 
457,Max Schrock ,43,5,1,5,1,0.25,0.303,11,2,0,3,9,0.387,0.69,0.0,0.0,0.0,6483,CIN 
458,Heliot Ramos ,46,6,1,5,1,0.235,0.293,11,2,0,3,14,0.365,0.658,0.01,0.01,0.0,10033,SF 
459,Juan Lagares ,50,6,1,5,1,0.243,0.283,12,2,0,3,13,0.353,0.636,0.0,0.0,0.0,4263,LAA 
460,Jose Rojas ,49,6,2,6,0,0.224,0.285,11,2,0,4,13,0.391,0.675,0.0,0.0,0.0,8617,LAA 
461,Wilmer Difo ,54,6,1,5,1,0.241,0.304,13,2,1,5,13,0.358,0.662,0.0,0.0,0.0,5657,ARI 
462,Oscar Gonzalez ,42,6,1,5,0,0.259,0.321,11,2,0,3,0,0.427,0.748,0.07,0.08,0.06,44912,CLE 
463,Hoy Park ,44,6,1,5,1,0.235,0.336,10,2,0,6,11,0.368,0.704,0.0,0.0,0.0,44226,PIT 
464,Drew Ellis ,51,6,2,6,0,0.212,0.3,11,3,0,6,17,0.363,0.664,0.0,0.0,0.0,7412,SEA 
465,Garrett Stubbs ,45,6,1,5,1,0.224,0.306,10,2,0,5,11,0.35,0.656,0.0,0.0,0.0,6761,PHI 
466,Lewis Brinson ,45,5,1,6,1,0.222,0.274,10,2,0,3,13,0.372,0.646,0.0,0.0,0.0,4834,HOU 
467,Patrick Mazeika ,52,6,2,6,0,0.22,0.283,11,2,0,4,11,0.355,0.638,0.0,0.0,0.0,7601,NYM 
468,Mario Feliciano ,39,5,2,5,0,0.223,0.268,9,2,0,2,12,0.382,0.65,0.0,0.0,0.0,43664,MIL 
469,Travis Jankowski ,44,6,0,3,2,0.238,0.326,11,1,0,6,11,0.28,0.606,0.0,0.0,0.0,5825,NYM 
470,Andrew Stevenson ,41,5,1,4,1,0.244,0.302,10,3,0,3,12,0.366,0.668,0.0,0.0,0.0,7098,WSH 
471,Ryan Vilade ,35,4,1,4,1,0.254,0.308,9,2,0,2,7,0.35,0.658,0.0,0.0,0.0,7483,COL 
472,Dustin Garneau ,44,5,2,6,0,0.201,0.277,9,2,0,4,14,0.378,0.655,0.0,0.0,0.0,5824,DET 
473,Gosuke Katoh ,39,5,1,4,1,0.228,0.305,9,2,0,4,11,0.352,0.657,0.0,0.0,0.0,9966,NYM 
474,Luke Maile ,67,8,1,6,0,0.206,0.286,14,3,0,7,22,0.303,0.588,0.0,0.0,0.0,5834,CLE 
475,Jared Oliva ,37,4,1,4,1,0.234,0.294,9,2,1,3,11,0.376,0.67,0.0,0.0,0.0,10188,PIT 
476,Alan Trejo ,41,5,1,5,0,0.244,0.286,10,2,0,2,11,0.401,0.687,0.0,0.0,0.0,8563,COL 
477,Sandy Leon ,67,6,2,7,0,0.199,0.264,13,2,0,5,20,0.322,0.587,0.0,0.0,0.0,4618,CIN 
478,Michael Perez ,67,6,2,7,0,0.195,0.268,13,3,0,6,21,0.325,0.594,0.0,0.0,0.0,8029,PIT 
479,Andrew Knapp ,56,6,1,6,0,0.208,0.303,12,2,0,7,20,0.31,0.613,0.0,0.0,0.0,4996,SEA 
480,Jacob Nottingham ,41,5,1,5,1,0.197,0.265,8,2,0,3,16,0.345,0.61,0.0,0.0,0.0,5982,BAL 
481,Jake Bauers ,25,4,1,3,1,0.231,0.314,6,1,0,3,7,0.374,0.687,0.0,0.0,0.0,5090,NYY 
482,Richie Martin ,47,5,1,4,1,0.222,0.284,10,2,1,3,13,0.344,0.629,0.0,0.0,0.0,6607,BAL 
483,Brian Serven ,27,4,1,4,0,0.254,0.322,7,1,0,2,0,0.433,0.755,0.01,0.01,0.01,8505,COL 
484,Tyler Heineman ,34,5,1,4,0,0.235,0.305,8,2,0,3,0,0.395,0.7,0.0,0.0,0.0,5148,PIT 
485,Nick Fortes ,34,5,1,4,0,0.246,0.313,8,2,0,3,7,0.389,0.702,0.01,0.01,0.0,8673,MIA 
486,Yonny Hernandez ,37,5,0,3,2,0.228,0.332,8,1,0,5,8,0.28,0.613,0.0,0.0,0.0,8614,ARI 
487,Skye Bolt ,37,4,1,4,1,0.215,0.293,8,2,0,4,12,0.344,0.636,0.0,0.0,0.0,8156,OAK 
488,Cam Gallagher ,46,5,1,4,0,0.244,0.304,11,3,0,4,9,0.361,0.665,0.0,0.0,0.0,6582,KC 
489,Estevan Florial ,27,4,1,3,1,0.211,0.283,6,1,0,3,10,0.36,0.643,0.0,0.0,0.0,6852,NYY 
490,Willians Astudillo ,29,3,1,4,0,0.268,0.301,8,1,0,1,2,0.397,0.698,0.0,0.0,0.0,7055,MIA 
491,Josh Jung ,28,4,1,4,0,0.258,0.324,7,2,0,2,7,0.441,0.765,0.02,0.03,0.01,23130,TEX 
492,Yusniel Diaz ,42,5,1,5,0,0.206,0.272,9,2,0,4,14,0.333,0.605,0.0,0.0,0.0,6031,BAL 
493,Evan White ,29,4,1,4,0,0.222,0.28,7,1,0,2,9,0.384,0.664,0.0,0.0,0.0,7225,SEA 
494,Daniel Johnson ,29,4,1,4,0,0.224,0.289,7,2,0,2,10,0.378,0.667,0.0,0.0,0.0,8181,NYM 
495,Romy Gonzalez ,22,3,1,3,1,0.228,0.283,5,1,0,2,7,0.392,0.675,0.0,0.0,0.0,44875,CWS 
496,Phil Gosselin ,27,4,1,3,0,0.248,0.302,7,1,0,2,7,0.353,0.655,0.0,0.0,0.0,5531,ATL 
497,Michael Stefanic ,31,4,1,3,0,0.262,0.325,8,2,0,2,5,0.382,0.706,0.0,0.0,0.0,44937,LAA 
498,Cal Mitchell ,34,4,1,4,0,0.243,0.31,8,2,0,3,0,0.416,0.726,0.01,0.01,0.0,8017,PIT 
499,Zach McKinstry ,27,4,1,4,0,0.227,0.286,6,1,0,2,7,0.354,0.641,0.0,0.0,0.0,10153,LAD 
500,Adam Haseley ,35,4,1,4,0,0.238,0.291,8,1,0,3,8,0.352,0.644,0.0,0.0,0.0,7164,CWS 
501,Anthony Bemboom ,62,6,1,6,0,0.186,0.259,12,2,0,6,18,0.282,0.541,0.0,0.0,0.0,7072,BAL 
502,Jake Cave ,29,4,1,3,0,0.226,0.292,7,1,0,2,10,0.336,0.627,0.0,0.0,0.0,5957,MIN 
503,Zach Reks ,29,4,1,3,0,0.23,0.302,7,2,0,3,11,0.364,0.666,0.0,0.0,0.0,43943,TEX 
504,Mike Ford ,20,3,1,3,0,0.242,0.319,5,1,0,2,0,0.408,0.727,0.0,0.0,0.0,7365,ATL 
505,Ezequiel Duran ,24,3,1,3,0,0.252,0.317,6,1,0,2,0,0.432,0.75,0.14,0.22,0.06,43722,TEX 
506,Luis Campusano ,28,3,1,3,0,0.245,0.301,7,1,0,2,7,0.367,0.668,0.01,0.01,0.0,7455,SD 
507,Cody Thomas ,31,3,1,4,0,0.213,0.278,7,2,0,3,12,0.393,0.671,0.0,0.0,0.0,43944,OAK 
508,Matt Thaiss ,25,3,1,3,0,0.223,0.307,6,1,0,3,7,0.378,0.685,0.0,0.0,0.0,6942,LAA 
509,Curtis Terry ,25,3,1,3,0,0.226,0.287,6,2,0,2,7,0.387,0.674,0.0,0.0,0.0,44348,MIN 
510,Billy Hamilton ,28,3,0,2,2,0.201,0.255,6,1,0,2,9,0.253,0.509,0.0,0.0,0.0,4636,MIA 
511,Luke Williams ,32,4,0,3,1,0.228,0.292,7,1,0,3,8,0.31,0.602,0.0,0.0,0.0,43628,MIA 
512,Monte Harrison ,14,2,1,2,1,0.206,0.271,3,1,0,1,6,0.384,0.655,0.0,0.0,0.0,7240,LAA 
513,Jake Hager ,39,4,1,4,0,0.197,0.254,8,1,0,3,13,0.291,0.545,0.0,0.0,0.0,6671,ARI 
514,Yairo Munoz ,23,3,1,2,0,0.256,0.292,6,1,0,1,5,0.367,0.659,0.0,0.0,0.0,5999,PHI 
515,Payton Henry ,43,4,1,4,0,0.21,0.28,9,2,0,3,15,0.324,0.604,0.0,0.0,0.0,8494,MIA 
516,Rob Refsnyder ,22,3,1,3,0,0.245,0.316,5,1,0,2,6,0.4,0.717,0.0,0.0,0.0,5673,BOS 
517,Taylor Jones ,22,3,1,3,0,0.234,0.304,5,1,0,2,7,0.393,0.698,0.0,0.0,0.0,8437,HOU 
518,Rene Pinto ,22,3,1,3,0,0.225,0.266,5,1,0,1,7,0.369,0.635,0.0,0.0,0.0,43755,TB 
519,Austin Romine ,26,3,1,3,0,0.226,0.263,6,1,0,1,8,0.34,0.602,0.0,0.0,0.0,3074,STL 
520,Nick Maton ,26,3,1,3,0,0.222,0.299,6,1,0,3,8,0.352,0.651,0.0,0.0,0.0,43955,PHI 
521,Nick Plummer ,29,4,1,3,0,0.208,0.303,6,2,0,4,11,0.334,0.637,0.0,0.0,0.0,6043,NYM 
522,Donovan Casey ,19,2,1,2,1,0.218,0.262,4,1,0,1,7,0.339,0.601,0.0,0.0,0.0,10152,WSH 
523,John Nogowski ,20,3,1,2,0,0.247,0.331,5,1,0,2,4,0.351,0.681,0.0,0.0,0.0,43660,WSH 
524,Christin Stewart ,23,3,1,3,0,0.229,0.313,5,1,0,2,8,0.418,0.731,0.0,0.0,0.0,6832,BOS 
525,Rylan Bannon ,27,3,1,3,0,0.22,0.294,6,1,0,3,7,0.365,0.659,0.0,0.0,0.0,8006,BAL 
526,Isan Diaz ,30,4,1,3,0,0.209,0.295,6,1,0,3,9,0.331,0.626,0.0,0.0,0.0,5995,SF 
527,Magneuris Sierra ,35,4,0,2,1,0.221,0.266,8,2,0,2,8,0.267,0.533,0.0,0.0,0.0,6048,LAA 
528,Chad Wallach ,37,4,1,4,0,0.186,0.277,7,1,0,4,14,0.301,0.578,0.0,0.0,0.0,6639,LAA 
529,Jose Peraza ,21,3,1,2,0,0.257,0.308,5,1,0,1,3,0.392,0.7,0.0,0.0,0.0,5186,NYY 
530,Ildemaro Vargas ,25,3,1,2,0,0.24,0.28,6,1,0,1,4,0.38,0.659,0.0,0.0,0.0,6583,WSH 
531,Greg Bird ,20,3,1,3,0,0.219,0.296,4,1,0,2,6,0.438,0.735,0.0,0.0,0.0,5721,NYY 
532,Tres Barrera ,28,3,1,3,0,0.226,0.302,6,2,0,3,7,0.357,0.659,0.0,0.0,0.0,8516,WSH 
533,Lucius Fox ,28,3,0,3,1,0.21,0.292,6,1,0,3,8,0.297,0.589,0.0,0.0,0.0,6053,WSH 
534,Yermin Mercedes ,15,2,1,2,0,0.25,0.307,4,1,0,1,3,0.419,0.726,0.0,0.0,0.0,7089,SF 
535,Khalil Lee ,18,3,1,2,0,0.212,0.317,4,1,0,2,7,0.334,0.651,0.0,0.0,0.0,6915,NYM 
536,Jake Rogers ,21,3,1,3,0,0.205,0.279,4,1,0,2,8,0.339,0.618,0.0,0.0,0.0,7321,DET 
537,Chance Sisco ,25,3,1,3,0,0.206,0.303,5,1,0,3,9,0.328,0.631,0.0,0.0,0.0,5039,MIN 
538,Kody Clemens ,29,3,1,3,0,0.217,0.275,6,2,0,2,8,0.354,0.629,0.0,0.0,0.0,10049,DET 
539,Jose Devers ,28,3,0,3,0,0.248,0.306,7,1,0,2,6,0.333,0.638,0.0,0.0,0.0,7355,MIA 
540,Seby Zavala ,29,3,1,4,0,0.185,0.247,5,1,0,2,12,0.346,0.593,0.0,0.0,0.0,7878,CWS 
541,Korey Lee ,13,2,1,2,0,0.238,0.297,3,1,0,1,3,0.408,0.706,0.0,0.0,0.0,20414,HOU 
542,Connor Wong ,13,2,1,2,0,0.238,0.272,3,1,0,1,4,0.399,0.672,0.0,0.0,0.0,8335,BOS 
543,Jermaine Palacios ,13,2,1,2,0,0.244,0.313,3,1,0,1,0,0.411,0.724,0.0,0.0,0.0,44046,MIN 
544,Matt Davidson ,17,2,1,2,0,0.241,0.311,4,1,0,2,0,0.416,0.727,0.0,0.0,0.0,4530,OAK 
545,Ronald Guzman ,17,2,1,2,0,0.216,0.284,4,1,0,2,5,0.356,0.641,0.0,0.0,0.0,5680,NYY 
546,Elehuris Montero ,17,2,1,2,0,0.255,0.308,4,1,0,1,4,0.452,0.76,0.01,0.01,0.0,39212,COL 
547,Austin Dean ,17,2,1,2,0,0.235,0.299,4,1,0,2,5,0.375,0.674,0.0,0.0,0.0,7571,SF 
548,Zack Short ,17,2,1,2,0,0.206,0.298,4,1,0,2,6,0.357,0.655,0.0,0.0,0.0,8500,DET 
549,Scott Kingery ,20,3,1,2,0,0.217,0.273,4,1,0,2,7,0.351,0.624,0.0,0.0,0.0,6742,PHI 
550,Wyatt Mathisen ,20,3,1,2,0,0.218,0.311,4,1,0,2,7,0.381,0.691,0.0,0.0,0.0,8124,SF 
551,Alex Blandino ,28,3,1,2,0,0.207,0.308,6,1,0,3,9,0.303,0.611,0.0,0.0,0.0,7885,SEA 
552,Tim Beckham ,14,2,1,2,0,0.237,0.293,3,1,0,1,4,0.395,0.688,0.0,0.0,0.0,4503,MIN 
553,Hunter Owen ,14,2,1,2,0,0.196,0.281,3,1,0,1,6,0.353,0.634,0.0,0.0,0.0,44235,PIT 
554,Erik Gonzalez ,18,2,1,2,0,0.241,0.313,4,1,0,2,0,0.406,0.719,0.0,0.0,0.0,5228,MIA 
555,Oswaldo Cabrera ,18,2,1,2,0,0.235,0.283,4,1,0,1,5,0.409,0.692,0.0,0.0,0.0,8549,NYY 
556,Brendon Davis ,18,2,1,2,0,0.231,0.287,4,1,0,1,5,0.382,0.669,0.0,0.0,0.0,44502,DET 
557,Delino DeShields ,21,3,0,2,1,0.211,0.294,4,1,0,2,6,0.303,0.597,0.0,0.0,0.0,4518,ATL 
558,Tyler Freeman ,17,2,0,2,0,0.28,0.327,5,1,0,1,2,0.394,0.721,0.0,0.0,0.0,10024,CLE 
559,Alex Jackson ,15,2,1,2,0,0.186,0.267,3,0,0,1,7,0.347,0.613,0.0,0.0,0.0,5687,MIL 
560,Micker Adolfo ,15,2,1,2,0,0.222,0.283,3,1,0,1,6,0.448,0.732,0.0,0.0,0.0,6949,CWS 
561,Brett Cumberland ,15,2,1,2,0,0.191,0.295,3,1,0,2,6,0.344,0.639,0.0,0.0,0.0,7896,BAL 
562,Mark Kolozsvary ,15,2,1,2,0,0.193,0.278,3,1,0,1,6,0.335,0.613,0.0,0.0,0.0,43988,CIN 
563,Brett Sullivan ,19,2,1,2,0,0.227,0.284,4,1,0,2,3,0.393,0.677,0.0,0.0,0.0,7838,SD 
564,Shea Langeliers ,6,1,1,1,0,0.261,0.32,2,0,0,1,2,0.522,0.842,0.01,0.01,0.0,8246,OAK 
565,Willie Calhoun ,37,6,0,5,0,0.125,0.206,5,0,0,3,6,0.168,0.374,0.01,0.01,0.01,7005,SF 
566,Trayce Thompson ,16,2,1,2,0,0.18,0.25,3,0,0,2,7,0.331,0.581,0.0,0.0,0.0,4777,LAD 
567,Vimael Machin ,28,3,0,3,0,0.23,0.306,6,2,0,3,7,0.334,0.64,0.0,0.0,0.0,40894,OAK 
568,Drew Waters ,14,2,0,1,1,0.243,0.297,3,1,0,1,5,0.378,0.676,0.01,0.01,0.0,7224,ATL 
569,Pablo Reyes ,19,2,0,2,0,0.235,0.292,5,1,0,2,4,0.362,0.654,0.0,0.0,0.0,8074,MIL 
570,Otto Lopez ,19,2,0,2,0,0.259,0.311,5,1,0,1,4,0.366,0.677,0.0,0.0,0.0,10618,TOR 
571,Trent Giambrone ,17,2,1,2,0,0.193,0.251,3,1,0,1,6,0.322,0.573,0.0,0.0,0.0,8506,CHC 
572,Josh Palacios ,22,3,0,2,0,0.224,0.291,5,1,0,2,6,0.334,0.625,0.0,0.0,0.0,43676,WSH 
573,Rafael Marchan ,20,2,0,2,0,0.233,0.289,5,1,0,2,4,0.334,0.623,0.0,0.0,0.0,43920,PHI 
574,Jaylin Davis ,9,1,1,1,0,0.234,0.29,2,0,0,1,3,0.463,0.754,0.0,0.0,0.0,26894,BOS 
575,David Dahl ,17,2,0,2,0,0.248,0.295,4,1,0,1,4,0.37,0.666,0.0,0.0,0.0,4698,MIL 
576,Dalton Kelly ,10,1,1,1,0,0.216,0.293,2,1,0,1,3,0.432,0.725,0.0,0.0,0.0,6573,OAK 
577,Jonathan Aranda ,14,2,0,2,0,0.248,0.304,3,1,0,1,3,0.389,0.694,0.01,0.01,0.0,45018,TB 
578,Blake Rutherford ,18,2,0,2,0,0.234,0.279,4,1,0,1,5,0.331,0.609,0.0,0.0,0.0,6476,CWS 
579,Greg Deichmann ,12,2,0,1,0,0.209,0.294,3,1,0,1,4,0.363,0.657,0.0,0.0,0.0,10040,CHC 
580,Eguy Rosario ,12,2,0,1,0,0.246,0.306,3,1,0,1,3,0.315,0.621,0.0,0.0,0.0,10119,SD 
581,Stuart Fairchild ,12,2,0,1,0,0.229,0.289,3,1,0,1,3,0.327,0.616,0.0,0.0,0.0,43929,CIN 
582,Nelson Velazquez ,12,1,0,2,0,0.244,0.294,3,1,0,1,4,0.428,0.722,0.0,0.0,0.0,45006,CHC 
583,Kevin Padlo ,11,2,0,2,0,0.188,0.275,2,0,0,1,4,0.305,0.58,0.0,0.0,0.0,5987,SEA 
584,Jeter Downs ,15,2,0,2,0,0.223,0.283,3,1,0,1,4,0.352,0.636,0.01,0.01,0.01,7262,BOS 
585,Jose Godoy ,15,2,0,2,0,0.236,0.291,3,0,0,1,3,0.346,0.637,0.0,0.0,0.0,8521,MIN 
586,Ali Sanchez ,19,2,0,2,0,0.24,0.285,4,1,0,1,4,0.315,0.6,0.0,0.0,0.0,8389,DET 
587,Mark Mathias ,6,1,0,1,0,0.244,0.312,2,0,0,1,0,0.42,0.733,0.0,0.0,0.0,8364,MIL 
588,Jhonny Pereda ,6,1,0,1,0,0.261,0.32,2,0,0,1,1,0.261,0.581,0.0,0.0,0.0,43764,SF 
589,Jonathan Arauz ,13,2,0,1,0,0.235,0.293,3,1,0,1,3,0.313,0.606,0.0,0.0,0.0,9947,BAL 
590,Jonah Bride ,13,2,0,1,0,0.233,0.32,3,0,0,1,3,0.367,0.687,0.0,0.0,0.0,44998,OAK 
591,Tony Wolters ,16,2,0,2,0,0.205,0.28,3,1,0,2,4,0.272,0.552,0.0,0.0,0.0,5596,LAD 
592,Tyler White ,3,1,0,1,0,0.167,0.286,1,0,0,1,1,0.167,0.452,0.0,0.0,0.0,6232,MIL 
593,Jordan Groshans ,11,1,0,1,0,0.238,0.296,3,1,0,1,3,0.365,0.661,0.01,0.01,0.0,7927,TOR 
594,Oswald Peraza ,11,1,0,1,0,0.25,0.297,3,1,0,1,3,0.339,0.637,0.01,0.01,0.0,43749,NYY 
595,Christian Lopes ,4,1,0,1,0,0.242,0.312,1,0,0,0,0,0.414,0.726,0.0,0.0,0.0,4849,OAK 
596,Ivan Castillo ,4,1,0,1,0,0.286,0.286,1,0,0,0,1,0.286,0.571,0.0,0.0,0.0,43630,KC 
597,Rob Brantly ,8,1,0,1,0,0.219,0.3,2,0,0,1,2,0.309,0.609,0.0,0.0,0.0,4588,NYY 
598,Kyle Stowers ,8,1,0,1,0,0.227,0.291,2,0,0,1,3,0.394,0.684,0.0,0.0,0.0,22314,BAL 
599,Austin Wynns ,8,1,0,1,0,0.248,0.318,2,0,0,1,0,0.42,0.738,0.0,0.0,0.0,6725,SF 
600,Jamie Ritchie ,8,1,0,1,0,0.226,0.321,2,1,0,1,2,0.324,0.645,0.0,0.0,0.0,7632,PIT 
601,Jonathan Davis ,8,1,0,1,0,0.19,0.268,2,0,0,1,3,0.257,0.525,0.0,0.0,0.0,7638,MIL 
602,Steele Walker ,8,1,0,1,0,0.241,0.313,2,0,0,1,0,0.418,0.73,0.0,0.0,0.0,40732,TEX 
603,JJ Bleday ,8,1,0,1,0,0.229,0.309,2,1,0,1,2,0.338,0.647,0.01,0.01,0.0,24863,MIA 
604,Chadwick Tromp ,8,1,0,1,0,0.208,0.248,2,0,0,0,2,0.264,0.512,0.0,0.0,0.0,43989,ATL 
605,Gabriel Moreno ,8,1,0,1,0,0.248,0.318,2,0,0,1,0,0.419,0.736,0.18,0.27,0.09,44003,TOR 
606,Ryan Kreidler ,8,1,0,1,0,0.21,0.27,2,1,0,1,2,0.394,0.664,0.0,0.0,0.0,44371,DET 
607,Donny Sands ,8,1,0,1,0,0.253,0.309,2,1,0,1,2,0.377,0.686,0.0,0.0,0.0,44944,PHI 
608,Sebastian Rivero ,12,1,0,1,0,0.221,0.271,3,1,0,1,3,0.351,0.622,0.0,0.0,0.0,10030,KC 
609,Jason Krizan ,5,1,0,1,0,0.244,0.316,1,0,0,1,0,0.417,0.732,0.0,0.0,0.0,6263,SF 
610,Tim Lopes ,5,1,0,1,0,0.246,0.277,1,0,0,0,1,0.256,0.533,0.0,0.0,0.0,6511,COL 
611,Joe Dunand ,5,1,0,1,0,0.247,0.317,1,0,0,0,0,0.426,0.743,0.0,0.0,0.0,7840,ATL 
612,Eddy Alvarez ,5,1,0,1,0,0.246,0.315,1,0,0,0,0,0.418,0.732,0.0,0.0,0.0,8587,LAD 
613,Aaron Whitefield ,5,1,0,1,0,0.241,0.31,1,0,0,0,0,0.412,0.723,0.0,0.0,0.0,8619,LAA 
614,Michael Papierski ,5,1,0,1,0,0.242,0.312,1,0,0,1,0,0.414,0.726,0.0,0.0,0.0,43934,CIN 
615,Clay Dungan ,5,1,0,1,0,0.258,0.273,1,0,0,0,1,0.276,0.549,0.0,0.0,0.0,44161,KC 
616,Esteban Quiroz ,9,1,0,1,0,0.233,0.311,2,1,0,1,3,0.371,0.682,0.0,0.0,0.0,7339,CHC 
617,Jack Lopez ,9,1,0,1,0,0.229,0.278,2,1,0,1,3,0.325,0.603,0.0,0.0,0.0,7534,DET 
618,Josh Smith ,9,1,0,1,0,0.25,0.324,2,0,0,1,0,0.423,0.746,0.01,0.01,0.01,24017,TEX 
619,Sam Haggerty ,9,1,0,1,0,0.244,0.315,2,0,0,1,0,0.416,0.731,0.0,0.0,0.0,8227,SEA 
620,Simon Muzziotti ,9,1,0,1,0,0.238,0.294,2,1,0,1,2,0.331,0.625,0.0,0.0,0.0,44070,PHI 
621,Ender Inciarte ,13,1,0,1,0,0.232,0.295,3,1,0,1,3,0.3,0.596,0.0,0.0,0.0,5309,NYM 
622,Webster Rivas ,13,1,0,1,0,0.224,0.283,3,1,0,1,3,0.327,0.61,0.0,0.0,0.0,7852,SD 
623,Nick Ciuffo ,6,1,0,1,0,0.174,0.24,1,0,0,1,2,0.174,0.414,0.0,0.0,0.0,4954,CWS 
624,Travis Blankenhorn ,6,1,0,1,0,0.201,0.245,1,0,0,0,2,0.265,0.51,0.0,0.0,0.0,39166,NYM 
625,Mark Vientos ,6,1,0,1,0,0.207,0.248,1,0,0,0,2,0.344,0.592,0.0,0.0,0.0,6940,NYM 
626,Meibrys Viloria ,6,1,0,1,0,0.217,0.28,1,0,0,1,2,0.217,0.497,0.0,0.0,0.0,6945,TEX 
627,Andrew Young ,6,1,0,1,0,0.204,0.278,1,1,0,0,2,0.433,0.71,0.0,0.0,0.0,8184,WSH 
628,Alex De Goti ,6,1,0,1,0,0.21,0.276,1,1,0,1,2,0.314,0.59,0.0,0.0,0.0,8433,HOU 
629,Jake Noll ,10,1,0,1,0,0.236,0.261,2,1,0,0,2,0.397,0.658,0.0,0.0,0.0,8520,WSH 
630,Pedro Leon ,10,1,0,1,0,0.225,0.292,2,1,0,1,3,0.364,0.656,0.0,0.0,0.0,44326,HOU 
631,Taylor Davis ,14,1,0,1,0,0.216,0.273,3,1,0,1,2,0.255,0.528,0.0,0.0,0.0,6249,PIT 
632,Chris Okey ,4,1,0,0,0,0.245,0.315,1,0,0,0,0,0.417,0.732,0.0,0.0,0.0,8357,CIN 
633,Vinny Capra ,4,1,0,0,0,0.246,0.317,1,0,0,0,0,0.419,0.736,0.0,0.0,0.0,45568,TOR 
634,Peyton Burdick ,7,1,0,1,0,0.21,0.296,1,0,0,1,3,0.286,0.582,0.0,0.0,0.0,43754,MIA 
635,Corey Ray ,11,1,0,1,0,0.204,0.259,2,1,0,1,4,0.312,0.571,0.0,0.0,0.0,6473,MIL 
636,Logan Warmoth ,5,1,0,0,0,0.197,0.295,1,0,0,1,2,0.231,0.526,0.0,0.0,0.0,7173,TOR 
637,Grayson Greiner ,12,1,0,1,0,0.199,0.261,2,0,0,1,4,0.364,0.625,0.0,0.0,0.0,6697,ARI 
638,Taylor Motter ,3,0,0,0,0,0.245,0.314,1,0,0,0,0,0.418,0.733,0.0,0.0,0.0,5891,CIN 
639,Adrian Sanchez ,3,0,0,0,0,0.254,0.277,1,0,0,0,1,0.278,0.555,0.0,0.0,0.0,7233,WSH 
640,J.J. Matijevic ,3,0,0,0,0,0.243,0.313,1,0,0,0,0,0.416,0.729,0.0,0.0,0.0,44401,HOU 
641,Dairon Blanco ,4,0,0,0,0,0.247,0.316,1,0,0,0,0,0.419,0.735,0.0,0.0,0.0,6839,KC 
642,Canaan Smith-Njigba ,4,0,0,0,0,0.246,0.317,1,0,0,0,0,0.421,0.738,0.0,0.0,0.0,44143,PIT 
643,Mark Contreras ,4,0,0,0,0,0.243,0.312,1,0,0,0,0,0.416,0.729,0.0,0.0,0.0,45555,MIN 
644,Brewer Hicklen ,1,0,0,0,0,0.245,0.315,0,0,0,0,0,0.419,0.734,0.0,0.0,0.0,8322,KC 
645,Kramer Robertson ,1,0,0,0,0,0.246,0.315,0,0,0,0,0,0.42,0.736,0.0,0.0,0.0,8662,ATL 
646,Ka'ai Tom ,1,0,0,0,0,0.246,0.315,0,0,0,0,0,0.42,0.736,0.0,0.0,0.0,10006,SF 
647,Joe Perez ,1,0,0,0,0,0.246,0.315,0,0,0,0,0,0.42,0.736,0.0,0.0,0.0,44399,HOU 
648,Jorge Ona ,5,0,0,0,0,0.234,0.295,1,1,0,0,1,0.383,0.678,0.0,0.0,0.0,39235,SD 
649,JT Riddle ,2,0,0,0,0,0.246,0.316,0,0,0,0,0,0.42,0.735,0.0,0.0,0.0,6202,NYM 
650,Drew Jackson ,2,0,0,0,0,0.245,0.314,0,0,0,0,0,0.419,0.733,0.0,0.0,0.0,7121,OAK 
651,Jason Delay ,2,0,0,0,0,0.245,0.316,0,0,0,0,0,0.419,0.735,0.0,0.0,0.0,8231,PIT 
652,Ronnie Dawson ,2,0,0,0,0,0.245,0.314,0,0,0,0,0,0.419,0.733,0.0,0.0,0.0,8430,CIN 
653,Dillon Thomas ,2,0,0,0,0,0.245,0.317,0,0,0,0,0,0.419,0.737,0.0,0.0,0.0,10018,HOU 
,Shohei Ohtani ,285,52,19,49,10,0.258,0.348,73,15,2,37,93,0.518,0.866,0.0,0.0,0.0,7812,LAA 
,Shohei Ohtani ,285,52,19,49,10,0.258,0.348,73,15,2,37,93,0.518,0.866,0.0,0.0,0.0,7812,LAA 
,Ivan Herrera ,0,0,0,0,0,0.0,0.0,0,0,0,0,0,0.0,0.0,0.0,0.0,0.0,43691,STL 
,Mickey McDonald ,3,0,0,0,0,0.244,0.316,1,0,0,0,0,0.418,0.734,0.0,0.0,0.0,45470,OAK 
